is_remote,is_fulltime,exp_encoded,title_encoded,has_skills,views,applies,apply_rate,skill_python,skill_sql,skill_excel,skill_tableau,skill_power_bi,skill_machine_learning,skill_aws,skill_spark,skill_r_programming,skill_statistics,target,target_encoded,salary_final,title,company_name
1,1,1,6,0,25.0,5.0,0.1923,0,0,0,0,0,0,0,0,0,0,High,2,155000.0,Technical Product and IT Manager for Data Center Dedicated Server Leasing,Unknown Company
0,1,1,8,0,3.0,0.0,0.0,0,0,1,0,0,0,0,0,0,0,Low,0,35000.0,Accounts Analyst,McNaughton Bros. Inc.
0,0,1,0,0,4.0,0.0,0.0,0,1,0,0,0,0,0,0,0,0,Mid,1,70000.0,Technical Business Analyst,CapAcuity
0,1,1,8,0,24.0,1.0,0.04,0,0,1,0,0,0,0,0,0,0,Low,0,45760.0,Receptionist/Data Entry,PB Built
1,1,1,2,0,38.0,18.0,0.4615,0,0,0,0,0,0,0,0,0,0,High,2,216320.0,Senior Data Engineer/Analyst - Full Time,Unknown Company
0,1,1,8,0,32.0,1.0,0.0303,0,0,1,0,0,0,0,0,0,0,Mid,1,60000.0,Data Processor,MDI Imaging & Mail
0,1,1,7,0,12.0,0.0,0.0,1,0,0,0,0,1,0,0,0,0,High,2,250000.0,Senior Machine Learning Research Engineer,Symbolica AI
0,0,1,8,0,34.0,0.0,0.0,0,0,1,0,0,0,0,0,0,0,High,2,135200.0,EV/Cash Flow Analyst,"Smith & Associates, LLC."
0,1,1,8,0,25.0,8.0,0.3077,0,0,1,0,0,0,0,0,0,0,Low,0,33280.0,Data Entry Specialist,Acro Service Corp
0,1,1,8,0,2.0,0.0,0.0,0,0,0,0,0,0,0,0,0,0,Mid,1,119600.0,Battery R&D Scientist,NextGen Battery Technologies
0,1,3,2,0,40.0,11.0,0.2683,1,1,0,0,0,0,1,1,0,0,High,2,120000.0,Azure Data Engineer (Full time),Publicis Sapient
0,1,1,8,0,13.0,7.0,0.5,0,1,1,0,0,0,1,0,0,0,Mid,1,97500.0,Database Administrator (BOCA RATON),Ledgent Technology
1,0,1,8,0,41.0,13.0,0.3095,0,1,0,0,0,0,0,0,0,0,Mid,1,87360.0,Data Management Analyst,EPITEC
0,1,3,9,0,40.0,13.0,0.3171,1,1,0,1,1,0,0,0,0,1,Mid,1,91500.0,"Senior Analyst, Data & Analytics",Quigley-Simpson
0,1,3,8,0,7.0,0.0,0.0,0,0,0,0,0,0,0,0,0,0,Mid,1,82500.0,Banking Operations Systems Analyst,Fortis Bank
0,0,2,8,0,7.0,0.0,0.0,0,0,1,0,1,0,0,0,0,0,Low,0,57959.2,HRIS & People Data Administrator,Corps Team
0,1,2,8,0,3.0,0.0,0.0,0,0,0,0,0,0,1,0,0,0,Mid,1,92500.0,Fair Lending Compliance Analyst,Partnership Employment
0,0,2,5,0,18.0,3.0,0.1579,0,0,1,0,0,0,1,0,0,1,Low,0,59800.0,Financial Analyst,Aya Healthcare
0,1,1,8,0,22.0,7.0,0.3043,0,0,0,0,0,0,0,0,0,0,Low,0,55000.0,Renewable Energy Administrative Data Coordinator,Virginia Department of Environmental Quality
0,1,1,8,0,2.0,0.0,0.0,0,1,1,0,0,0,0,0,0,0,Low,0,52500.0,Index Bond Pricing Analyst,Dexian
0,1,3,8,0,34.0,4.0,0.1143,0,0,0,0,0,0,0,0,0,0,Mid,1,118560.0,HRIS Analyst,Vaco
0,0,1,8,0,27.0,8.0,0.2857,0,0,1,0,0,0,0,0,0,0,Mid,1,64480.0,Intern: Truck Financial Services Sales Support Analyst (Summer 2024),Volvo Financial Services
1,0,3,8,0,149.0,22.0,0.1467,0,0,0,0,0,0,0,0,0,0,Mid,1,93600.0,Workforce Strategy and Analytics Consultant (321719),"IDR, Inc."
1,1,2,8,0,1179.0,297.0,0.2517,0,0,1,0,0,0,0,0,0,0,Mid,1,75737.5,Inventory Analyst,Babylist
0,1,3,9,0,40.0,6.0,0.1463,0,0,0,0,0,0,0,0,0,0,Mid,1,62400.0,Senior Associate Research Scientist II,Planet Pharma
1,0,3,1,0,258.0,61.0,0.2355,0,1,1,0,0,0,1,0,0,0,Mid,1,114400.0,"Senior Data Analyst - AI Training (Remote, Contract)",Outlier
0,1,3,9,0,5.0,0.0,0.0,0,0,0,0,0,0,0,0,0,0,Mid,1,112500.0,Senior Business Systems Analyst,TeamSoft
0,1,3,8,0,16.0,2.0,0.1176,1,0,0,0,0,1,0,0,0,0,High,2,190000.0,Data Team Lead,Storm2
0,1,3,8,0,8.0,0.0,0.0,0,0,0,0,0,0,0,0,0,0,Mid,1,74620.0,Budget Analyst,Maricopa County
0,1,2,8,0,83.0,30.0,0.3571,0,1,1,0,0,0,0,0,0,1,Mid,1,63500.0,Business Intelligence Analyst,Insight Global
0,1,3,8,0,7.0,0.0,0.0,0,0,0,0,0,0,0,0,0,0,High,2,122500.0,Fraud Prevention Officer (Data Position),Social Capital Resources
0,1,2,8,0,19.0,3.0,0.15,1,1,1,0,0,0,0,0,0,1,Mid,1,85596.92,Performance Management Analyst,Chicago Transit Authority
0,0,3,0,0,26.0,8.0,0.2963,0,0,1,0,0,0,0,0,0,0,Mid,1,70833.0,Business Analyst,Metropolitan Transportation Authority
0,1,2,7,0,5.0,0.0,0.0,0,0,1,0,0,0,1,0,0,0,Mid,1,70000.0,Anti-Money Laundering Analyst (AML),Forrest Solutions
1,1,3,9,0,40.0,9.0,0.2195,0,0,1,0,0,0,1,0,0,0,Mid,1,81370.0,"Senior Government Operations Analyst, Tariffs",Lumen Technologies
0,1,3,9,0,39.0,9.0,0.225,1,1,0,0,0,0,0,0,0,1,Mid,1,107500.0,Senior Risk Analytics Associate,Social Capital Resources
0,1,1,9,0,251.0,37.0,0.1468,0,0,0,0,0,0,1,0,0,0,High,2,150000.0,Senior Scientist I (Assay Development),GigaGen Inc
0,1,2,8,0,24.0,1.0,0.04,0,0,0,1,0,0,1,0,0,0,Mid,1,108000.0,Budget Analyst,Texas Department of Information Resources
1,1,3,8,0,123.0,22.0,0.1774,0,0,0,0,0,0,0,0,0,0,Mid,1,118560.0,HRIS Analyst | Remote,Vaco
0,1,1,8,0,20.0,3.0,0.1429,1,1,1,0,0,0,1,0,0,0,Mid,1,60000.0,Technical Analyst,Inductive Automation
1,0,3,8,0,130.0,26.0,0.1985,0,0,0,0,0,0,0,0,0,0,High,2,169520.0, Information Technology Epic Beaker Application Analyst 2,Smart IT Frame LLC
1,0,2,8,0,88.0,27.0,0.3034,0,0,1,0,0,0,0,0,0,0,Mid,1,109200.0,Business System Analyst IT Applications -merchandise planning,TekWissen ®
1,1,3,2,0,260.0,102.0,0.3908,0,1,0,1,0,0,0,0,0,0,Mid,1,110000.0,Data Engineer,Robert Half
0,1,3,0,0,30.0,7.0,0.2258,0,0,1,0,0,0,0,0,0,0,Mid,1,115510.0,Business Analyst III,L.A. Care Health Plan
0,1,3,8,0,5.0,0.0,0.0,0,1,1,0,0,0,0,0,0,0,High,2,121794.0,Sr Programmer Analyst Oracle EBS,CooperVision
0,1,1,8,0,5.0,0.0,0.0,0,0,0,0,0,0,0,0,0,0,Mid,1,64450.0,Measurement Tech Analyst,Evergy
0,0,3,8,0,52.0,5.0,0.0943,0,0,1,0,0,0,0,0,0,0,Mid,1,72800.0,Ethics Program Analyst,VeeAR Projects Inc.
0,1,3,6,0,22.0,0.0,0.0,0,1,0,0,0,0,0,0,1,0,Mid,1,109387.2,Hybrid - Data & Analytics Manager (Information Technology Manager 1),Ohio Department of Mental Health & Addiction Services
0,1,3,8,0,2.0,0.0,0.0,0,1,0,1,1,0,0,0,0,0,High,2,130000.0,Data Warehouse Architect,Pikemann
0,1,3,0,0,49.0,15.0,0.3,0,0,0,0,0,0,0,0,0,0,Mid,1,100445.0,Business Analyst II,L.A. Care Health Plan
0,1,3,6,0,22.0,4.0,0.1739,0,1,1,0,0,0,0,0,0,1,High,2,156880.435,Manager of Health Analytics,Partnership HealthPlan of California
0,1,3,9,0,51.0,4.0,0.0769,0,0,0,0,0,0,1,0,0,1,High,2,183500.0,"Senior Manager, Data and Science",Verana Health
1,0,2,8,0,243.0,61.0,0.25,0,0,1,0,0,0,0,0,0,0,Low,0,39520.0,Database Administrator,Indotronix Avani Group
0,0,3,1,0,186.0,72.0,0.385,0,0,1,0,0,0,0,0,0,0,Mid,1,80080.0,Data Analyst - Expert with Excel,OpTech
1,0,1,8,0,200.0,74.0,0.3682,0,0,1,1,1,0,0,0,0,0,Mid,1,93600.0,Marketing Analyst,24 Seven Talent
0,0,3,0,0,247.0,68.0,0.2742,0,0,1,0,0,0,0,0,0,0,High,2,135200.0,Business Analyst,Apex Systems
0,1,3,8,0,60.0,7.0,0.1148,1,0,1,0,0,0,1,0,0,0,High,2,210000.0,Sr. Embedded Site Reliability Engineer (Samsung Ads),Samsung Electronics America
0,1,3,8,0,29.0,1.0,0.0333,0,0,1,0,0,0,0,0,0,0,Mid,1,88000.0,"Application Scientist II, Technical Services",Exact Sciences
0,1,3,8,0,33.0,6.0,0.1765,0,0,1,1,0,0,0,0,0,0,Mid,1,105000.0,Embedded Threat Analyst Team Leader,Sibylline Ltd
0,0,1,8,0,9.0,0.0,0.0,0,0,0,0,0,0,0,0,0,0,Mid,1,63336.0,Cable Technician Data center technician,Experis
0,0,2,8,0,54.0,12.0,0.2182,1,1,1,1,0,1,0,0,0,1,High,2,120640.0,Business Intelligence Engineer II ,TekWissen ®
0,0,1,8,0,22.0,2.0,0.087,0,0,0,0,0,0,0,0,0,0,Mid,1,83200.0,Analytical Scientist II,"Yoh, A Day & Zimmermann Company"
0,0,2,8,0,63.0,14.0,0.2188,1,1,1,1,0,0,0,0,0,0,High,2,120640.0,Business Intelligence Engineer II ,TekWissen ®
0,1,1,8,0,53.0,5.0,0.0926,0,0,1,0,0,0,1,0,0,0,Mid,1,69000.0,Sales Operations Analyst,MUNICIPAL CO.
0,1,1,8,0,6.0,0.0,0.0,0,0,1,0,0,0,0,0,0,0,Mid,1,79872.0,"IT Analyst Principle Trainer, Revenue Cycle (EMR) Training",UVA Health
0,1,1,0,0,30.0,1.0,0.0323,0,1,1,0,0,0,0,0,0,0,High,2,155000.0,Oracle Business Analyst,Calfus Inc.
0,0,3,8,0,2.0,0.0,0.0,0,0,1,0,0,0,0,0,0,0,Mid,1,72800.0,Credit Collection Analyst,"First Tek, Inc."
1,1,3,8,0,13.0,2.0,0.1429,0,0,1,0,0,0,0,0,0,0,Mid,1,76788.0,Procurement Analyst,California Department of Managed Health Care
0,1,1,8,0,21.0,2.0,0.0909,0,0,0,0,0,0,0,0,0,0,Mid,1,110232.15,DNA Analyst,"Adams County Sheriff's Office, Colorado"
0,1,3,5,0,20.0,2.0,0.0952,0,1,1,0,0,0,0,0,0,0,Mid,1,82500.0,Financial Analyst,Himalayan Dog Chew
0,0,3,1,0,143.0,44.0,0.3056,0,1,1,1,0,1,1,0,0,0,Mid,1,83200.0,Data Analyst,Acro Service Corp
0,0,3,1,0,12.0,1.0,0.0769,1,0,0,0,0,1,0,0,0,1,Mid,1,60555.0,Research Data Analyst 1 (75% FTE/Hybrid Opportunity),Stanford University
0,1,3,2,0,10.0,0.0,0.0,1,1,0,0,0,1,1,0,0,0,High,2,199500.0,Chief Data Engineer,Noblis
0,1,3,8,0,5.0,0.0,0.0,0,0,0,0,0,0,0,0,0,0,Low,0,57336.0,STAFF SERVICES ANALYST,Employment Development Department
0,1,1,9,0,4.0,0.0,0.0,0,0,0,0,0,0,0,0,0,0,Mid,1,101000.0,Business Relations Senior Analyst,Deloitte
0,1,3,8,0,4.0,0.0,0.0,0,0,0,0,0,0,0,0,0,0,Mid,1,82500.0,Scientist (Immunology),Piper Companies
0,1,3,8,0,6.0,0.0,0.0,0,1,0,1,0,0,0,0,0,0,High,2,135200.0,Data Reporting Team Lead,Piper Companies
0,1,1,2,0,17.0,2.0,0.1111,1,1,0,0,0,0,1,1,0,0,High,2,140000.0,Data Engineer,Piper Companies
0,1,3,8,0,6.0,0.0,0.0,0,0,0,0,0,0,1,0,0,0,Mid,1,97000.0,Bacteriology Scientist II,Piper Companies
1,1,1,8,0,5.0,0.0,0.0,0,0,1,0,0,0,0,0,0,0,Mid,1,94350.0,"Supervisor, Membership Data Integrity",Centene Corporation
1,1,3,8,0,8.0,1.0,0.1111,0,1,0,0,0,0,1,0,0,0,High,2,150000.0,Lead Development and Analytics Engineer,Piper Companies
0,1,1,8,0,10.0,0.0,0.0,0,0,0,0,0,0,0,0,0,0,Mid,1,79040.0,Quality Control Microbiology Analyst,Piper Companies
0,1,3,8,0,44.0,3.0,0.0667,0,0,0,0,0,0,1,0,0,1,Mid,1,101700.0,Business Strategy Analyst (Payments),Discover Financial Services
0,1,3,5,0,16.0,2.0,0.1176,0,0,1,0,0,0,0,0,0,0,High,2,120750.0,Senior Financial Analyst,Sempra Infrastructure
0,1,3,8,0,7.0,0.0,0.0,0,0,1,0,0,0,1,0,0,0,High,2,122500.0,Sr. Cyber Security Analyst - Threat Hunter,Piper Companies
1,1,1,8,0,18.0,4.0,0.2105,0,0,0,0,0,0,0,0,0,0,Mid,1,75550.0,Business Process Analyst II,Centene Corporation
1,1,1,8,0,6.0,0.0,0.0,0,1,0,0,0,0,0,0,0,0,High,2,130000.0,Cyber Security Analyst II,Piper Companies
0,1,1,2,0,30.0,4.0,0.129,1,1,1,0,0,0,1,0,0,0,High,2,135000.0,Data Engineer,Piper Companies
0,1,3,5,0,11.0,2.0,0.1667,0,0,1,0,0,0,0,0,0,0,High,2,120750.0,Senior Financial Analyst,Sempra Infrastructure
0,1,1,8,0,6.0,0.0,0.0,0,0,0,0,0,0,0,0,0,0,Mid,1,83200.0,QC Analyst (Micro),Piper Companies
1,1,1,4,0,7.0,0.0,0.0,0,0,0,0,0,0,0,0,0,0,High,2,184350.0,"Senior Director, Reporting & Business Analytics",Centene Corporation
0,1,1,3,0,4.0,0.0,0.0,1,0,1,0,0,1,1,0,0,1,High,2,177000.0,Senior Data Scientist 3 - Nonproliferation,Pacific Northwest National Laboratory
0,1,3,8,0,4.0,0.0,0.0,0,0,0,0,0,0,0,0,0,0,Mid,1,83200.0,"Loyola Medicine - Medical Lab Scientist Virtual Hiring Event, Wednesday, April 24th 2024",Trinity Health
1,1,3,8,0,4.0,0.0,0.0,0,1,1,0,0,0,1,1,0,0,High,2,162000.0,Data Architect,Live Nation Entertainment
0,1,3,8,0,15.0,0.0,0.0,0,0,1,0,0,0,0,0,0,0,Mid,1,104700.0,Product Maintenance Engineer,The Contingent
0,0,3,5,0,15.0,0.0,0.0,0,0,1,0,0,0,0,0,0,0,High,2,122720.0,Information Technology Financial Analyst,Computech Corporation
0,0,3,8,0,14.0,3.0,0.2,0,0,1,0,1,0,0,0,0,0,Mid,1,99840.0,IT Planning Analyst,Salt
0,1,1,3,0,18.0,0.0,0.0,0,1,0,0,0,1,1,0,0,1,High,2,208000.0,Principal Data Scientist,Zocdoc
0,1,3,8,0,5.0,0.0,0.0,0,0,1,0,0,0,0,0,0,0,High,2,153797.5,Team Leader- Data Strategy,Edward Jones
0,0,3,8,0,34.0,5.0,0.1429,0,0,1,0,0,0,0,0,0,0,Low,0,45760.0,Supply Chain Analyst - Consumer Goods,WhiteCap Search
1,1,3,8,0,23.0,1.0,0.0417,0,0,1,0,0,0,0,0,0,0,High,2,153797.5,Team Leader- Data Strategy,Edward Jones
1,1,3,9,0,7.0,0.0,0.0,0,0,1,0,0,0,0,0,0,0,High,2,135000.0,Senior Field Application Scientist ,Telesis Bio
0,1,3,8,0,11.0,0.0,0.0,0,0,1,0,0,0,0,0,0,0,High,2,153797.5,Team Leader- Data Strategy,Edward Jones
0,0,0,8,0,67.0,26.0,0.3824,0,0,1,0,0,0,0,0,0,0,Low,0,47840.0,Business Operations Analyst - Intern,Siteimprove
1,1,1,8,0,54.0,19.0,0.3455,0,0,1,0,0,0,0,0,0,0,Mid,1,65500.0,Client Finance Analyst I,Precision Medicine Group
0,1,2,5,0,108.0,31.0,0.2844,0,0,1,1,0,0,0,0,0,0,Mid,1,75000.0,Financial Analyst,Veolia Water Technologies & Solutions
1,1,3,8,0,26.0,0.0,0.0,0,0,1,0,0,0,0,0,0,0,Mid,1,67000.0,(US) Sr. Solutions Analyst - TAM Customer Support,PointClickCare
0,1,3,8,0,57.0,13.0,0.2241,0,0,1,0,0,0,1,0,0,0,Mid,1,67300.0,Compliance Analyst,John Hancock
0,0,1,8,0,209.0,60.0,0.2857,0,1,0,0,0,0,0,0,0,0,Mid,1,60320.0,JUNIOR MANUAL QA ANALYST - CONTRACT - REMOTE - USC OR GC  NO C2C NO C2H,System Soft Technologies
1,1,1,9,0,55.0,11.0,0.1964,1,1,0,1,1,0,1,0,0,0,Mid,1,110150.0,IT Systems Analyst Senior/Lead,Progressive Insurance
0,1,3,9,0,6.0,0.0,0.0,1,0,0,0,0,1,1,0,0,0,High,2,198000.0,"Senior Sw Development Engineer, AWS SDK for Python",Amazon Web Services (AWS)
0,1,1,8,0,21.0,1.0,0.0455,1,0,0,0,0,1,0,0,0,0,High,2,179100.0,"Applied Scientist, Alexa Sensitive Content Intelligence (ASCI)",Amazon
0,1,3,9,0,5.0,0.0,0.0,0,1,1,0,0,0,0,0,0,0,Mid,1,101050.0,"Program Manager- Senior Reliability, Maintenance, and Engineering (RME) Planner, Global Planning Team",Amazon
0,1,1,8,0,6.0,1.0,0.1429,1,0,1,0,0,1,1,0,0,0,High,2,152300.0,"Systems Development Engineer, Maintenance Automation Platform",Amazon
0,1,3,6,0,11.0,1.0,0.0833,0,1,1,0,0,1,0,0,0,1,High,2,200950.0,"Sr. Manager, Business Intelligence , Community Operations",Amazon
0,1,1,3,0,27.0,6.0,0.2143,1,1,0,0,0,1,0,0,0,0,High,2,162200.0,"Data Scientist, PeopleInsight",Amazon
0,1,3,5,0,2.0,0.0,0.0,0,0,1,0,0,0,0,0,0,0,High,2,125000.0,Senior Accountant/Senior Financial Analyst,Vaco
0,0,2,8,0,18.0,2.0,0.1053,0,0,0,0,0,0,0,0,0,0,Low,0,56160.0,Assistant Scientist,Aequor
0,0,3,8,0,33.0,3.0,0.0882,0,1,0,0,0,0,0,0,0,0,Mid,1,110240.0,Oracle Data Integrator - C2C Contract Position,Fortuna
0,1,3,8,0,498.0,49.0,0.0982,0,0,1,0,0,0,0,0,0,0,Mid,1,87500.0,Trading Desk Tech Support Analyst,"Yoh, A Day & Zimmermann Company"
1,1,1,0,0,10.0,2.0,0.1818,0,0,1,0,0,0,0,0,0,0,Mid,1,90000.0,Business Analyst,Unknown Company
0,1,2,9,0,11.0,0.0,0.0,0,0,1,0,0,0,0,0,0,0,Mid,1,103362.0,Senior Administrative Analyst,"City of Orange, California"
1,1,1,3,0,131.0,24.0,0.1818,1,0,1,1,0,1,0,0,0,1,Mid,1,99500.0,Junior data scientist/software programmer,SynergisticIT
0,0,0,0,0,59.0,18.0,0.3,0,0,1,0,0,0,1,0,0,1,Mid,1,80000.0,Business Analyst Internship - Summer 2024,Inversion
1,1,1,3,0,39.0,5.0,0.125,1,0,1,1,0,1,0,0,0,1,Mid,1,102500.0,Junior data scientist/java programmer,SynergisticIT
1,1,1,3,0,137.0,25.0,0.1812,1,0,1,1,0,1,0,0,0,1,Mid,1,99500.0,Junior data scientist/software developer,SynergisticIT
1,1,1,3,0,23.0,1.0,0.0417,1,0,1,1,0,1,0,0,0,1,Mid,1,99500.0,junior data scientist/ data engineer,SynergisticIT
1,1,3,8,0,41.0,4.0,0.0952,1,1,0,1,0,0,0,0,0,0,High,2,152500.0,"Lead Analytic Consultant, Analytics",apree health
0,1,1,8,0,25.0,4.0,0.1538,0,1,0,0,0,1,0,0,0,0,Mid,1,62500.0,Multilingual Data Annotation Specialist,Zefr
0,1,3,2,0,17.0,1.0,0.0556,1,1,0,1,0,0,1,1,0,0,High,2,134919.2,"Senior Data Engineer - ITP-A, Exempt",Seattle Information Technology Department
0,1,1,8,0,16.0,3.0,0.1765,0,1,0,1,1,0,0,0,0,0,Mid,1,61200.0,Market Data Services Analyst,Nasdaq
0,1,3,9,0,8.0,0.0,0.0,0,0,0,0,0,0,1,0,0,0,High,2,137500.0,Senior Wind Turbine Blade Engineer,DNV
0,1,3,8,0,6.0,0.0,0.0,0,0,1,0,1,0,1,0,0,0,Mid,1,70000.0,USA - Regional FP&P Analyst,Inchcape Shipping Services
0,0,3,8,0,4.0,0.0,0.0,0,0,0,0,0,0,0,0,0,0,Mid,1,66685.0,Budget Analyst NF-04,U.S. Army MWR
0,1,1,8,0,4.0,0.0,0.0,1,1,0,0,0,0,0,1,0,0,High,2,196250.0,Staff Software Engineer - Big Data Federal,ServiceNow
0,1,3,8,0,20.0,3.0,0.1429,0,1,1,0,0,0,0,0,0,0,Mid,1,67007.20000000001,Fraud Operations Analyst,Gusto
0,1,3,8,0,4.0,0.0,0.0,0,0,0,0,0,0,1,0,0,0,High,2,126952.8,Imaging Application Analyst II - IS Imaging Apps - Full Time 8 Hour Days (Non-Exempt) (Non-Union),Keck Medicine of USC
1,1,3,8,0,8.0,0.0,0.0,0,0,1,0,0,0,1,0,0,0,Mid,1,75500.0,Sr. Compensation Analyst - Remote,American Cancer Society
0,1,3,9,0,4.0,0.0,0.0,0,0,1,0,0,0,1,0,0,0,High,2,126955.0,"Clinical Information Systems Analyst, Senior - IS Clinical Core Apps - Full Time 8 Hour Days (Exempt) (Non-Union)",Keck Medicine of USC
0,1,3,8,0,4.0,0.0,0.0,0,1,1,0,0,0,1,0,0,0,Mid,1,107068.0,Business Application Analyst II - IS Business Apps - Full Time 8 Hour Days (Non-Exempt) (Non-Union),Keck Medicine of USC
0,1,3,8,0,7.0,0.0,0.0,0,1,1,0,0,0,1,0,0,0,High,2,126955.0,EDW Architect I - IS EDW and Analytics - Full Time 8 Hour Days (Exempt) (Non-Union),Keck Medicine of USC
0,1,1,7,0,4.0,0.0,0.0,1,0,1,0,0,1,0,1,1,0,High,2,166400.0,AI/ML Engineer (Contract) (Hybrid) – 4313,HIRECLOUT
0,1,1,8,0,5.0,0.0,0.0,0,1,0,0,0,0,0,0,0,0,Mid,1,105000.0,Database Administrator,Creative Financial Staffing (CFS)
0,1,3,9,0,6.0,0.0,0.0,0,0,0,0,1,0,0,0,0,0,Mid,1,107500.0,Senior ERP Analyst,Creative Financial Staffing (CFS)
0,1,1,7,0,9.0,0.0,0.0,0,0,1,0,0,1,0,0,0,0,High,2,122000.0,"Vendor Manager, Machine Learning Data Operations, gTech",Google
0,1,4,7,0,10.0,0.0,0.0,1,1,0,0,0,1,1,0,1,0,High,2,218000.0,Advanced Technology Organization Grid AI/ML Lead,GE Digital
0,1,1,8,0,5.0,0.0,0.0,0,0,1,0,0,0,0,0,0,0,Mid,1,75000.0,Accounting Analyst - Progression,Creative Financial Staffing (CFS)
0,1,3,8,0,9.0,0.0,0.0,0,1,0,0,1,0,0,0,0,0,Mid,1,90000.0,Financial Systems Analyst,Creative Financial Staffing (CFS)
0,1,3,8,0,5.0,0.0,0.0,0,0,1,0,0,0,0,0,0,0,Low,0,41080.0,Billing Analyst,Creative Financial Staffing (CFS)
1,1,1,8,0,4.0,0.0,0.0,0,0,1,0,0,0,1,0,0,0,High,2,131976.0,Sr. Human Resources Analyst / HR Quality Assurance,Children's Hospital Los Angeles (CHLA)
1,1,3,5,0,34.0,3.0,0.0857,0,1,1,1,0,0,0,0,0,0,Mid,1,95200.0,"Senior Financial Analyst, FP&A - OPEX","Sonos, Inc."
0,1,1,8,0,13.0,1.0,0.0714,0,0,1,0,0,0,0,0,0,0,Mid,1,97500.0,Operations Analyst - US Government,Palantir Technologies
0,1,1,5,0,6.0,0.0,0.0,0,0,1,0,0,0,0,0,0,0,Mid,1,77647.85,Financial Analyst,Creative Financial Staffing (CFS)
0,1,1,5,0,5.0,0.0,0.0,0,1,1,0,0,0,0,0,0,0,Mid,1,75000.0,Junior Financial Analyst,Creative Financial Staffing (CFS)
0,0,1,9,0,5.0,0.0,0.0,0,0,1,0,0,0,0,0,0,0,High,2,138800.0,"International Cooperative Programs Analyst, Senior",Booz Allen Hamilton
0,1,3,9,0,12.0,0.0,0.0,0,0,1,0,0,0,1,0,0,0,High,2,167082.5,Senior ServiceNow Analyst,ICF
0,1,1,8,0,6.0,0.0,0.0,0,0,0,0,0,0,1,0,0,0,Mid,1,68637.5,Help Desk Analyst II,Energy Jobline
0,1,3,8,0,16.0,0.0,0.0,1,0,1,1,1,0,0,0,0,0,Mid,1,80779.5,"Economics Analyst, Natural Resources",ICF
0,1,3,6,0,4.0,0.0,0.0,0,0,1,0,0,0,0,0,0,0,High,2,160000.0,Maintenance Manager: Engineering/ RELOCATION OFFERED,Jobot
0,0,3,5,0,1.0,0.0,0.0,0,0,1,0,0,0,0,0,0,0,Mid,1,112500.0,"Senior Financial Analyst | $3B Consumer Goods Co | Itasca, IL",Michael Page
1,1,1,0,0,63.0,18.0,0.2812,0,0,1,0,0,0,0,0,0,0,Mid,1,109200.0,Business Analyst,Techsara Solutions
0,0,3,8,0,2.0,0.0,0.0,0,1,0,0,0,0,0,0,0,0,Mid,1,119600.0,Quality Assurance Analyst,System Soft Technologies
0,0,2,8,0,2.0,0.0,0.0,0,1,1,0,0,0,0,0,0,0,Mid,1,72800.0,Data Annotation and Data Labeling Operations Associate,Ami Arroyo
1,1,1,8,0,2.0,0.0,0.0,0,0,1,0,0,0,0,0,0,0,Low,0,57200.0,Shipment Analyst,FFL Prosper
0,1,3,9,0,4.0,0.0,0.0,1,0,1,0,0,0,1,0,0,0,Mid,1,63000.0,"Senior GEOINT System Engineer - Robins Air Force Base, GA",ASRC Federal
0,1,3,8,0,60.0,18.0,0.2951,0,1,0,0,0,0,0,0,0,0,Mid,1,97250.0,Business Intelligence Analyst II,Cox Automotive Inc.
1,1,1,6,0,3.0,0.0,0.0,0,0,0,0,0,0,0,0,0,0,High,2,141000.0,"Manager, Site Reliability Engineering",Centene Corporation
0,0,3,8,0,14.0,2.0,0.1333,1,1,1,0,0,0,0,0,0,0,Mid,1,78000.0,Business Systems Analyst I,Russell Tobin
0,1,3,2,0,71.0,21.0,0.2917,1,1,0,0,0,0,0,1,0,0,Mid,1,117500.0,Data Engineer,American Express
0,1,1,8,0,5.0,0.0,0.0,0,0,1,0,0,0,0,0,0,1,Mid,1,60569.6,Quality Data Payer Specialist - Rensselaer - FT/DAY,St. Peter's Health Partners
1,1,3,8,0,29.0,6.0,0.2,0,0,1,0,0,0,0,0,0,0,Low,0,50000.0,Deposit Operations Analyst,Varo Bank
1,1,3,0,0,57.0,10.0,0.1724,1,1,0,1,1,1,0,0,0,1,Mid,1,91956.8,Senior Business Analyst,Oracle
1,1,3,5,0,95.0,12.0,0.125,0,0,0,0,0,0,0,0,0,0,Mid,1,105950.0,Senior Financial Analyst,Oracle
0,0,1,1,0,14.0,2.0,0.1333,0,0,0,0,0,0,0,0,0,0,Mid,1,110240.0,Data analyst with marketing analytics exp. (1039812),The Judge Group
1,1,1,5,0,12.0,1.0,0.0769,0,0,1,0,0,0,1,0,0,0,Mid,1,80000.0,Financial Analyst,myGwork - LGBTQ+ Business Community
0,1,2,8,0,8.0,0.0,0.0,0,0,0,0,0,0,0,0,0,0,Low,0,45760.0,Clinical Research Data Specialist,ZipHire
1,0,1,1,0,13.0,3.0,0.2143,1,1,1,1,1,0,0,0,0,1,Low,0,55000.0,Data Analyst,Unknown Company
1,0,3,8,0,7.0,1.0,0.125,0,0,0,0,0,0,1,0,0,0,High,2,169520.0,Site Reliability Engineer,Robert Half
0,1,3,8,0,0.0,0.0,0.0,0,0,0,0,0,0,0,0,0,0,High,2,185000.0,Principal Scientist - Proteomics,BioTalent
0,1,3,2,0,3.0,0.0,0.0,0,0,1,0,0,1,0,0,0,0,High,2,200000.0,Data Engineering Manager,Trilogy International
0,1,3,9,0,4.0,0.0,0.0,0,0,0,0,0,0,0,0,0,0,Mid,1,106000.0,Senior Shipping & Receiving Analyst,Collins Aerospace
1,0,1,8,0,77.0,0.0,0.0,1,1,1,1,1,0,0,0,0,0,Low,0,55000.0,Data Assistant,Unknown Company
0,0,2,8,0,82.0,14.0,0.1687,0,0,1,0,0,0,0,0,0,0,Mid,1,64480.0,Data Coordinator,EPITEC
0,1,1,8,0,25.0,7.0,0.2692,0,0,0,0,0,0,0,0,0,0,Low,0,52500.0,IT Systems Analyst,CROFT & Associates
0,1,2,8,0,83.0,7.0,0.0833,0,0,0,0,0,0,0,0,0,0,Mid,1,85500.0,"Sr. Analyst, Learning and Development",Chipotle Mexican Grill
0,1,1,0,0,6.0,1.0,0.1429,0,0,0,0,0,0,0,0,0,0,Mid,1,88000.0,Technical Business Analyst,Talent ACQ
0,0,3,6,0,41.0,3.0,0.0714,0,0,1,0,0,0,0,0,0,0,Mid,1,84240.0,Datacenter Operations Manager,Robert Half
0,0,1,8,0,7.0,0.0,0.0,0,0,0,0,0,0,0,0,0,0,Low,0,57200.0,Official Data Collector ,IMG ARENA
0,1,1,8,0,140.0,31.0,0.2199,0,0,1,0,0,0,0,0,0,0,Mid,1,80000.0,Asset Management Analyst,Greystone Monticello LLC
0,0,1,8,0,6.0,0.0,0.0,0,0,0,0,0,0,0,0,0,0,Low,0,57200.0,Official Data Collector ,IMG ARENA
0,0,1,8,0,15.0,1.0,0.0625,0,0,0,0,0,0,0,0,0,0,Low,0,57200.0,Official Data Collector ,IMG ARENA
0,0,3,8,0,28.0,1.0,0.0345,0,0,0,0,0,0,0,0,0,0,Mid,1,119600.0,Mac support analyst- hybrid,"Yoh, A Day & Zimmermann Company"
0,1,2,5,0,31.0,7.0,0.2188,0,0,1,0,0,0,0,0,0,0,Mid,1,98171.5,Senior Financial Analyst,365 Retail Markets
0,0,2,8,0,43.0,4.0,0.0909,0,0,1,0,0,0,0,0,0,0,Low,0,50003.2,Inventory Analyst,EPITEC
0,0,3,8,0,29.0,0.0,0.0,0,0,0,0,0,0,0,0,0,0,Mid,1,119600.0,Mac support analyst- hybrid,"Yoh, A Day & Zimmermann Company"
0,0,3,0,0,148.0,52.0,0.349,1,1,1,0,0,0,0,0,0,0,High,2,161200.0,Business Analyst,Dexian
0,0,1,5,0,15.0,1.0,0.0625,0,0,1,0,0,0,0,0,0,0,Mid,1,83200.0,Financial Analyst,"Yoh, A Day & Zimmermann Company"
0,0,1,8,0,58.0,3.0,0.0508,0,0,0,0,0,0,0,0,0,0,Low,0,43680.0,Industry Engineer (Gen AI),BayOne Solutions
0,1,2,8,0,26.0,6.0,0.2222,0,0,0,1,1,0,0,0,0,1,Mid,1,100000.0,Fleet Safety Analyst,Walmart
0,1,3,8,0,29.0,13.0,0.4333,0,0,1,0,0,0,0,0,0,0,Mid,1,85000.0,Pricing and Costing Analyst,LHH
1,0,3,0,0,633.0,254.0,0.4006,0,0,0,0,0,0,0,0,0,1,High,2,147326.4,Business Analyst,Aequor
0,1,3,9,0,39.0,14.0,0.35,1,1,0,0,0,0,0,1,0,0,High,2,227500.0,Senior Site Reliability Engineer,Selby Jennings
0,1,1,8,0,21.0,6.0,0.2727,0,0,0,0,0,0,0,0,0,0,Mid,1,75000.0,Technology Support Analyst,"Request Technology, LLC"
1,0,3,1,0,89.0,49.0,0.5444,0,1,1,0,0,0,0,0,0,0,Mid,1,78000.0,Data Analyst,EPITEC
0,0,1,8,0,31.0,2.0,0.0625,1,1,1,0,0,0,0,0,0,0,High,2,124800.0,Quality Analyst III MDM,"Yoh, A Day & Zimmermann Company"
0,1,1,5,0,42.0,16.0,0.3721,0,0,1,0,0,0,0,0,0,0,Mid,1,92500.0,Financial Analyst,Vaco
0,1,2,1,0,58.0,4.0,0.0678,0,1,1,0,0,0,0,0,0,0,Mid,1,68328.0,Income and Withholding Tax Data Analyst,Minnesota Department of Revenue
0,1,1,8,0,2.0,0.0,0.0,0,0,1,0,0,0,0,0,0,0,High,2,125000.0,Threat and Vulnerability Management Engineer,Global Business Consulting Services (GBCS)
0,1,2,5,0,56.0,9.0,0.1579,0,0,1,0,0,0,1,0,0,0,High,2,125000.0,Financial Analyst,Class VI Pathfinder
0,1,3,6,0,4.0,0.0,0.0,1,1,1,0,0,0,1,0,0,1,Mid,1,112500.0,"Manager, Data and Analytics - Supply Chain",PVH Corp.
0,1,2,8,0,10.0,5.0,0.4545,0,0,1,0,0,0,0,0,0,0,High,2,150000.0,Real Estate Acquisitions Analyst ,Coda Search│Staffing
0,0,3,8,0,14.0,0.0,0.0,0,0,0,0,0,0,0,0,0,0,Low,0,45760.0,Administrative Assistant / Data Entry,"Berean Group International, Inc."
1,1,2,8,0,7.0,1.0,0.125,0,0,1,0,0,0,0,0,0,0,Mid,1,68500.0,Project Analyst,CompTech Computer Technologies
0,1,1,9,0,41.0,3.0,0.0714,0,0,1,0,0,0,0,0,0,0,Mid,1,85000.0,Senior Analyst,FAZ Forensics
0,1,3,8,0,20.0,4.0,0.1905,1,0,0,0,0,0,1,0,0,0,High,2,250000.0,Principal Software Engineer (Python),Huxley
0,0,3,8,0,5.0,0.0,0.0,0,0,1,0,0,0,0,0,0,0,Mid,1,98800.0,Scientist,"Integrated Resources, Inc ( IRI )"
0,1,1,8,0,10.0,0.0,0.0,0,0,1,0,0,0,0,0,0,0,Mid,1,100000.0,Board Certified Behavior Analyst,NEEDS Center
0,0,3,8,0,8.0,1.0,0.1111,0,0,0,0,0,0,0,0,0,0,Mid,1,73840.0,Maintenance Technician/ Maintenance Engineer / CMMS Specialist (CMMS/GMP),Rangam
0,1,2,8,0,17.0,4.0,0.2222,0,0,1,0,0,0,0,0,0,0,Low,0,41600.0,AP Data Entry Associate,Ascendo Resources
0,1,3,5,0,9.0,1.0,0.1,0,0,1,0,1,0,0,0,0,0,Mid,1,110000.0,Senior Financial Analyst,CarsonLynch Professional Search
0,1,4,4,0,260.0,47.0,0.1801,0,0,1,0,0,0,0,0,0,0,High,2,175000.0,"Director, Program Management, Content & Metadata",Peacock
0,1,3,9,0,129.0,35.0,0.2692,0,0,1,0,0,0,0,0,0,0,High,2,137500.0,Senior Business Intelligence Analyst ,Alter Behavioral Health
0,0,3,9,0,4.0,0.0,0.0,1,0,1,0,0,0,0,0,0,0,High,2,145600.0,Senior Software Quality Assurance Analyst,Themesoft Inc.
1,1,4,8,0,21.0,5.0,0.2273,0,0,1,0,0,0,0,0,0,0,High,2,216100.0,Mobile Applications - iOS Principal Engineer II,CVS Health
0,0,3,0,0,1.0,0.0,0.0,0,0,0,0,0,0,0,0,0,0,Mid,1,86320.0,Business Analyst,System One
0,1,2,8,0,17.0,2.0,0.1111,0,0,1,0,0,0,0,0,0,0,Low,0,56160.0,Collections Analyst,Ascendo Resources
0,1,2,8,0,2.0,0.0,0.0,0,0,1,0,0,0,0,0,0,0,Mid,1,65000.0,SR SERVICE DESK ANALYST,Arizona Department of Environmental Quality ADEQ
0,1,3,7,0,7.0,2.0,0.25,1,1,1,0,0,1,0,1,0,0,High,2,150600.0,"Architect, Machine Learning, Field CTO",Snowflake
0,1,3,9,0,5.0,0.0,0.0,1,0,0,0,0,0,1,0,0,0,High,2,150000.0,Senior Structural Analyst - Aircraft/Missiles,Anduril Industries
0,1,3,8,0,23.0,0.0,0.0,0,0,0,1,1,0,0,0,0,0,Mid,1,74838.4,Data Management Specialist (REDCap Experience Required),Cincinnati Children's
0,1,1,8,0,24.0,2.0,0.08,0,0,1,0,0,0,0,0,0,0,Low,0,55500.0,Entry Level Environmental Scientist,VHB
0,0,2,8,0,28.0,6.0,0.2069,0,0,0,0,0,0,0,0,0,0,Mid,1,74880.0,Tax Operations Analyst ,eTeam
0,1,3,8,0,9.0,1.0,0.1,0,0,1,0,0,0,0,0,0,0,Mid,1,75000.0,Datacom Specialist,Rexel USA
0,1,2,8,0,22.0,7.0,0.3043,0,0,0,0,0,0,0,0,0,0,Mid,1,75000.0,Tax Analyst,Ascendo Resources
0,0,1,8,0,8.0,0.0,0.0,0,0,1,0,0,0,0,0,0,0,Mid,1,101504.0,Supply Chain Analyst,Randstad USA
0,0,3,0,0,127.0,21.0,0.1641,0,1,1,0,0,0,0,0,0,0,Mid,1,77500.0,Business Analyst,Inceed
0,1,3,8,0,36.0,7.0,0.1892,0,0,1,0,0,0,0,0,0,0,High,2,130000.0,Regulatory Reporting Analyst,Mission Staffing
1,1,1,3,0,17.0,6.0,0.3333,1,1,0,0,0,1,1,0,0,1,Mid,1,91650.0,Data Scientist or Senior,Progressive Insurance
1,1,3,2,0,11.0,2.0,0.1667,1,1,0,0,0,0,0,1,0,0,High,2,125000.0,Sr. Data Engineer,Lovesac
0,1,1,8,0,4.0,0.0,0.0,0,1,1,1,0,0,0,0,0,0,Low,0,54288.0,Transportation Analyst,Cardinal Health
0,1,3,8,0,5.0,0.0,0.0,0,0,0,0,0,0,0,0,0,0,Low,0,46850.0,Geospatial Analyst,CACI International Inc
0,1,3,8,0,83.0,11.0,0.131,0,1,0,0,0,0,0,0,0,0,High,2,165450.0,Business Process Analyst 5,Adobe
0,1,3,3,0,12.0,2.0,0.1538,1,0,0,0,0,1,1,1,0,0,High,2,247750.0,Principal AI/ML Data Scientist,Cisco ThousandEyes
0,0,1,8,0,6.0,0.0,0.0,0,0,0,0,0,0,0,0,0,0,Low,0,33280.0,Helpdesk Analyst,TEKsystems
0,1,3,8,0,10.0,0.0,0.0,0,0,0,0,0,0,0,0,0,0,Low,0,54450.0,Geospatial Analyst,CACI International Inc
0,1,3,9,0,9.0,0.0,0.0,0,0,0,0,0,0,0,0,0,0,Mid,1,95450.0,Navy NTCSS Senior Logistics Analyst (SLA),CACI International Inc
0,0,1,8,0,6.0,0.0,0.0,0,0,1,0,0,0,0,0,0,0,Mid,1,62400.0,Cash Applications Analyst-Law Firm,Jobot Consulting
0,0,1,8,0,8.0,0.0,0.0,0,0,1,0,0,0,0,0,0,0,Mid,1,62400.0,Cash Applications Analyst-Law Firm,Jobot Consulting
0,1,1,7,0,7.0,0.0,0.0,1,0,0,0,0,1,0,0,0,0,High,2,167500.0,Machine Learning Engineer,Jobot
0,1,2,8,0,20.0,0.0,0.0,0,0,0,0,0,0,1,0,0,0,Mid,1,86396.4,Forensic DNA Analyst,City of Aurora
0,0,1,0,0,51.0,2.0,0.0385,0,1,1,1,0,0,1,0,0,0,Mid,1,83200.0,Business Analyst,Kavaliro
0,0,3,8,0,53.0,0.0,0.0,0,0,1,0,0,0,0,0,0,0,Mid,1,88400.0,Scientist (Mammalian Cell Culture/ELISA/Potency Assays/PCR),Rangam
1,1,1,9,0,54.0,10.0,0.1818,0,0,0,0,0,0,0,0,0,0,High,2,129057.0,Senior Risk Analyst - IS Risk Governance,First Citizens Bank
0,0,2,8,0,10.0,0.0,0.0,0,0,1,0,0,0,0,0,0,0,Low,0,58240.0,Data Entry Specialist,SPECTRAFORCE
0,1,3,8,0,25.0,3.0,0.1154,0,0,0,0,0,0,0,0,0,0,High,2,200000.0,Data Migration Expert - Teamcenter,Radiansys Inc.
0,1,1,8,0,45.0,1.0,0.0217,0,1,1,0,0,0,0,0,0,0,Mid,1,100000.0,Legal Technology Data Specialist,"Skadden, Arps, Slate, Meagher & Flom LLP and Affiliates"
1,1,3,8,0,141.0,41.0,0.2887,0,0,1,0,0,0,0,0,0,0,High,2,130000.0,Regulatory Reporting Analyst,Mission Staffing
1,1,3,8,0,36.0,6.0,0.1622,1,1,1,1,0,0,0,0,0,0,Mid,1,92600.0,Credit Risk Analyst,BECU
0,1,3,8,0,6.0,0.0,0.0,0,1,0,0,0,0,0,0,0,0,High,2,222560.0,Lead ICFR Analyst,Seneca Resources
0,1,3,5,0,27.0,2.0,0.0714,0,0,0,0,0,0,0,0,0,0,Mid,1,100276.8,Senior Financial Analyst - La Jolla Clinic,Scripps Health
0,1,3,9,0,52.0,16.0,0.3019,1,1,0,0,0,0,0,0,0,0,High,2,122500.0,Senior Data Warehouse Engineer,Magnify
1,1,3,3,0,62.0,8.0,0.127,1,0,0,0,0,1,0,1,0,1,High,2,167500.0,Senior Staff Data Scientist (Remote),Vericast
0,1,1,5,0,28.0,2.0,0.069,0,0,1,0,0,0,0,0,0,0,Mid,1,95150.0,Senior Financial Analyst,Johnson & Johnson
0,0,1,8,0,29.0,5.0,0.1667,0,0,1,0,0,0,0,0,0,0,Low,0,44720.0,Data Entry Clerk (EDI & SAP),ektello
0,1,3,8,0,4.0,0.0,0.0,0,0,0,0,0,0,0,0,0,0,Mid,1,65400.0,Sr. Research Specialist/Biomedical Engineer,The Johns Hopkins University
1,1,3,8,0,14.0,0.0,0.0,0,1,0,0,0,0,0,0,0,0,High,2,132641.6,Market Settlement Validation Analyst (Hybrid or Remote),Talentify.io
1,1,1,1,0,60.0,7.0,0.1148,0,1,0,0,0,0,0,0,0,1,Mid,1,100000.0,Domo Data Analyst (REMOTE),Talentify.io
0,1,2,5,0,3.0,0.0,0.0,0,0,0,0,0,0,0,0,0,0,Mid,1,85000.0,Financial Analyst,Robert Half
0,1,1,8,0,9.0,1.0,0.1,0,0,1,0,0,0,0,0,0,0,Low,0,48000.0,Data Entry Specialist,Complete Staffing Solutions
0,0,3,1,0,617.0,88.0,0.1424,0,0,1,0,0,0,0,0,0,0,Mid,1,89440.0,Data Analyst,Mindlance
0,1,1,8,0,10.0,0.0,0.0,1,1,1,1,0,0,1,0,0,1,Mid,1,70000.0,Assistant Teaching Professor in Business Information & Analytics,University of Denver
0,0,3,8,0,7.0,0.0,0.0,0,0,1,0,0,0,0,0,0,0,Mid,1,72800.0,Reporting Analyst,Mindlance
0,1,3,9,0,29.0,1.0,0.0333,0,0,0,0,0,0,0,0,0,0,High,2,150000.0,Senior Mobility Engineer,Kane Partners LLC
1,0,3,6,0,33.0,4.0,0.1176,0,0,1,0,0,0,0,0,0,0,High,2,128564.8,Planning Analytics Manager,Vertisystem
0,1,1,5,0,7.0,0.0,0.0,0,0,0,0,0,0,0,0,0,0,High,2,124200.0,AVP Financial Analyst - Commercial Transportation Finance,BMO U.S.
0,1,3,8,0,8.0,0.0,0.0,0,0,0,0,0,0,1,0,0,0,Low,0,53497.6,Managment Analyst 1 PS(T),CGI
1,1,3,8,0,5.0,0.0,0.0,0,0,1,0,0,0,0,0,0,0,Mid,1,67000.0,(US) Sr. Solutions Analyst - TAM Customer Support,PointClickCare
0,0,1,8,0,13.0,0.0,0.0,0,0,1,0,0,0,0,0,0,0,Low,0,48880.0,Logistics Returns Analyst,ektello
0,1,4,7,0,12.0,1.0,0.0769,1,1,0,0,0,1,1,0,1,0,High,2,218000.0,Advanced Technology Organization Grid AI/ML Lead,GE Vernova
0,1,0,8,0,15.0,3.0,0.1875,0,0,0,0,0,0,0,0,0,0,Mid,1,78191.0,Engineer Trainee/Assistant Engineer (Civil),NYS Department of Transportation
0,1,2,9,0,814.0,3.0,0.0037,0,0,1,0,0,0,0,0,0,0,Mid,1,85000.0,Senior Sourcing Analyst,FIJI Water
0,1,1,8,0,9.0,0.0,0.0,0,0,1,0,0,0,0,0,0,0,Mid,1,67000.0,Compliance Analyst,Christian Care Ministry
0,1,1,8,0,4.0,0.0,0.0,0,0,1,0,0,0,0,0,0,0,High,2,141450.5,FMS Analyst IV,Fred Hutch
0,0,3,8,0,7.0,0.0,0.0,0,0,0,0,0,0,0,0,0,0,High,2,125000.0,PROGRAM ANALYST with Security Clearance,ClearanceJobs
0,1,1,8,0,13.0,2.0,0.1429,1,1,1,1,0,0,0,0,0,0,Mid,1,99900.0,Analyst Program Insights & Data Visualization,Salesforce
1,1,1,8,0,5.0,0.0,0.0,0,0,0,0,0,0,0,0,0,0,High,2,130000.0,Ruby on Rails Engineer,Aha!
0,1,1,8,0,11.0,2.0,0.1667,0,1,1,0,0,0,0,0,0,0,Mid,1,90000.0,Sr Analyst HR Systems & Analytics,Webster Bank
0,1,1,4,0,6.0,0.0,0.0,1,1,1,1,0,1,1,0,0,1,High,2,170000.0,"Managing Director, Financial Analytics",Webster Bank
0,1,1,8,0,14.0,3.0,0.2,0,0,1,0,0,0,0,0,0,0,Mid,1,70000.0,"Analyst, Loan Accounting",Webster Bank
0,1,3,9,0,5.0,0.0,0.0,0,0,0,0,0,0,1,0,0,0,Mid,1,102500.0,Hybrid Senior Tax Analyst - Work/Life Balance!,Creative Financial Staffing (CFS)
0,1,1,8,0,5.0,0.0,0.0,0,0,0,0,0,0,0,0,0,0,Low,0,43680.0,Engineer-Preventative Maintenance,Aimbridge Hospitality
0,1,1,7,0,15.0,3.0,0.1875,1,0,0,0,0,1,0,0,0,0,High,2,184000.0,"Software Engineer, Machine Learning","Niantic, Inc."
0,1,1,5,0,8.0,0.0,0.0,0,1,0,0,1,0,0,0,0,0,Mid,1,90000.0,Financial Analyst,Creative Financial Staffing (CFS)
0,1,1,7,0,61.0,8.0,0.129,1,0,0,0,0,1,0,0,0,0,High,2,184000.0,"Software Engineer, Machine Learning","Niantic, Inc."
0,1,3,6,0,23.0,4.0,0.1667,0,1,1,1,1,0,1,0,0,0,High,2,150000.0,Manager People Data & Analytics ,AngloGold Ashanti
0,1,4,4,0,6.0,0.0,0.0,0,1,1,1,0,0,1,0,0,0,High,2,153088.0,Program Director Value-Based Care Analytics,PeaceHealth
0,1,1,5,0,6.0,0.0,0.0,0,0,1,0,0,0,0,0,0,0,Mid,1,71250.0,Financial Analyst,Creative Financial Staffing (CFS)
0,1,1,8,0,20.0,2.0,0.0952,1,1,1,0,0,0,0,0,0,1,Mid,1,101960.0,Data Analytics Lead,Gartner
0,1,3,8,0,4.0,0.0,0.0,0,0,0,0,0,0,0,0,0,0,High,2,193750.0,"Principal Architect, Security Data Platforms",T-Mobile
0,1,3,7,0,5.0,0.0,0.0,1,1,0,0,0,1,0,1,0,0,High,2,140000.0,Senior Machine Learning Engineer,Creative Financial Staffing (CFS)
0,1,1,6,0,14.0,1.0,0.0667,0,1,0,1,0,0,0,0,0,0,High,2,153150.0,"Product Manager, Contextual Data",T-Mobile
0,1,1,8,0,7.0,0.0,0.0,1,1,0,1,0,0,0,0,0,1,High,2,130995.0,Decision Science Analyst Mid-Level,USAA
0,1,3,6,0,15.0,2.0,0.125,1,1,0,1,1,0,0,0,0,1,Mid,1,119100.0,Business Analysis Manager | Incentives Modeling & Analytics,T-Mobile
0,1,3,9,0,7.0,0.0,0.0,0,1,1,1,0,0,0,0,0,0,High,2,125990.0,Business Support Analyst Senior – Claims Workforce Planning,USAA
0,1,4,9,0,10.0,1.0,0.0909,1,0,0,0,0,1,0,1,0,0,High,2,213180.0,Senior AI Scientist,GE HealthCare
0,1,3,9,0,5.0,0.0,0.0,0,1,1,1,0,0,0,0,0,0,High,2,125990.0,Business Support Analyst Senior – Claims Workforce Planning,USAA
0,1,4,4,0,4.0,0.0,0.0,1,1,1,0,0,0,0,0,0,1,High,2,222545.0,"Director, Decision Science Analytics – Personal Lines Product Intelligence",USAA
1,0,3,0,0,10.0,1.0,0.0909,0,0,0,0,0,0,1,0,0,1,High,2,140400.0,Business Analyst/Product Owner,Primary Talent Partners
0,1,5,8,0,15.0,1.0,0.0625,0,0,0,0,0,1,0,0,0,1,High,2,265000.0,"Head of Data, Associate Vice President",Fareportal
0,1,1,8,0,4.0,0.0,0.0,1,0,0,0,0,1,0,0,0,0,High,2,390000.0,"Software Engineer, Data Infrastructure at D. E. Shaw Research",D. E. Shaw Research
1,1,3,3,0,3.0,0.0,0.0,1,0,1,0,0,1,0,1,0,1,High,2,220000.0,Senior Data Scientist,Signify Technology
0,1,3,9,0,6.0,0.0,0.0,0,0,0,0,0,0,1,0,0,0,High,2,137500.0,Senior Wind Turbine Blade Engineer,DNV
1,1,3,3,0,4.0,0.0,0.0,1,1,1,0,0,1,0,0,0,0,High,2,220000.0,Senior Data Scientist,Signify Technology
0,1,3,7,0,5.0,0.0,0.0,0,0,1,0,0,0,1,0,0,0,Mid,1,83000.0,BSA/AML Analyst Sr-Team 1,Flagstar Bank
1,1,3,9,0,11.0,0.0,0.0,0,0,1,0,0,0,0,0,0,0,High,2,147500.0,Project Manager/Senior Scientist/Engineer,Tetra Tech
1,1,5,8,0,10.0,0.0,0.0,1,0,1,0,0,1,1,0,0,0,High,2,255000.0,"EverCommerce - Vice President, Data & Analytics, Remote (US/CAN)",EverCommerce
0,1,3,8,0,25.0,0.0,0.0,0,1,1,1,1,0,0,0,0,0,Mid,1,85819.5,Transportation Network Operations Analyst,Brooks Running
0,1,1,8,0,6.0,0.0,0.0,0,0,1,0,0,0,0,0,0,0,Mid,1,82500.0,"Facilities & Data Center Technician III (LA2 Swing Shift) - Los Angeles, CA",CoreSite
0,1,1,8,0,80.0,0.0,0.0,1,1,0,0,0,1,0,0,0,0,High,2,137000.0,Central Investigations Analyst,Meta
0,0,1,8,0,11.0,0.0,0.0,0,0,1,0,0,0,0,0,0,0,Low,0,35360.0,Data Entry Specialist - AP and AR,Allied OneSource
0,1,1,8,0,58.0,1.0,0.0169,1,1,0,0,0,1,0,0,0,0,High,2,137000.0,Central Investigations Analyst,Meta
0,1,2,9,0,2.0,0.0,0.0,0,0,1,0,0,0,0,0,0,0,Mid,1,114000.0,Customer Insights Senior Analyst,Verizon
0,1,1,8,0,2.0,0.0,0.0,0,0,0,0,0,0,0,0,0,0,Low,0,52500.0,IT Field Service Analyst ,e2 Talent Partners
0,1,1,2,0,13.0,2.0,0.1429,1,1,1,0,0,0,1,1,0,0,Mid,1,100000.0,Data Engineer II,Unknown Company
0,1,2,9,0,2.0,0.0,0.0,0,0,1,0,0,0,0,0,0,0,Mid,1,114000.0,Customer Insights Senior Analyst,Verizon
1,1,1,8,0,5.0,0.0,0.0,0,0,1,0,0,0,0,0,0,0,Low,0,54080.0,Data Entry Assistant,Unknown Company
0,1,2,0,0,6.0,0.0,0.0,0,1,1,0,0,0,0,0,0,0,Mid,1,107500.0,Business Analyst,Premier Finder LLC
1,1,1,8,0,40.0,3.0,0.0732,0,0,1,0,0,0,0,0,0,0,Low,0,57200.0,Shipment Analyst,LLS Team GmbH Internationale Spedition
1,1,5,8,0,3.0,0.0,0.0,0,0,1,0,0,1,0,0,0,0,High,2,312500.0,Vice President of Data,Signify Technology
0,1,1,9,0,3.0,0.0,0.0,0,0,1,0,0,0,1,0,0,0,Mid,1,72706.4,"Senior Locksmith-Engineering RV-Mount Sinai Beth Israel/45 Rivington Street-Full Time, M-F, 8am to 4pm",Mount Sinai Health System
0,1,3,9,0,2.0,0.0,0.0,0,0,1,0,0,0,1,0,0,0,Mid,1,84330.5,Senior Scientist (Dr Kontorovich's Lab) - Cardiovascular Research Institute,Mount Sinai Health System
0,1,3,2,0,13.0,3.0,0.2143,1,1,1,0,0,0,0,1,0,0,High,2,150000.0,Data Engineer,Aurum Search Limited
0,1,3,5,0,4.0,0.0,0.0,0,0,1,0,0,0,0,0,0,0,Mid,1,98800.0,Financial Analyst Sr,Jobs via eFinancialCareers
0,1,3,9,0,8.0,0.0,0.0,0,0,1,0,0,0,1,0,0,0,High,2,135937.5,"Senior Analyst, Strategic Finance",OneTrust
0,1,1,8,0,62.0,16.0,0.254,1,1,1,1,0,0,0,0,0,0,Mid,1,115700.0,"Business Intelligence Engineer I, Global Logistics",Amazon
0,1,3,2,0,11.0,0.0,0.0,1,1,0,0,0,1,1,1,1,0,High,2,200250.0,"Data Engineering Manager, Defensive Security",Amazon
0,1,3,0,0,73.0,21.0,0.2838,0,1,1,0,0,0,0,0,0,0,Mid,1,110000.0,Business Analyst – Manager,CRG
0,1,2,9,0,25.0,4.0,0.1538,0,0,1,0,0,0,0,0,0,0,Mid,1,85000.0,Senior Billing Analyst,CHEP
0,1,1,8,0,59.0,20.0,0.3333,0,1,1,0,0,0,0,0,0,0,Mid,1,105000.0,Database Engineer,iO Associates - US
1,1,2,0,0,121.0,50.0,0.4098,0,0,0,0,0,0,0,0,0,0,Mid,1,107500.0,Salesforce Business Analyst,Jones Grove IT Recruiting
1,0,3,8,0,239.0,93.0,0.3875,0,0,1,0,0,0,0,0,0,0,High,2,154960.0,Cyber & Information Security Business Systems Analyst,US Tech Solutions
0,0,3,8,0,35.0,8.0,0.2222,0,0,1,0,0,0,0,0,0,0,Mid,1,92560.0,Marketing Analyst - Assistant Category Specialist,US Tech Solutions
1,1,3,9,0,84.0,18.0,0.2118,0,0,0,0,0,0,0,0,0,0,Mid,1,97500.0,Senior System Analyst,Codex 
0,1,3,9,0,104.0,20.0,0.1905,1,0,1,0,0,1,0,0,0,0,High,2,160000.0,"(Senior) Bioinformatician, Antibody Engineering",X4 Life Sciences
0,1,3,5,0,13.0,0.0,0.0,0,0,1,0,0,0,0,0,0,0,Mid,1,95000.0,Senior Financial Analyst,TriSource
0,1,1,9,0,5.0,0.0,0.0,0,0,1,0,0,0,0,0,0,0,High,2,135375.0,"Senior Analyst, Clinical Trial Learning & Development",Johnson & Johnson
1,1,1,2,0,37.0,9.0,0.2368,1,1,0,0,0,1,0,1,0,0,High,2,130764.0,Data Engineer - All Levels,FedEx Dataworks
0,1,1,8,0,5.0,1.0,0.1667,0,0,1,0,0,0,0,0,0,0,High,2,142050.0,Application Analyst II - Epic Beaker,Memorial Sloan Kettering Cancer Center
0,1,1,8,0,7.0,1.0,0.125,0,0,1,0,0,0,0,0,0,0,Mid,1,90000.0,Analyst,Lowe
0,1,1,8,0,3.0,0.0,0.0,0,0,1,0,0,0,0,0,0,0,Mid,1,76550.0,"Coordinator, Biomedical Engineering Services",Memorial Sloan Kettering Cancer Center
0,1,1,8,0,6.0,0.0,0.0,0,0,1,0,0,0,0,0,0,0,High,2,135375.0,"Scientist, DNA-Encoded Library - Discovery Chemistry",Johnson & Johnson
1,1,1,3,0,9.0,0.0,0.0,1,0,0,0,0,0,1,0,0,1,High,2,174000.0,Data Scientist - TS/SCI Hybrid,Dice
0,1,3,8,0,6.0,0.0,0.0,0,0,0,0,0,0,0,0,0,0,Mid,1,80000.0,Intelligence Analyst,General Dynamics Information Technology
1,1,3,9,0,7.0,0.0,0.0,1,0,1,0,0,0,1,0,0,0,High,2,171750.0,Senior Staff Engineer Database Platform Remote,GEICO
0,1,1,8,0,4.0,0.0,0.0,0,0,0,0,0,0,0,0,0,0,Mid,1,76788.0,ASSOCIATE GOVERNMENTAL PROGRAM ANALYST JC-426085,California Department of Public Health
0,1,1,8,0,4.0,0.0,0.0,0,0,0,0,0,0,0,0,0,0,Mid,1,76788.0,ASSOCIATE GOVERNMENTAL PROGRAM ANALYST JC-425957,California Department of Public Health
1,1,3,7,0,11.0,1.0,0.0833,1,0,0,0,0,1,1,0,0,0,High,2,162000.0,Staff Machine Learning Engineer,Workiva
1,1,1,8,0,56.0,11.0,0.193,0,0,1,0,0,0,1,0,0,0,Low,0,56000.0,Rating & Ratemaking Insights Analyst II,Allstate
1,1,3,8,0,5.0,0.0,0.0,0,0,0,0,0,0,0,0,0,0,High,2,170000.0,Lead Ruby on Rails Engineer,Aha!
1,1,1,9,0,5.0,0.0,0.0,1,1,1,1,0,0,1,0,0,1,Mid,1,89200.0,"Senior Associate, Media Analytics - Remote",Merkle
0,1,1,8,0,4.0,0.0,0.0,0,0,1,0,0,0,0,0,0,0,Mid,1,77500.0,"Analyst, Treasury Management Service & Implementation",Webster Bank
0,1,1,8,0,11.0,0.0,0.0,0,0,1,0,0,0,0,0,0,0,Mid,1,96135.0,Credit Analyst 5,U.S. Bank
0,1,1,8,0,5.0,0.0,0.0,0,0,1,0,0,0,0,0,0,0,Mid,1,109492.5,Credit Analyst 5,U.S. Bank
0,1,1,8,0,6.0,0.0,0.0,0,0,1,0,0,0,0,0,0,0,Mid,1,109297.5,SBA Credit Analyst 6,U.S. Bank
0,1,1,1,0,4.0,0.0,0.0,0,0,1,0,0,0,0,0,0,1,Mid,1,91000.0,"Data Analyst, Energy Efficiency (Hybrid)",Eversource Energy
0,1,1,8,0,56.0,15.0,0.2632,1,1,0,1,0,0,1,0,0,0,Mid,1,116100.0,Data Analytics Engineer,Moody's Corporation
0,1,4,4,0,7.0,1.0,0.125,0,0,1,0,0,0,0,0,0,0,High,2,200000.0,Analyst Relations Director,NinjaOne
0,1,3,8,0,4.0,0.0,0.0,0,0,1,0,1,0,0,0,0,1,Mid,1,85500.0,Analyst- Clean Technologies (Hybrid),Eversource Energy
1,1,3,8,0,4.0,0.0,0.0,0,0,1,0,0,0,0,0,0,0,Low,0,45448.0,Policy Configuration Analyst I,Cotiviti
0,1,1,8,0,6.0,0.0,0.0,0,0,1,0,0,0,0,0,0,0,Mid,1,70200.0,Clinical Applications Support Analyst - Interoperability/One Chart Release,Sanford Health
0,0,3,8,0,5.0,0.0,0.0,0,0,0,0,0,0,0,0,0,0,Mid,1,110240.0,Clinical Laboratory Scientist - Per Diem,Labcorp
1,1,3,8,0,19.0,1.0,0.05,0,0,1,0,0,0,0,0,0,0,Mid,1,96543.5,EPIC ORDERS APPLICATION ANALYST - HYBRID (4 openings),"OCHIN, Inc."
0,1,3,8,0,6.0,0.0,0.0,0,0,1,0,0,0,0,0,0,0,High,2,136240.0,Clinical Lab Scientist II,Cottage Health
0,1,1,8,0,16.0,0.0,0.0,0,0,0,0,0,0,0,0,0,0,Mid,1,87500.0,RAN Performance & Data Analytics Engineer,JMA Wireless
0,1,1,8,0,7.0,2.0,0.25,0,0,1,0,0,0,1,0,0,0,Mid,1,110000.0,Network Reliability Engineer,CoreSite
0,0,1,8,0,24.0,5.0,0.2,0,1,1,0,0,0,0,0,0,0,Mid,1,101920.0,Analytics Specialist,Creative Circle
0,1,1,8,0,11.0,0.0,0.0,1,0,0,0,0,0,1,0,0,0,High,2,170900.0,"【For External Referral - Talent Spotters】Research Scientist for Generative AI, Multimodal and LLM",TikTok
0,1,1,2,0,43.0,8.0,0.1818,1,1,1,0,0,0,1,0,0,0,High,2,138550.0,Data Engineer - USDS,TikTok
0,1,1,8,0,13.0,3.0,0.2143,1,0,0,0,0,1,1,0,0,0,High,2,221844.0,"Research Scientist, Foundation Model, Video Generation",TikTok
0,0,3,8,0,12.0,2.0,0.1538,0,0,0,0,0,0,1,0,0,0,Mid,1,68640.0,SEO Analyst,Creative Circle
1,1,1,8,0,32.0,6.0,0.1818,0,0,0,0,0,0,0,0,0,1,Mid,1,60000.0,SEO Analyst,Liquid Instruments
0,0,1,8,0,9.0,0.0,0.0,0,0,1,0,0,0,0,0,0,0,Low,0,35360.0,Data Entry Specialist - AP and AR,Allied OneSource
0,1,1,3,0,16.0,3.0,0.1765,1,0,1,0,0,1,1,1,0,1,High,2,204765.5,"Staff Data Scientist, SSP.",InMobi
1,1,3,8,0,7.0,1.0,0.125,0,1,1,0,0,0,0,0,0,0,High,2,140000.0,Data Architect,Allied OneSource
1,0,1,8,0,5.0,0.0,0.0,0,1,0,0,0,0,0,1,0,0,Mid,1,95000.0,Business Intelligence Specialist,Allied OneSource
0,1,3,2,0,21.0,6.0,0.2727,1,1,1,1,0,0,1,0,0,0,High,2,245000.0,Principal Data Engineer,Aeva
1,1,1,7,0,11.0,1.0,0.0833,1,0,0,0,0,1,0,0,0,0,High,2,135000.0,"Senior Algorithm, AI/ML, Integration Engineer – USA Remote",Beckman Coulter Diagnostics
0,1,3,8,0,6.0,0.0,0.0,0,1,1,0,0,0,0,0,0,0,Mid,1,70050.0,Data Transformation Analyst (ETL and C#),CoreLogic
0,1,1,1,0,11.0,0.0,0.0,0,0,1,1,1,0,1,0,0,1,High,2,141440.0,Data Analyst,International Paper
1,1,3,9,0,26.0,3.0,0.1111,1,0,1,0,0,0,1,0,0,0,High,2,259625.0,"Senior Software Engineer, AI Developer Tools - Cloud Software",NVIDIA
0,1,3,9,0,5.0,0.0,0.0,1,0,0,0,0,0,0,0,0,0,High,2,212000.0,"Senior Distributed Systems Engineer, AI Infrastructure",NVIDIA
0,1,2,9,0,49.0,7.0,0.14,0,1,1,0,0,0,0,0,0,0,High,2,123500.0,Strategic Finance Senior Analyst,Grammarly
0,1,3,8,0,5.0,0.0,0.0,0,0,1,0,0,0,0,0,0,0,Mid,1,115000.0,"Lead HR Analyst, Total Rewards",sweetgreen
1,1,3,9,0,22.0,1.0,0.0435,0,0,1,0,0,0,0,0,0,0,High,2,267875.0,"Senior Manager, Data Center Deployment",NVIDIA
0,0,3,8,0,8.0,0.0,0.0,0,0,1,0,0,0,0,0,0,0,Mid,1,85280.0,Business Operations Analyst II,Navy Federal Credit Union
1,1,3,2,0,5.0,0.0,0.0,0,0,1,1,1,1,1,0,0,0,High,2,215350.0,"Principal Data Engineer, Analytics Engineering",Talent Job Seeker
0,0,1,8,0,14.0,3.0,0.2,0,0,0,0,0,0,0,0,0,0,Mid,1,62400.0,"2024 Global Safety Operations Analyst Intern, US",Uber
1,1,3,9,0,4.0,0.0,0.0,0,0,0,0,0,0,0,0,0,0,High,2,202155.0,Technology Specialist III - Senior Cloud Database Architect & Engineer - Digital and Technology Partners - Remote,Talentify.io
0,1,1,8,0,5.0,0.0,0.0,0,0,0,0,0,0,1,0,0,0,Mid,1,108379.5,Benefits Analyst,"AAA Northern California, Nevada & Utah"
1,1,3,8,0,6.0,0.0,0.0,0,0,0,0,0,0,1,0,0,0,Mid,1,68841.68,Compensation Analyst - Remote,Talentify.io
1,1,1,1,0,5.0,0.0,0.0,0,1,1,0,0,0,0,0,0,0,Mid,1,80000.0,Data Analyst -AITS (Hybrid/Remote),Talentify.io
0,1,1,8,0,4.0,0.0,0.0,0,1,1,0,0,0,1,0,0,0,High,2,155000.0,Postgres Database Administrator/3K Sign on Bonus - Secret Cleara with Security Clearance,ClearanceJobs
0,0,3,9,0,4.0,0.0,0.0,0,1,1,0,0,0,0,0,0,0,High,2,138800.0,"Data Architect, Senior with Security Clearance",ClearanceJobs
1,1,3,5,0,6.0,0.0,0.0,1,1,1,0,0,0,0,0,0,0,High,2,122730.0,Senior Financial Analyst - Fully Remote!!!,Talentify.io
1,1,1,1,0,6.0,0.0,0.0,0,1,1,1,1,0,0,0,0,0,High,2,137800.0,Data Analyst - Remote,Talentify.io
1,1,1,2,0,6.0,0.0,0.0,1,1,0,0,0,1,0,0,0,1,Mid,1,100000.0,Cyber Security Specialist - Data Engineer L4 (Remote),Talentify.io
1,1,1,8,0,8.0,1.0,0.1111,0,0,1,0,1,0,0,0,0,0,High,2,120000.0,Analytics Specialist,General Dynamics Information Technology
0,1,1,8,0,6.0,0.0,0.0,0,1,0,0,1,0,0,0,0,0,Mid,1,77500.0,SIOP Analyst,Dice
0,1,3,8,0,6.0,0.0,0.0,0,0,0,0,0,0,1,0,0,0,Mid,1,72500.0,GRC Analyst,Franklin Fitch
0,1,4,4,0,6.0,0.0,0.0,1,1,1,0,0,1,1,0,0,1,High,2,192250.0,"Associate Director, Data Science",Merck
0,1,3,8,0,4.0,0.0,0.0,0,0,0,0,0,0,0,0,0,0,High,2,130000.0,Failure Analysis Engineer - Onsite/RELO Assistance - Sponsorship not available,Goodwin Recruiting
0,1,1,8,0,4.0,0.0,0.0,1,0,0,0,0,1,1,0,0,0,High,2,233520.0,"Research Scientist, Foundation Model, Video Generation",TikTok
0,1,2,8,0,6.0,0.0,0.0,0,0,1,0,0,0,1,0,0,0,High,2,310000.0,"Privacy, Cyber & Data Governance Associate",Interlink Talent Solutions
0,1,3,8,0,100.0,21.0,0.2079,0,0,1,0,0,0,0,0,0,0,Mid,1,80000.0,Cyber Security Analyst,"Tyto Athene, LLC"
1,1,2,8,0,191.0,20.0,0.1042,0,0,1,0,0,0,0,0,0,0,Mid,1,95000.0,DeFi Analyst and Educator,Decentralized Masters
0,1,3,8,0,8.0,0.0,0.0,0,0,1,0,0,0,0,0,0,0,Mid,1,94250.0,Proposal Analyst,ClickJobs.io
0,1,3,8,0,8.0,1.0,0.1111,0,0,0,0,0,0,0,0,0,0,High,2,136400.0,Requirements Analyst,ClickJobs.io
0,1,1,8,0,35.0,2.0,0.0556,0,0,1,0,0,0,0,0,0,0,Mid,1,100000.0,Board Certified Behavior Analyst,NEEDS Center
0,1,3,8,0,3.0,0.0,0.0,0,0,1,0,0,0,0,0,0,0,Mid,1,68980.0,Support Analystv,ClickJobs.io
0,1,1,5,0,27.0,3.0,0.1071,0,0,1,1,0,0,0,0,0,0,High,2,128500.0,"Financial Analyst, Staff",Qualcomm
0,1,1,8,0,6.0,0.0,0.0,0,0,1,0,0,0,0,0,0,0,Mid,1,110850.0,"Reliability Engineer, IV",Lansing Board of Water & Light
0,1,1,8,0,33.0,5.0,0.1471,0,0,0,0,0,0,0,0,0,0,Mid,1,110011.2,TEST - Data Ingestion Requisition,Qualcomm
1,1,3,8,0,26.0,10.0,0.3704,0,0,0,0,0,0,0,0,0,0,Mid,1,115000.0,Account Executive - Data Center Hardware,"Treeline, Inc."
0,1,4,4,0,23.0,2.0,0.0833,0,0,0,0,0,0,0,0,0,0,High,2,150000.0,Business Development Director - Health Analytics,Airfinity Ltd
0,1,3,9,0,19.0,0.0,0.0,0,1,0,1,1,0,0,0,0,0,High,2,135000.0,Senior Business Intelligence Developer,eNGINE
1,1,4,2,0,176.0,71.0,0.4011,0,0,1,0,0,0,0,0,0,0,High,2,160000.0,Lead Data Engineer - Databricks ,ON Data Staffing
0,1,1,8,0,12.0,0.0,0.0,0,0,0,0,0,0,0,0,1,1,Mid,1,97192.0,Developmental Computer Scientist,NASIC (National Air and Space Intelligence Center)
0,1,3,9,0,81.0,41.0,0.5,0,1,0,1,1,0,0,0,0,0,High,2,135000.0,Senior Business Intelligence Developer,eNGINE
0,1,3,3,0,46.0,12.0,0.2553,1,0,0,0,0,1,0,1,0,0,Mid,1,115000.0,Lead Data Scientist,Gloo Digital
0,1,3,5,0,58.0,17.0,0.2881,0,0,1,0,0,0,0,0,0,0,High,2,162500.0,Financial Analyst,Mission Staffing
0,1,2,9,0,22.0,3.0,0.1304,0,0,0,0,0,0,0,0,0,0,Low,0,50040.0,Senior Financial Reporting Analyst,High Country: Private Equity Search
0,1,1,0,0,12.0,0.0,0.0,0,0,1,0,0,0,0,0,0,0,Mid,1,82500.0,IT Business Analyst - ServiceNow,SCA Health
0,0,1,1,0,179.0,39.0,0.2167,0,1,0,0,0,0,0,0,0,0,High,2,135200.0,Data Analyst/Engineer Techno Functional Analyst (Jersey City) x2,Matlen Silver
0,1,1,9,0,7.0,0.0,0.0,0,1,1,1,0,0,0,0,0,0,Mid,1,100000.0,Senior Clinical Informatics Analyst,SCA Health
0,0,1,0,0,38.0,1.0,0.0256,0,1,1,0,0,0,0,0,0,0,High,2,141440.0,Technical Business Analyst (Jersey City and Charlotte) x4,Matlen Silver
0,0,3,0,0,146.0,39.0,0.2653,0,0,1,0,0,0,0,0,0,0,Mid,1,88400.0,Business Analyst,ECCO Select
0,0,1,8,0,33.0,2.0,0.0588,0,0,1,0,0,0,0,0,0,0,Mid,1,93600.0,"Risk Analyst / IT Auditor (Chicago, Richmond, ATL Chandler)",Matlen Silver
0,0,2,0,0,110.0,23.0,0.2072,0,0,0,0,0,0,0,0,0,0,Low,0,57200.0,Business Analyst,Motion Recruitment
0,1,3,8,0,49.0,14.0,0.28,0,0,1,0,0,0,1,0,0,0,Mid,1,72500.0,"Sr. Analyst, SEO",KINESSO
0,1,2,8,0,71.0,22.0,0.3056,0,1,0,1,0,0,0,0,0,0,Mid,1,85000.0,Marketing Analyst,Manifest
0,0,2,0,0,48.0,10.0,0.2041,0,0,1,0,0,0,0,0,0,0,Mid,1,101920.0,Business Analyst,Hays
1,0,3,8,0,10.0,1.0,0.0909,1,0,0,0,0,0,1,0,0,0,High,2,187116.8,Site Reliability Engineer,Insight Global
0,1,3,1,0,4.0,0.0,0.0,0,0,1,0,0,0,0,0,0,0,Mid,1,90000.0,Mental Health Parity Clinical Operational Data Analyst,WTW
1,1,1,8,0,8.0,0.0,0.0,0,0,0,0,0,0,0,0,0,0,Mid,1,65000.0,Category Analyst,Advantage Solutions
0,0,3,8,0,17.0,2.0,0.1111,0,0,1,0,0,0,0,0,0,0,High,2,189904.0,Business Systems Analyst,Aequor
0,0,2,8,0,3.0,0.0,0.0,0,0,0,0,0,0,0,0,0,0,Mid,1,83200.0,Bilingual Payments Project Analyst,Insight Global
0,0,3,8,0,5.0,0.0,0.0,0,0,0,0,0,0,0,0,0,0,Mid,1,94640.0,Marketing Analyst,"Sunrise Systems, Inc."
0,0,3,8,0,3.0,0.0,0.0,0,0,1,1,0,0,0,0,0,0,Mid,1,64480.0,Sales Analyst,EPITEC
0,1,1,6,0,4.0,0.0,0.0,0,0,1,0,0,0,0,0,0,0,Mid,1,104750.0,"Manager, Analytics",Zenith
0,0,3,1,0,42.0,23.0,0.5349,0,1,1,0,0,0,0,0,0,1,Mid,1,92560.0,Data Analyst,TalentBridge
0,0,2,1,0,20.0,9.0,0.4286,0,1,0,0,0,0,0,0,0,0,Mid,1,112320.0,Data Analyst,Equity Staffing Group
1,1,3,8,0,39.0,3.0,0.075,0,1,0,0,0,0,0,0,0,0,High,2,130000.0,Epidemiology Data Developer IV - Remote,Optum
1,0,3,0,0,3.0,0.0,0.0,0,0,0,0,0,0,0,0,0,0,Mid,1,119600.0,Senior Business Analyst,"Ashley Ellis, Inc"
0,1,3,8,0,2.0,0.0,0.0,0,1,1,0,0,0,0,0,0,0,Mid,1,115000.0,"IT Business System Analyst, Operations",Groupe Clarins
1,0,3,8,0,6.0,1.0,0.1429,0,1,0,0,0,0,0,0,0,0,High,2,126000.0,Database Administrator,Bluehawk Consulting
0,0,3,1,0,10.0,3.0,0.2727,0,1,0,0,0,0,0,0,0,0,High,2,130000.0,Senior Data Analyst,Akkodis
0,0,3,8,0,4.0,0.0,0.0,0,0,0,0,0,0,0,0,0,0,Mid,1,115440.0,CSV Quality Analyst ,Insight Global
0,0,3,8,0,2.0,0.0,0.0,0,0,1,0,0,0,0,0,0,0,High,2,156000.0,Datasphere Architect,Sophus IT Solutions
0,1,2,8,0,2.0,0.0,0.0,0,0,1,0,0,0,0,0,0,0,Mid,1,104000.0,Marketing Analyst,Kelly
0,1,3,8,0,3.0,0.0,0.0,0,0,0,0,0,0,0,0,0,1,Mid,1,113456.0,Operations Research Analyst,U.S. Space Command
0,1,3,5,0,3.0,0.0,0.0,0,0,0,0,0,0,0,0,0,0,Mid,1,105000.0,Sr. Financial Analyst (Cost Accounting),Excelon Solutions
0,1,3,0,0,2.0,0.0,0.0,0,0,1,0,0,0,0,0,0,0,Mid,1,92500.0,Accounts Receivable Manager / Business Analyst,Surf Internet
0,1,3,2,0,2.0,0.0,0.0,1,1,1,1,1,0,0,0,0,1,High,2,147500.0,Data Engineer,"Staff Smart, Inc."
0,1,2,8,0,2.0,0.0,0.0,0,0,1,0,0,0,0,0,0,0,Low,0,47500.0,Desktop Support Analyst ,Social Capital Resources
0,0,3,5,0,0.0,0.0,0.0,0,0,0,0,0,0,0,0,0,0,High,2,127920.0,Senior Financial Analyst,Indotronix Avani Group
0,0,3,8,0,20.0,10.0,0.4762,1,1,0,0,0,0,0,0,0,0,Mid,1,114400.0,ETL Data Software Engineer,Insight Global
0,1,3,8,0,2.0,0.0,0.0,0,0,0,0,0,1,0,0,0,0,Mid,1,113456.0,Program Analyst,U.S. Space Command
0,0,1,8,0,4.0,0.0,0.0,0,0,1,0,0,0,0,0,0,0,Low,0,53040.0, Claims Analyst,Soni
0,1,1,8,0,3.0,0.0,0.0,0,0,1,0,0,0,0,0,0,0,Low,0,41600.0,"Merchandising Data Entry Assistant,",ALDI USA
0,1,2,8,0,2.0,0.0,0.0,0,0,1,0,0,0,0,0,0,0,Mid,1,66560.0,Operations Support Analyst,Planet Forward
0,1,3,8,0,2.0,0.0,0.0,0,0,1,0,0,0,0,0,0,0,High,2,124800.0,Financial Planning Analyst,LHH
0,1,1,9,0,0.0,0.0,0.0,0,0,0,0,0,0,0,0,0,1,High,2,120000.0,"Senior Manager, Marketing Data & Analytics",Envisionit
0,0,3,8,0,4.0,0.0,0.0,0,0,0,0,0,0,0,0,0,0,Mid,1,114400.0,System Integration Analyst,Spherion Staffing South Central WI & Northern IL
0,0,1,0,0,6.0,0.0,0.0,0,1,1,0,0,0,0,0,0,0,Mid,1,114400.0,Business Analyst,E-IT
0,1,1,8,0,2.0,0.0,0.0,0,0,1,0,0,0,0,0,0,0,Mid,1,85280.0,Compensation Analyst,Acclaim Multi-Specialty Group
1,0,3,0,0,0.0,0.0,0.0,0,0,0,0,0,0,0,0,0,0,Mid,1,98800.0,Senior Business Analyst,"NewSouth Technologies, Inc."
0,0,3,1,0,13.0,3.0,0.2143,0,1,0,0,0,0,0,0,0,0,High,2,124800.0,Systems/Data Analyst - SQL/ETL,Eliassen Group
0,1,3,6,0,1.0,0.0,0.0,0,0,0,0,1,0,0,0,0,0,High,2,125000.0,Data Analytics Project Manager,District Partners
0,1,3,9,0,2.0,0.0,0.0,0,0,1,0,0,0,1,0,0,0,Mid,1,107500.0,Senior Fund Accounting Analyst - $100-$115K plus 15% bonus,LHH
0,1,3,9,0,2.0,0.0,0.0,0,0,1,0,0,0,0,0,0,0,High,2,159750.0,"Senior Scientist, Organic Synthetic Chemistry",Unknown Company
0,0,1,8,0,6.0,1.0,0.1429,0,0,0,0,0,0,0,0,0,0,Low,0,53372.8,Datacenter Technician,Apex Systems
0,0,3,0,0,7.0,0.0,0.0,0,0,1,0,0,0,1,0,0,0,Mid,1,80080.0,Business Analyst (only USC or GC),Gilead Sciences
0,1,2,8,0,0.0,0.0,0.0,0,0,0,0,0,0,1,0,0,0,High,2,132500.0,Cyber Security Incident Response Analyst II,Early Warning®
0,1,1,8,0,3.0,0.0,0.0,0,0,0,0,0,0,0,0,0,0,Mid,1,84000.0,Board Certified Behavior Analyst (BCBA),The Job Network
0,1,1,8,0,4.0,0.0,0.0,0,0,0,0,0,0,0,0,0,0,Mid,1,84000.0,Board Certified Behavior Analyst (BCBA),The Job Network
1,1,3,9,0,2.0,0.0,0.0,0,0,0,0,0,0,0,0,0,0,Mid,1,117500.0,SENIOR EPIC REVENUE CYCLE ANALYST- PROFESSIONAL BILLING  ,LevelUP HCS
1,0,3,0,0,6.0,0.0,0.0,0,0,1,0,0,0,0,0,0,0,High,2,130000.0,Business Analyst,"Agile Resources, Inc."
1,1,2,8,0,8.0,0.0,0.0,1,1,1,1,1,0,0,0,0,1,Mid,1,77850.0,Business Systems Analyst,SullivanCotter
0,1,1,8,0,5.0,0.0,0.0,0,0,0,0,0,0,0,0,0,0,Mid,1,69000.0,Board Certified Behavior Analyst (BCBA),The Job Network
0,0,3,0,0,3.0,0.0,0.0,0,0,1,0,0,0,0,0,0,0,Mid,1,119600.0,Business Analyst III ,Createch - Creative + Tech Staffing
0,1,2,8,0,2.0,0.0,0.0,0,0,1,0,0,0,0,0,0,0,High,2,182000.0,Board Certified Behavior Analyst (BCBA)- In School,JEWELS Pediatric Therapy Clinic 
0,1,3,8,0,2.0,0.0,0.0,0,0,0,0,0,0,1,0,0,0,Mid,1,73840.0,Payroll Analyst,Addison Group
1,0,1,8,0,6.0,1.0,0.1429,0,0,0,0,0,0,0,0,0,0,Mid,1,100000.0,Mainframe zOS and Storage Engineer,SysMind
0,0,3,0,0,0.0,0.0,0.0,0,1,0,0,0,0,0,0,0,0,Mid,1,119600.0,Business Analyst (Figma /Azure DevOps) ,"TSR Consulting Services, Inc."
0,1,3,8,0,1.0,0.0,0.0,0,0,0,0,0,0,0,0,0,0,Mid,1,90480.0,Associate Scientist,Astrix
1,1,1,8,0,3.0,0.0,0.0,1,1,1,0,0,0,0,0,0,1,High,2,130000.0,Sr. Analytics Engineer,Torch
0,1,3,0,0,3.0,0.0,0.0,0,1,0,0,0,0,0,0,0,0,High,2,130000.0,Senior Business Analyst,Robert Half
0,1,2,2,0,2.0,1.0,0.3333,0,0,0,0,0,0,0,0,0,0,Mid,1,97284.0,Data Engineer,Office of Energy Infrastructure Safety
0,1,1,5,0,2.0,0.0,0.0,0,0,1,0,0,0,0,0,0,0,High,2,125000.0,Sr. Financial Analyst,Chestnut Carbon
0,1,1,5,0,2.0,0.0,0.0,0,0,1,0,0,0,0,0,0,0,Mid,1,76500.0,Financial Analyst,Vaco
1,0,3,1,0,28.0,11.0,0.3793,0,1,1,1,1,0,0,0,0,0,High,2,124800.0,Data Analyst,Optomi
0,1,3,8,0,2.0,0.0,0.0,0,0,0,0,0,0,0,0,1,0,Mid,1,90000.0,Board Certified Behavior Analyst,Butterfly Effects
0,1,3,2,0,0.0,0.0,0.0,1,1,0,0,0,0,1,1,0,0,High,2,128500.0,Senior Associate Data Engineer - Azure Cloud,Publicis Sapient
0,1,3,8,0,3.0,0.0,0.0,0,0,0,0,0,0,1,0,0,0,Mid,1,90000.0,Tax Analyst,TRS Staffing Solutions
0,1,3,8,0,3.0,0.0,0.0,0,1,1,0,0,0,0,0,0,0,Mid,1,70000.0,Business Process Analyst,"Trident Talent Group, LLC."
0,1,1,6,0,7.0,0.0,0.0,0,0,1,0,0,0,0,0,0,0,Mid,1,88000.0,Digital Ads & Analytics Manager,Manhattan Strategies
0,1,4,8,0,4.0,0.0,0.0,0,0,0,0,0,0,0,0,0,0,High,2,154526.0,INTERDISCIPLINARY TECHNICAL EXPERT ELECTRONICS ENGINEER/COMPUTER SCIENTIST,Air Force Civilian Service
0,1,1,9,0,0.0,0.0,0.0,0,0,1,0,0,0,0,0,0,0,High,2,195000.0,"Senior AI Engineer (Open World Game - Combat, NPCs)",Yotta Games
0,1,3,8,0,4.0,0.0,0.0,0,0,1,0,0,0,0,0,0,1,Mid,1,72000.0,Budget Analyst,"Sealing Technologies, a Parsons Company"
0,1,3,8,0,0.0,0.0,0.0,0,0,0,0,0,0,0,0,0,0,Mid,1,113456.0,Weapon System Operations Analyst,U.S. Space Command
1,0,3,2,0,9.0,1.0,0.1,0,1,0,0,0,0,1,0,0,0,High,2,140400.0,Lead Big Data Engineer (NO SPONSORSHIP),Insight Global
0,1,3,2,0,1.0,0.0,0.0,0,1,0,0,0,0,1,0,0,0,High,2,135000.0,Senior Data Engineer,Vaco
0,0,1,8,0,3.0,0.0,0.0,0,0,0,0,0,0,0,0,0,0,Mid,1,83000.0,Product Analyst,Dexian
0,1,1,0,0,1.0,0.0,0.0,0,1,1,0,0,0,0,0,0,0,Mid,1,110000.0,Information Technology Business Analyst,Encore Talent Solutions
1,0,3,8,0,1.0,0.0,0.0,0,0,0,0,0,0,0,0,0,0,High,2,166400.0,Epic Analyst,Insight Global
0,0,3,8,0,3.0,0.0,0.0,0,0,1,0,0,0,0,0,0,0,Mid,1,107120.0,Project Finance Analyst,Apex Systems
0,1,3,8,0,4.0,0.0,0.0,1,1,0,1,1,0,0,0,0,0,High,2,124250.0,Data Architect,Maricopa County
0,1,3,8,0,4.0,0.0,0.0,0,0,1,0,0,0,0,0,0,0,Mid,1,75000.0,FP&A Analyst - Rotation Program,Crocs
0,0,2,8,0,4.0,1.0,0.2,0,0,1,0,0,0,1,0,0,0,High,2,176800.0,Registration Analyst,LevelUP HCS
1,0,3,8,0,6.0,1.0,0.1429,0,0,1,0,0,0,0,0,0,0,Mid,1,109200.0, Test Analyst-79340,Swoon
0,0,3,8,0,3.0,0.0,0.0,0,0,1,0,0,0,0,0,0,0,Mid,1,107120.0,Project Finance Analyst,Apex Systems
0,0,3,8,0,4.0,0.0,0.0,0,0,0,0,0,0,0,0,0,0,Mid,1,97760.0,Infectious Disease Scientist - II (Associate),Experis
0,1,1,8,0,4.0,0.0,0.0,0,0,1,0,0,0,0,0,0,0,Low,0,58240.0,Junior Analyst,GITSIT Solutions
0,0,3,0,0,9.0,1.0,0.1,0,0,1,0,0,0,0,0,0,0,Mid,1,114400.0,Senior IT Business Analyst,Experis
1,1,4,4,0,4.0,0.0,0.0,1,1,1,1,1,0,0,0,0,0,High,2,145500.0,"Director of Business Analytics (Go-To-Market Team) - Hybrid / Atlanta, GA",Experity
1,1,1,1,0,4.0,0.0,0.0,0,1,1,1,1,0,0,0,0,0,Mid,1,78950.0,"Data Analyst (Go-To-Market Team) - Hybrid / Atlanta, GA",Experity
0,0,2,8,0,1.0,0.0,0.0,0,0,0,0,0,0,0,0,0,0,Mid,1,87360.0,Infectious Disease Scientist Associate ,Planet Pharma
0,0,3,3,0,4.0,0.0,0.0,1,1,1,1,0,0,0,1,0,1,Mid,1,108160.0,Data Scientist,Akkodis
0,1,3,8,0,0.0,0.0,0.0,0,0,0,0,0,0,0,0,0,0,Mid,1,77500.0,Board Certified Behavior Analyst,KGH Autism Services
0,1,1,8,0,6.0,0.0,0.0,0,0,0,0,0,0,0,0,0,0,Mid,1,79500.0,Board Certified Behavior Analyst (BCBA),The Job Network
0,1,3,8,0,1.0,0.0,0.0,0,0,0,0,0,0,0,0,0,0,Mid,1,72500.0,Board Certified Behavior Analyst,KGH Autism Services
0,1,1,8,0,3.0,0.0,0.0,0,0,1,0,0,0,0,0,0,0,Low,0,48056.98,Analyst,NJ Department of Environmental Protection
1,1,3,8,0,4.0,0.0,0.0,0,0,1,0,0,0,0,0,0,0,Mid,1,102395.0,"Sr. Investor Relations Analyst - Remote, US",Lumen Technologies
0,1,3,8,0,6.0,0.0,0.0,1,1,0,0,0,0,1,0,0,0,High,2,120960.0,Financial System Analyst/Engineer III,Blue Origin
0,1,1,8,0,3.0,0.0,0.0,0,0,0,0,0,0,1,0,0,0,Mid,1,107784.0,Propulsion CFD Analyst,Blue Origin
1,1,3,8,0,7.0,0.0,0.0,0,0,1,0,0,0,0,0,0,0,Mid,1,85000.0,Compliance Analyst (Pharmacy or Healthcare),Confidential
0,1,1,8,0,4.0,0.0,0.0,0,0,0,0,0,0,0,0,0,0,Mid,1,87500.0,Board Certified Behavior Analyst (BCBA),The Job Network
1,1,1,8,0,4.0,0.0,0.0,1,1,0,0,0,0,0,1,0,0,Mid,1,81370.0,Big Data Developer,Lumen Technologies
1,0,3,8,0,10.0,4.0,0.3636,0,0,0,0,1,0,0,0,0,1,High,2,150800.0,Sr. Data Analytics Engineer,Wimmer Solutions
0,1,1,8,0,5.0,0.0,0.0,0,0,0,0,0,0,0,0,0,0,Mid,1,61560.0,Quality Assurance Performance Analyst,New Mexico Gas Company
1,1,1,8,0,10.0,3.0,0.2727,0,0,1,0,0,0,0,0,0,0,High,2,137000.0,Technical Data Steward,Makena Partners
0,1,1,8,0,4.0,0.0,0.0,0,0,1,0,0,0,1,0,0,0,High,2,130000.0,Drug Metabolism and Pharmacokinetics (DMPK) Research Scientist,"Alterome Therapeutics, Inc"
0,1,5,8,0,3.0,0.0,0.0,1,1,1,1,0,0,0,0,0,1,High,2,262500.0,VP Data Science,EvolutionIQ
1,1,3,8,0,5.0,0.0,0.0,0,0,0,1,0,0,0,0,0,1,High,2,123200.0,"Business Intelligence Administrator, Tableau",GitLab
0,1,1,3,0,4.0,0.0,0.0,1,1,1,0,0,1,1,0,0,0,High,2,124800.0,Data Scientist III,Planet Pharma
0,0,1,1,0,2.0,0.0,0.0,0,0,1,0,1,0,0,0,0,0,Mid,1,87360.0,Data Analyst,Experis
0,1,3,8,0,4.0,0.0,0.0,1,1,1,0,0,0,0,0,0,1,Mid,1,113000.0,Bioinformatic Scientist,Stanford University
1,1,3,8,0,26.0,10.0,0.3704,1,1,1,1,1,0,1,0,0,1,Mid,1,107500.0,Business Intelligence Analyst,ClickUp
0,1,1,8,0,6.0,0.0,0.0,0,0,0,0,0,0,0,0,0,0,High,2,142500.0,Cyber Threat Intelligence Analyst (TS/SCI),Piper Companies
0,1,1,8,0,5.0,0.0,0.0,1,1,1,1,1,0,1,0,0,0,High,2,125000.0,BI Cloud Engineer (Top Secret),Piper Companies
0,1,1,8,0,6.0,1.0,0.1429,0,0,1,0,0,0,0,0,0,0,High,2,142000.0,"Global Account Sales Executive, Data Center - Midwest Region",Lenovo
0,1,3,5,0,6.0,0.0,0.0,0,0,1,1,0,0,1,0,0,0,Mid,1,101700.0,Lead Financial Analyst,Discover Financial Services
1,1,1,8,0,6.0,0.0,0.0,0,0,1,0,0,0,0,0,0,0,Low,0,52405.6,Provider Data Coordinator I,Centene Corporation
0,1,3,9,0,8.0,0.0,0.0,0,0,1,0,0,0,0,0,0,0,Mid,1,99405.0,Technical Support Analyst - Senior,FIS
0,0,3,5,0,4.0,0.0,0.0,0,0,0,0,0,0,0,0,0,0,Mid,1,114400.0,Billing Analyst (Financial Analyst III),Russell Tobin
0,1,3,2,0,9.0,0.0,0.0,1,0,1,0,0,1,1,0,0,0,High,2,178910.0,Machine Learning Data Engineer Specialist,FIS
0,1,3,8,0,6.0,1.0,0.1429,0,0,1,0,0,0,0,0,0,0,Mid,1,84069.0,Business Process Analyst,General Atomics
0,1,4,4,0,4.0,0.0,0.0,0,0,1,0,0,0,0,0,0,0,High,2,157200.0,"Senior Director, Workforce Planning & Analytics",The Job Network
0,1,3,8,0,3.0,0.0,0.0,0,0,1,0,0,0,0,0,0,0,Mid,1,105000.0,"Program Analyst - Executive Support, International Programs",Systems Planning & Analysis
0,1,2,5,0,21.0,1.0,0.0455,0,1,1,0,0,0,1,0,0,0,Mid,1,105000.0,Senior Financial Analyst/ Project Manager,Swire Shipping
0,1,1,8,0,2.0,0.0,0.0,0,0,0,0,0,0,0,0,0,0,Mid,1,82500.0,Board Certified Behavior Analyst (BCBA),The Job Network
0,1,1,3,0,9.0,2.0,0.2,1,1,0,0,0,1,0,0,0,1,High,2,125990.0,Data Scientist (Intermediate),USAA
0,1,4,4,0,5.0,0.0,0.0,1,1,0,0,0,0,0,0,0,1,High,2,231395.0,"Director, Decision Science Analytics – Brand Marketing",USAA
0,1,1,8,0,4.0,0.0,0.0,0,0,1,0,0,0,0,0,0,0,Low,0,41600.0,Maintenance Engineer,Driftwood Hospitality Management
0,1,3,8,0,5.0,0.0,0.0,0,0,0,0,0,0,0,0,0,0,Mid,1,108020.0,Legal Analyst (Mid-Level) P&C Insurance,USAA
0,1,1,8,0,4.0,0.0,0.0,0,0,1,0,0,0,0,0,0,0,High,2,204500.0,Client – MCA Architect/ Data Quality and Reporting Lead (SVP),Citi
0,1,3,8,0,4.0,0.0,0.0,0,0,0,0,0,0,0,0,0,0,Mid,1,108020.0,Legal Analyst (Mid-Level) P&C Insurance,USAA
0,1,3,8,0,4.0,0.0,0.0,0,0,0,0,0,0,0,0,0,0,Mid,1,108020.0,Legal Analyst (Mid-Level) P&C Insurance,USAA
0,1,3,8,0,4.0,0.0,0.0,1,1,1,1,0,0,0,0,0,0,High,2,175475.0,Lead Analytics Engineer,USAA
0,1,2,8,0,3.0,1.0,0.25,0,0,1,0,0,0,0,0,0,0,Low,0,47455.2,Transportation Analyst,Russell Tobin
0,1,2,5,0,5.0,0.0,0.0,0,0,1,0,1,0,0,0,0,1,Mid,1,105000.0,Senior Financial Analyst,firstPRO 360
0,1,3,8,0,4.0,0.0,0.0,0,0,1,0,0,0,1,0,0,0,High,2,197600.0,Business System Analyst,Primary Talent Partners
0,1,1,8,0,2.0,0.0,0.0,0,1,1,0,0,0,0,0,0,0,Mid,1,100000.0,SQL Server Database Engineer,iO Associates - US
1,0,3,2,0,16.0,3.0,0.1765,0,0,0,0,0,1,0,0,0,0,High,2,156000.0,Data Engineer - 100% Remote - Contract to Hire (W2),Akkodis
0,1,2,5,0,4.0,1.0,0.2,0,0,1,0,0,0,0,0,0,0,Mid,1,95000.0,Financial Analyst,CAROLINA PRG
0,1,2,8,0,0.0,0.0,0.0,0,0,0,0,0,0,0,0,0,0,Mid,1,70205.965,Behavioral Health SUD Administrative Analyst #41790,City of Virginia Beach
0,1,3,8,0,2.0,0.0,0.0,0,0,0,0,0,0,0,0,0,0,Mid,1,92500.0,Reliability Engineer,Applied Resource Group
0,1,3,6,0,3.0,0.0,0.0,0,0,1,0,0,0,0,0,0,0,High,2,211950.0,"Principal Product Manager Tech, Prime Video Content Analytics",Ring
0,1,3,8,0,3.0,0.0,0.0,1,0,1,0,0,0,0,0,0,0,High,2,179100.0,"Applied Scientist II, ADAM IDEA (Identity and Diagnostics Engineering for Advertising)",Amazon
0,0,3,8,0,3.0,0.0,0.0,0,0,0,0,0,0,0,0,0,0,Mid,1,98196.8,Infectious Disease Scientist,eTeam
0,1,3,8,0,2.0,0.0,0.0,0,0,1,0,0,0,0,0,0,0,Mid,1,97760.0,Supply Chain Analyst,Workrise
0,1,1,8,0,4.0,0.0,0.0,0,0,1,0,0,0,0,0,0,0,Mid,1,90000.0,Technical Analyst,Clifford Chance
0,1,3,2,0,2.0,1.0,0.3333,1,1,0,0,0,1,0,1,0,0,Mid,1,110000.0,Azure Data Engineer,Synechron
0,1,2,8,0,1.0,0.0,0.0,0,0,1,0,0,0,0,0,0,0,High,2,162500.0,Hedge Fund Investment Analyst Industrials ,Long Ridge Partners
0,1,3,8,0,2.0,0.0,0.0,0,0,0,1,1,0,0,0,0,0,Mid,1,108900.0,Retails Business System Analyst,The Wills Group
0,0,3,8,0,5.0,0.0,0.0,1,0,0,0,0,0,1,1,0,0,Mid,1,119600.0,DEVOPS BIG DATA AWS ENGINEER,TalentBridge
0,1,2,8,0,3.0,0.0,0.0,0,0,1,0,0,0,0,0,0,0,Mid,1,100000.0,Business Reporting Analyst,"Relevante, Inc."
0,1,3,9,0,1.0,0.0,0.0,1,0,1,0,0,0,0,0,0,0,High,2,130000.0,Senior Site Reliability Engineer,Synechron
0,1,2,8,0,1.0,0.0,0.0,0,0,1,0,0,0,0,0,0,0,High,2,120000.0,SAP SCM Configuration Analyst,"CornerStone Consulting Group, Inc. in Pittsburgh, PA"
0,1,3,9,0,1.0,0.0,0.0,0,0,1,0,0,0,0,0,0,0,High,2,132500.0,Senior Reinsurance Contract Analyst ,Masis Professional Group
0,1,2,8,0,3.0,0.0,0.0,0,0,0,0,0,0,0,0,0,0,High,2,137500.0,Compliance Analyst,Atlas Search
0,1,1,8,0,7.0,3.0,0.375,1,1,1,0,0,0,0,0,0,0,Mid,1,97500.0,"Analyst, Operations Analytics & Performance",Link Logistics
0,1,2,7,0,3.0,0.0,0.0,0,0,0,0,0,0,1,0,0,0,Mid,1,85000.0,Junior KYC / AML Analyst,ApTask
0,1,1,8,0,2.0,1.0,0.3333,1,1,1,0,0,0,0,0,0,0,Mid,1,97500.0,"Analyst, Operations Analytics & Performance",Link Logistics
0,1,3,8,0,1.0,0.0,0.0,0,0,1,0,0,0,0,0,0,0,Mid,1,100000.0,Analyst,JSS Search
0,1,4,4,0,2.0,1.0,0.3333,0,0,0,0,1,0,0,0,0,0,High,2,265000.0,Sr. Director/Head of Business Intelligence,Glocomms
0,1,3,8,0,2.0,0.0,0.0,0,0,1,0,0,0,0,0,0,0,High,2,130000.0,"Data Center Operations SME, Mechanical",First Point Group
0,1,1,6,0,4.0,0.0,0.0,0,0,1,0,0,0,0,0,0,0,High,2,162500.0,"Equity Research Analyst - Asset Managers, Brokers and Exchanges",Morgan Stanley
0,1,2,8,0,3.0,0.0,0.0,0,0,1,0,0,0,0,0,0,0,Mid,1,75000.0,Credit Analyst,Selby Jennings
0,1,3,9,0,4.0,1.0,0.2,1,1,1,0,0,0,0,0,0,0,High,2,135000.0,Senior Trade Support Specialist / Analyst,Synechron
0,1,3,8,0,3.0,0.0,0.0,0,0,0,0,0,0,0,0,0,0,Mid,1,89000.0,Financial Reporting Analyst - Hybrid,WhiteCap Search
0,1,1,8,0,4.0,0.0,0.0,0,0,1,0,0,0,0,0,0,0,Mid,1,62500.0,Support Analyst,Harris Computer
1,1,3,9,0,4.0,0.0,0.0,1,1,1,0,0,0,0,0,0,0,Mid,1,102100.0,"Senior Technical Advisor, Data systems",Management Sciences for Health
0,1,3,8,0,10.0,1.0,0.0909,0,0,1,0,0,0,0,0,0,0,Mid,1,61500.0,"Analyst, Customer Accounts","RXO, Inc."
0,1,3,9,0,3.0,0.0,0.0,0,0,1,0,0,0,1,0,0,0,Low,0,57500.0,Senior Benefits Administration Services Analyst,Conduent
0,1,1,3,0,5.0,0.0,0.0,0,0,1,0,0,1,0,0,0,0,Mid,1,110000.0,Intermediate Data Scientist,University of Virginia
0,1,3,8,0,4.0,0.0,0.0,0,0,1,0,0,0,0,0,0,0,Mid,1,92500.0,Tax Compliance Analyst,Open Systems Technologies
0,1,3,8,0,4.0,0.0,0.0,0,1,0,0,0,0,0,0,0,0,High,2,145600.0,Business System Analyst (SQL/DW),Open Systems Technologies
0,1,1,8,0,4.0,0.0,0.0,1,1,1,0,0,0,0,0,0,0,Mid,1,114400.0,Application Production Support Analyst,Open Systems Technologies
0,1,3,8,0,5.0,0.0,0.0,0,0,0,0,0,0,1,0,0,0,Mid,1,62400.0,IAM Analyst / Info Security - Bilingual,Open Systems Technologies
1,1,3,8,0,5.0,0.0,0.0,0,0,0,0,0,0,1,0,0,0,Mid,1,90000.0,IT Security GRC Analyst,TriWest Healthcare Alliance
0,1,3,8,0,5.0,0.0,0.0,0,0,1,0,0,0,0,0,0,1,Mid,1,78125.0,Acquisitions Analyst - Real Estate,Principal Financial Group
0,1,3,6,0,4.0,0.0,0.0,0,1,1,0,1,0,0,0,0,0,Mid,1,92301.0,"Data Manager and Analytical Support Specialist, Foster Care - 23340",NYC Department of Education
0,1,2,9,0,8.0,0.0,0.0,0,0,0,0,0,0,0,0,0,0,High,2,120200.0,Senior Information Cyber Security Analyst,Western Union
0,1,2,8,0,14.0,1.0,0.0667,0,0,0,0,0,0,0,0,0,0,Mid,1,80500.0,Data Center Critical Facilities Engineer IV,Equinix
0,1,2,8,0,2.0,0.0,0.0,0,1,1,0,0,0,1,0,0,0,Mid,1,75840.0,Billing Resolution Analyst II,ENGIE North America Inc.
1,1,3,9,0,6.0,0.0,0.0,0,1,1,1,0,0,1,0,0,0,Mid,1,105000.0,"Senior Analyst, Customer Success Strategy and Operations",ServiceTitan
1,1,3,9,0,8.0,1.0,0.1111,1,1,1,1,0,0,0,0,0,0,Mid,1,105000.0,Senior Media Analyst,QuinStreet
0,1,3,8,0,4.0,0.0,0.0,0,0,1,0,0,0,0,0,0,0,High,2,184556.0,"Sr Analyst, Retirement - WMAS",Edward Jones
0,1,3,8,0,6.0,0.0,0.0,1,1,0,1,1,0,1,0,0,0,High,2,290000.0,Lead Analytics Engineer,Spotter
0,1,3,9,0,4.0,0.0,0.0,1,0,1,0,0,0,0,0,0,0,High,2,145000.0,"Senior Engineer, AI Software Engineering",Samsung Semiconductor
0,1,1,8,0,3.0,0.0,0.0,0,0,1,0,0,1,0,0,0,1,Mid,1,65000.0,Data Specialist,University of Wisconsin-Madison
0,1,3,8,0,3.0,0.0,0.0,1,1,0,1,1,0,1,0,0,0,High,2,300000.0,Principal Analytics Engineer,Spotter
0,0,3,6,0,3.0,0.0,0.0,0,1,0,0,1,0,0,0,0,0,Mid,1,113360.0,Database Services Manager,Creamos Solutions Inc
0,1,4,4,0,3.0,0.0,0.0,1,1,1,1,1,0,1,0,0,0,High,2,300000.0,"Director, Product Analytics",Spotter
1,1,1,8,0,6.0,1.0,0.1429,0,0,0,0,0,0,0,0,0,0,Mid,1,109465.93,IT Security Analyst,Vail Health
0,1,0,8,0,18.0,5.0,0.2632,0,0,0,0,0,0,0,0,0,0,Low,0,47840.0,Enterprise Data Intern,Cushman & Wakefield
0,1,3,8,0,3.0,0.0,0.0,0,0,1,0,0,0,0,0,0,0,High,2,133000.0,Technical Support Scientist,10x Genomics
0,1,3,5,0,3.0,0.0,0.0,0,0,1,0,0,0,1,0,0,0,Mid,1,88250.0,Sr. Financial Analyst,Watkins Wellness
0,1,3,2,0,2.0,0.0,0.0,1,1,1,0,0,0,1,1,0,0,Mid,1,103000.0,Data Engineer Manager,"Kiss Products, Inc."
1,1,3,7,0,6.0,1.0,0.1429,1,1,0,0,0,1,1,1,0,0,High,2,141500.0,Applied Researcher - Machine Learning,PointClickCare
1,0,3,8,0,4.0,1.0,0.2,0,0,1,0,0,0,0,0,0,0,Low,0,58240.0,(US) Solutions Analyst - Clinical - 1 year Contract,PointClickCare
1,1,1,8,0,7.0,0.0,0.0,0,0,0,0,0,0,0,0,0,0,High,2,215000.0,Data infrastructure engineer,Watershed
1,1,1,8,0,10.0,0.0,0.0,0,0,0,0,0,0,0,0,0,0,High,2,215000.0,Data infrastructure engineer,Watershed
0,1,3,6,0,5.0,0.0,0.0,0,0,1,0,0,0,0,0,0,0,High,2,131950.0,"Manager, Financial Planning & Analytics",Hyundai Capital America
0,1,1,8,0,3.0,0.0,0.0,0,0,1,0,0,0,0,0,0,0,Mid,1,82500.0,Analyst-Technical Consulting,Deutsche Bahn
1,1,1,5,0,49.0,22.0,0.44,0,0,1,0,0,0,0,0,0,0,Mid,1,100000.0,Financial Analyst,Unknown Company
1,1,1,8,0,11.0,2.0,0.1667,0,1,1,1,1,0,0,0,0,1,Mid,1,113250.0,"HEDIS Data and Reporting Lead, Medicaid Quality",Humana
1,1,1,8,0,7.0,0.0,0.0,0,0,0,0,0,0,1,0,0,0,Mid,1,77000.0,Sanctions Analyst (Remote),Sumitomo Mitsui Banking Corporation – SMBC Group
0,1,1,8,0,4.0,0.0,0.0,0,0,0,0,0,0,0,0,0,0,Mid,1,98700.0,Site Reliability Engineer,Booz Allen Hamilton
1,0,3,2,0,95.0,42.0,0.4375,1,1,1,0,0,0,1,0,0,0,Mid,1,111280.0,Data Engineer,Russell Tobin
1,1,1,9,0,4.0,0.0,0.0,1,0,0,0,0,1,0,0,0,0,High,2,158300.0,"Generative AI Engineer, Senior",Booz Allen Hamilton
0,1,2,8,0,4.0,0.0,0.0,0,0,0,0,0,0,1,0,0,0,High,2,127149.0,Program Analyst - Office of Civil Rights,GSA
0,1,2,8,0,5.0,0.0,0.0,0,0,0,0,0,0,1,0,0,0,High,2,127149.0,Civil Rights Analyst - Office of Civil Rights,GSA
0,1,3,8,0,4.0,1.0,0.2,0,0,1,0,0,0,0,0,0,0,Mid,1,80000.0,Supply Planning Analyst,Mondelēz International
0,1,2,8,0,4.0,0.0,0.0,0,0,0,0,0,0,1,0,0,0,High,2,127149.0,Civil Rights Analyst - Office of Civil Rights,GSA
1,1,3,3,0,4.0,0.0,0.0,1,1,1,0,0,1,1,0,0,1,High,2,222545.0,Data Scientist Lead – Telematics (Remote),USAA
1,1,3,3,0,4.0,0.0,0.0,1,1,1,0,0,1,1,0,0,1,High,2,222545.0,Data Scientist Lead – Telematics (Remote),USAA
1,1,3,3,0,4.0,0.0,0.0,1,1,1,0,0,1,1,0,0,1,High,2,222545.0,Data Scientist Lead – Telematics (Remote),USAA
1,0,3,8,0,6.0,0.0,0.0,0,0,1,0,0,0,0,0,0,0,Low,0,58240.0,(US) Solutions Analyst - Clinical - 1 year Contract,PointClickCare
0,1,3,8,0,0.0,0.0,0.0,0,0,1,0,0,0,1,0,0,0,Mid,1,99500.0,Project Controls Analyst II,TAG - Transportadora Associada de Gás
0,1,1,1,0,2.0,0.0,0.0,1,1,1,0,0,0,1,0,0,0,Mid,1,82500.0,Medical Data Analyst / Programmer,Nippon Life Benefits
0,0,3,2,0,70.0,40.0,0.5634,1,1,1,1,0,0,1,0,0,0,High,2,135200.0,Data Engineer II,Advantis Global is becoming INSPYR Solutions
0,1,2,9,0,5.0,0.0,0.0,0,0,1,0,0,0,0,0,0,0,Mid,1,109000.0,Senior Treasury Analyst,Abbott
1,1,3,8,0,7.0,0.0,0.0,0,0,1,0,0,0,1,0,0,0,High,2,221500.0,"Principal Software Engineer, Core Mail Backend",Yahoo
0,1,1,8,0,5.0,0.0,0.0,0,0,1,0,0,0,0,0,0,0,Low,0,59600.0,SAS Analyst III,Computershare U.S.
0,1,1,9,0,11.0,0.0,0.0,0,0,1,0,0,0,0,0,0,0,Mid,1,70000.0,Senior Payroll Analyst,WellStreet Urgent Care
0,1,1,7,0,6.0,0.0,0.0,1,0,0,0,0,1,0,0,0,0,High,2,195500.0,Machine Learning Engineer,Qualcomm
0,1,3,5,0,11.0,2.0,0.1667,0,0,1,0,0,0,1,0,0,0,Mid,1,99908.49,University Senior Financial Analyst,University of the Pacific
0,1,2,8,0,12.0,2.0,0.1538,0,0,0,0,0,0,0,0,0,0,Mid,1,86000.0,Human Resources Information System Analyst,Land O'Frost
0,1,1,8,0,5.0,0.0,0.0,1,0,0,0,0,1,0,0,0,0,High,2,185500.0,Deep Learning/GenAI Systems Engineer,Qualcomm
0,1,4,4,0,10.0,2.0,0.1818,0,1,0,1,0,0,0,0,0,0,High,2,300000.0,Senior Director of Analytics ,Harnham
1,1,3,3,0,47.0,16.0,0.3333,1,0,0,0,0,1,0,0,0,1,High,2,225000.0,Data Scientist - AI Investment,Burton Recruitment Limited
0,1,3,8,0,8.0,0.0,0.0,0,0,0,0,0,0,0,0,0,0,High,2,185786.0,ServiceNow Security & Data Protection Engineer,CVS Health
1,0,3,8,0,15.0,2.0,0.125,0,0,0,0,0,0,0,0,0,0,High,2,202800.0,Workday HCM and Payroll Analyst,Adalta Global Inc.
1,1,1,8,0,4.0,0.0,0.0,0,0,1,0,0,0,0,0,0,0,Mid,1,106080.0,100% Remote - NetworX Pricer Configuration Analyst,Beacon Hill Staffing Group
1,1,1,8,0,4.0,0.0,0.0,0,0,1,0,0,0,0,0,0,0,Low,0,57500.0,Benefits Analyst,University of Miami
1,0,3,8,0,10.0,4.0,0.3636,0,0,0,0,0,0,0,0,0,0,Low,0,37440.0,Data Entry Clerk,Compunnel Inc.
1,1,3,2,1,2.0,0.0,0.0,1,1,0,0,0,0,1,0,0,0,High,2,167500.0,Lead Data Engineer,OtterBase
1,1,3,8,0,1.0,0.0,0.0,0,0,1,0,0,0,1,0,0,0,High,2,138902.0,Lead Workday Analyst,Tech Firefly
0,0,3,8,0,3.0,0.0,0.0,0,1,1,1,0,1,1,0,0,0,High,2,140400.0,GCP Data Architect,Compunnel Inc.
1,1,3,8,0,1.0,0.0,0.0,0,0,1,0,0,0,0,0,0,0,High,2,130384.5,Workday Analyst,Tech Firefly
0,0,1,8,0,3.0,0.0,0.0,0,0,1,0,0,0,1,0,0,0,High,2,145600.0, Data Center / System Engineer (Nutanix),"Pyramid Consulting, Inc"
0,1,1,8,0,3.0,0.0,0.0,0,0,0,0,0,0,0,0,0,1,High,2,142500.0,Medicaid Payment and Financing Principal Analyst,MACPAC - Medicaid and CHIP Payment and Access Commission
0,0,3,9,0,3.0,0.0,0.0,0,0,0,0,0,0,0,0,0,0,Mid,1,114400.0,"Senior Scientist - Emeryville, CA (Contract)",Hydrogen Group
0,1,1,7,0,5.0,1.0,0.1667,0,0,0,0,0,1,0,0,0,0,Mid,1,100000.0,Machine Learning Engineer,The Rockefeller University
0,0,3,8,0,4.0,0.0,0.0,0,0,1,0,0,0,1,0,0,0,Mid,1,69680.0,Securities and Derivatives Associate Analyst,Rose International
0,0,2,5,0,2.0,0.0,0.0,0,0,0,0,0,0,0,0,0,0,High,2,131040.0,Financial Analyst,Integration International Inc.
0,1,1,9,0,3.0,0.0,0.0,0,0,0,0,0,0,0,0,0,1,Mid,1,112500.0,Medicaid Payment and Financing Senior Analyst,MACPAC - Medicaid and CHIP Payment and Access Commission
1,1,2,6,0,2.0,0.0,0.0,1,1,0,1,0,0,0,0,0,1,High,2,140000.0,Digital Analytics Manager,Harnham
0,1,2,9,0,2.0,0.0,0.0,0,0,1,0,0,0,0,0,0,0,Mid,1,97500.0,Senior Cost Analyst,Renowned Recruitment Group
1,0,3,8,0,2.0,0.0,0.0,0,0,1,0,0,0,0,0,0,1,High,2,145600.0,Biostatistician II,GForce Life Sciences
0,0,2,8,0,2.0,0.0,0.0,0,0,0,0,0,0,0,0,0,0,Mid,1,97760.0,Infectious Disease Scientist,Net2Source Inc.
0,1,4,2,0,3.0,0.0,0.0,1,1,1,1,1,1,0,0,0,0,High,2,254900.0,Senior Director – Enterprise Data Engineering,McKesson
0,1,3,0,0,5.0,0.0,0.0,0,1,1,0,0,0,0,0,0,0,High,2,170000.0,Business Analyst,Complete Staffing Solutions
0,1,1,1,0,6.0,0.0,0.0,0,0,0,0,0,0,0,0,0,0,Mid,1,95000.0,Data Analyst,Complete Staffing Solutions
0,0,2,8,0,3.0,0.0,0.0,0,0,1,0,0,0,0,0,0,0,Low,0,55120.0,Billing Analyst,IntePros
1,1,1,8,0,0.0,0.0,0.0,0,0,1,0,0,0,0,0,0,0,Low,0,57200.0,Shipment Analyst,Bluestone Apps
1,1,1,8,0,13.0,2.0,0.1429,0,0,1,0,0,0,0,0,0,0,Low,0,57200.0,Shipment Analyst,Bluestone Apps
0,1,3,7,0,1.0,0.0,0.0,1,0,0,0,0,1,0,0,0,0,High,2,225000.0,Machine Learning Engineer,Searchability®
0,1,2,8,0,2.0,1.0,0.3333,0,0,1,0,0,0,1,0,0,0,Mid,1,87500.0,Asset Management Analyst,The Greene Group
0,0,3,0,0,1.0,0.0,0.0,0,0,1,0,0,0,1,0,0,0,Mid,1,109200.0,IT Business Analyst,SPECTRAFORCE
0,0,1,2,0,3.0,0.0,0.0,1,1,0,0,0,0,1,1,0,0,High,2,130000.0,Lead Data Engineer,"Pyramid Consulting, Inc"
0,1,1,8,0,1.0,0.0,0.0,1,0,1,0,0,1,0,0,0,0,High,2,176800.0,AI Engineer,LaSalle Network
0,1,1,8,0,1.0,0.0,0.0,1,1,0,0,0,1,1,1,0,0,High,2,125000.0,Database Developer,Kavaliro
1,1,3,0,0,2.0,0.0,0.0,0,0,1,0,0,0,0,0,0,0,Mid,1,98800.0,Business Analyst,SBS Creatix
0,1,3,9,0,2.0,0.0,0.0,0,0,1,0,0,0,0,0,0,0,Mid,1,110000.0,Senior Budget Analyst,BioMADE
0,0,2,0,0,6.0,1.0,0.1429,0,0,0,0,0,0,0,0,0,0,High,2,148200.0,Senior Business Analyst,High Bridge Consulting LLC
0,1,3,9,0,3.0,0.0,0.0,0,0,0,0,0,0,0,0,0,0,Mid,1,90000.0,Senior Oracle EBS Analyst,Phaxis
0,0,3,8,0,1.0,0.0,0.0,0,0,0,0,0,0,0,0,0,0,Mid,1,119600.0,Financial Operations Analyst,Saicon
0,0,2,8,0,2.0,0.0,0.0,0,0,1,0,0,0,0,0,0,0,Mid,1,62400.0,Operations Analyst,Phyton Talent Advisors
0,1,1,8,0,2.0,0.0,0.0,0,0,1,0,0,0,0,0,0,0,Mid,1,110000.0,Compliance Analyst,Phaxis
0,0,1,8,0,2.0,0.0,0.0,0,1,0,0,0,0,1,0,0,0,Mid,1,119600.0,Data Modeler,"Pyramid Consulting, Inc"
0,1,1,8,0,1.0,0.0,0.0,0,0,1,0,0,0,0,0,0,0,Low,0,47500.0,Member Support Analyst,EyeProGPO
0,1,3,8,0,2.0,0.0,0.0,0,0,1,0,0,0,0,0,0,0,Mid,1,70000.0,Billing and Operations Analyst,Align
0,1,3,1,0,1.0,0.0,0.0,0,0,1,0,0,0,1,0,0,0,Mid,1,85000.0,Senior Financial Data Analyst,"The GEO Group, Inc."
0,1,1,8,0,4.0,0.0,0.0,0,0,1,0,0,0,0,0,0,0,High,2,125000.0,Finance Analyst,Centiva Capital
0,1,3,0,0,4.0,0.0,0.0,0,0,1,0,0,0,0,0,0,0,High,2,195000.0,Technical Business Analyst (VP Level),PRI Technology
0,0,2,5,0,4.0,1.0,0.2,0,0,0,0,0,0,0,0,0,0,High,2,122720.0,Financial Analyst,Integration International Inc.
0,1,1,8,0,3.0,0.0,0.0,0,0,1,0,0,0,0,0,0,0,Mid,1,105000.0,Cybersecurity Policy Analyst,Lafayette Group
0,1,3,5,0,4.0,0.0,0.0,0,0,1,0,0,0,1,0,0,0,Mid,1,100000.0,Senior Financial Analyst,Calvin Klein
0,1,3,8,0,2.0,0.0,0.0,1,1,0,0,0,0,0,0,0,1,Mid,1,115000.0,Portfolio Analyst,Allspring Global Investments
0,0,3,8,0,2.0,0.0,0.0,0,0,0,0,0,0,1,0,0,0,High,2,124800.0,Operations Analyst,Unknown Company
0,1,2,8,0,4.0,0.0,0.0,0,0,1,1,0,0,0,0,0,0,Mid,1,78300.0,CPFR Analyst,Kenvue
0,0,3,8,0,3.0,0.0,0.0,0,0,0,0,0,0,0,0,0,0,Mid,1,119600.0,Legal Operations Analyst,Beacon Hill Staffing Group
0,1,4,8,0,3.0,0.0,0.0,1,1,1,0,0,0,0,0,0,0,High,2,175000.0,Data Visualization Engineer (Infrastructure & Automation),PRI Technology
1,0,2,8,0,165.0,50.0,0.3012,0,0,0,0,0,0,0,0,0,0,Mid,1,98800.0,Process Analyst,The Select Group
0,1,3,8,0,2.0,0.0,0.0,0,0,1,0,0,0,0,0,0,0,Mid,1,60000.0,Accounts Receivable Analyst,Venteon
1,1,2,5,0,13.0,3.0,0.2143,0,1,1,0,0,1,0,0,0,1,Mid,1,105000.0,Financial Analyst - Reporting and Analysis,Welocalize
0,0,3,0,0,21.0,4.0,0.1818,0,0,0,0,0,0,0,0,0,0,High,2,130000.0,BUSINESS ANALYST,"Softworld, a Kelly Company"
1,1,3,8,0,1.0,0.0,0.0,0,1,0,0,0,0,0,0,0,0,Mid,1,106080.0,100% Remote-QNXT Benefits Configuration Analyst,Beacon Hill Staffing Group
0,1,3,9,0,4.0,0.0,0.0,0,0,1,0,0,0,0,0,0,0,Mid,1,80000.0,Senior Technical Support Analyst,Amwell
1,1,3,8,0,4.0,0.0,0.0,0,0,1,0,0,0,0,0,0,0,Low,0,45760.0,Medical Document Coding Analyst,KLDiscovery
1,1,3,9,0,5.0,0.0,0.0,0,1,0,1,0,0,0,0,0,1,High,2,152000.0,"Senior Business Intelligence Analyst, Marketing",Zillow
1,1,4,9,0,4.0,0.0,0.0,0,0,0,0,0,0,0,0,0,0,High,2,195700.0,"Senior Practice Principal -Data, Analytics, AI (US Remote)",DXC Technology
1,0,1,8,0,5.0,0.0,0.0,1,0,0,0,0,0,1,0,0,0,High,2,177247.2,DevOps/Site Reliability Engineering (SRE) - Linux - REMOTE,Randstad Digital Americas
0,1,1,8,0,4.0,0.0,0.0,0,0,1,0,0,0,0,0,0,0,Mid,1,95000.0,"Strategy & Operations Analyst, Capital IQ Solutions",S&P Global
0,0,1,8,0,4.0,0.0,0.0,0,0,0,0,0,0,0,0,0,0,Mid,1,117031.2,Quality and Reliability Engineer,Randstad USA
0,1,3,1,0,14.0,0.0,0.0,1,1,0,0,0,0,1,0,0,0,High,2,161000.0,"Senior/Lead Data Analyst, Finance & Strategy",Chime
1,0,1,8,0,16.0,1.0,0.0588,0,0,1,0,0,0,0,0,0,0,Mid,1,90720.0,Deal Desk Analyst,Conga
0,1,1,8,0,6.0,1.0,0.1429,1,1,1,1,0,0,0,1,0,0,Mid,1,90200.0,Data Solutions Engineer II (Managed Care - Clinical Focus) - R7266,CareSource
0,1,1,8,0,5.0,0.0,0.0,0,0,0,0,0,0,0,0,0,0,High,2,155055.0,Marketing Technology Analyst / Data Steward,Silicon Valley Bank
1,1,4,4,0,4.0,0.0,0.0,0,0,1,0,0,0,1,0,0,0,High,2,210000.0,"Director, Analyst Relations",Icertis
1,1,1,8,0,13.0,0.0,0.0,0,0,1,0,0,0,0,0,0,0,Mid,1,90000.0,Contract Analyst,Premera Blue Cross
0,1,1,8,0,17.0,2.0,0.1111,0,0,1,0,0,0,0,0,1,0,High,2,165000.0,"Software Engineer, Core Data Services",Qumulo
0,0,1,9,0,3.0,0.0,0.0,0,0,0,0,0,0,1,0,0,0,High,2,152066.0,Senior Data Governance Analyst,Capital Group
0,1,1,9,0,8.0,0.0,0.0,1,1,1,1,0,0,0,0,0,0,Mid,1,114592.5,Senior Analyst-Strategic Insights; J&J Robotics and Digital Solutions,Johnson & Johnson
0,1,1,4,0,3.0,0.0,0.0,0,0,1,0,0,1,0,0,0,0,High,2,193000.0,"Director, Global Development Data Science and Digital Health",Johnson & Johnson
1,1,3,1,0,4.0,0.0,0.0,0,1,1,0,0,0,1,0,0,0,High,2,129750.0,Credit Data Analyst 3 (Remote),Nordstrom
0,0,3,8,0,5.0,0.0,0.0,0,0,1,0,0,0,0,0,0,0,Low,0,54724.8,Associate Product Analyst Temp,Entertainment Partners
1,1,3,1,0,220.0,16.0,0.0724,1,1,0,0,0,0,1,0,0,1,Mid,1,110750.0,Credit Data Analyst 2 (Remote),Nordstrom
0,1,3,8,0,5.0,0.0,0.0,1,1,1,1,1,0,1,0,0,0,High,2,141750.0,Manufacturing Data Architect,Western Digital
0,1,1,8,0,5.0,0.0,0.0,0,0,1,1,0,0,0,0,0,0,Mid,1,86687.5,Systems Analyst / Planner / Master Scheduler,Leidos
1,1,1,8,0,10.0,3.0,0.2727,0,0,0,0,0,0,0,0,0,0,Low,0,47840.0,Data Entry Clerk - Work From Home,RemoteWorker US
0,1,2,0,0,11.0,2.0,0.1667,0,0,0,0,0,0,0,0,0,0,High,2,151350.0,Enterprise Payments Data Analytics Business Analyst,Wells Fargo
1,1,3,8,0,4.0,0.0,0.0,0,0,0,0,0,0,0,0,0,0,High,2,170000.0,Lead Ruby on Rails Engineer,Aha!
0,1,1,8,0,5.0,0.0,0.0,0,0,0,0,0,0,0,0,0,0,High,2,142350.0,Cyber fusion & Threat Analyst,Leidos
0,1,3,8,0,4.0,0.0,0.0,0,1,0,0,0,0,1,0,0,0,High,2,120000.0,Database Administrator 4,WEX
1,1,3,8,0,4.0,0.0,0.0,0,0,0,0,0,0,0,0,0,0,High,2,150000.0,Sr. Ruby on Rails Engineer (Knowledge),Aha!
0,1,2,8,0,4.0,0.0,0.0,0,0,0,0,0,0,0,0,0,0,High,2,127500.0,Sr. Deal Desk Analyst,Freshworks
0,1,1,8,0,8.0,2.0,0.2222,0,1,1,1,0,0,0,0,0,0,High,2,129700.0,"Sr. Analyst/Analyst, Slack Sales Programs",Salesforce
0,1,2,0,0,4.0,0.0,0.0,0,0,0,0,0,0,0,0,0,0,High,2,151350.0,Enterprise Payments Data Analytics Business Analyst,Wells Fargo
0,1,1,8,0,6.0,0.0,0.0,0,0,1,0,0,0,0,0,0,0,Mid,1,110000.0,Core Banking Technical Systems Analyst,Webster Bank
0,1,1,8,0,7.0,0.0,0.0,0,0,0,0,0,0,0,0,0,0,Mid,1,72414.0,Treasury Analyst I,Southwest Gas Corporation
0,1,3,9,0,24.0,3.0,0.12,0,0,0,0,0,0,0,0,0,0,High,2,167500.0,"Senior Scientist, Biology",Arcus Biosciences
0,1,3,4,0,10.0,1.0,0.0909,0,0,1,0,0,0,1,0,0,0,High,2,174450.0,Associate Director - Data Product Management,Merck
0,1,2,9,0,11.0,2.0,0.1667,0,0,0,0,0,0,1,0,0,0,High,2,130100.0,"Senior Scientist, Translational Molecular Biomarkers, Immunoassays",Merck
0,1,1,7,0,6.0,0.0,0.0,0,0,1,0,0,0,1,0,0,0,Mid,1,74197.5,AML Investigations Triage Analyst,U.S. Bank
0,1,1,3,0,13.0,2.0,0.1429,1,1,1,0,0,1,1,0,0,1,High,2,240201.5,TikTok Shop - Data Scientist - User Growth,TikTok
0,1,1,8,0,4.0,0.0,0.0,0,0,0,1,1,0,0,0,0,1,Mid,1,63525.0,Indirect Spend Analyst,"Vizient, Inc"
0,1,1,8,0,2.0,0.0,0.0,0,0,1,0,0,0,0,0,0,0,Mid,1,71822.40000000001,Computer Field Analyst (IBEW),Pacific Gas and Electric Company
0,1,2,8,0,5.0,0.0,0.0,0,0,0,0,0,0,0,0,0,0,Low,0,42640.0,Research & Data Administrator - Levelset,"Levelset, a Procore Company"
0,1,1,3,0,10.0,1.0,0.0909,1,1,1,0,0,1,1,0,0,1,High,2,252844.0,TikTok Shop - Data Scientist - User Growth,TikTok
0,1,1,7,0,9.0,1.0,0.1,1,0,1,0,0,1,1,1,0,0,High,2,250000.0,"Machine Learning Engineer, E-Commerce",TikTok
0,1,1,8,0,7.0,0.0,0.0,1,0,0,0,0,1,1,0,0,0,High,2,197500.0,"Research Scientist, Foundation Model (Video Generation) University Graduates- 2024 Start (PhD)",TikTok
0,1,1,7,0,5.0,0.0,0.0,1,0,1,0,0,1,1,1,0,0,High,2,237500.0,"Machine Learning Engineer, E-Commerce",TikTok
0,1,1,7,0,4.0,0.0,0.0,1,0,1,0,0,1,1,0,1,0,High,2,237500.0,"Machine Learning Engineer, Search - E-Commerce",TikTok
0,1,3,0,0,17.0,1.0,0.0556,0,1,1,0,0,0,1,0,0,0,High,2,122450.0,Senior Business Analyst - Strategy Enablement,Delta Dental Ins.
0,0,1,8,0,9.0,0.0,0.0,0,0,1,0,0,0,0,0,0,0,Low,0,35360.0,Data Entry Specialist - AP and AR,Allied OneSource
0,1,1,7,0,4.0,0.0,0.0,1,0,1,0,0,1,1,1,0,0,High,2,250000.0,"Machine Learning Engineer, Recommendation - E-Commerce",TikTok
0,1,3,0,0,7.0,0.0,0.0,0,1,1,0,0,0,1,0,0,0,High,2,122450.0,Senior Business Analyst - Strategy Enablement,Delta Dental Ins.
0,1,1,8,1,4.0,1.0,0.2,0,0,0,0,0,0,1,0,0,0,Low,0,30160.0,Data Entry Operator,"ATA Services, Inc."
0,1,3,8,0,4.0,0.0,0.0,0,0,0,0,0,0,0,0,0,0,Mid,1,72426.0,Environmental Scientist,CalRecycle
0,1,1,8,0,4.0,0.0,0.0,0,0,0,0,0,0,0,0,0,0,Mid,1,100004.5,Biological Scientist,USDA Animal and Plant Health Inspection Service (APHIS)
0,1,3,8,1,5.0,0.0,0.0,0,0,1,1,0,0,0,0,0,0,Mid,1,85000.0,Revenue Operations Analyst,A Hiring Company
0,1,1,8,0,3.0,0.0,0.0,0,0,0,0,0,0,0,0,0,0,Mid,1,84400.0,Sr Accounting Analyst,Xcel Energy
0,1,3,7,0,6.0,0.0,0.0,0,0,1,0,0,1,0,0,0,0,High,2,259625.0,Senior Developer Relationship Manager – Physics Informed Machine Learning,NVIDIA
0,1,3,8,0,7.0,0.0,0.0,0,0,1,0,0,0,0,0,0,0,High,2,231500.0,"SR AD, Clinical Systems & Analytics",Boehringer Ingelheim
0,1,3,3,0,18.0,6.0,0.3158,1,0,1,0,0,1,0,0,0,1,High,2,196000.0,"Senior Data Scientist, Developer Experience",Klaviyo
0,1,3,9,0,3.0,0.0,0.0,0,0,1,0,0,0,0,0,0,0,High,2,189000.0,Senior Offensive Security Engineer – Data Center Systems,NVIDIA
0,1,3,5,0,5.0,0.0,0.0,0,0,1,0,0,1,0,0,0,0,Mid,1,104917.0,Senior Financial Analyst,Edifecs
0,1,3,3,0,21.0,4.0,0.1818,1,0,1,0,0,1,0,0,0,1,High,2,196000.0,"Senior Data Scientist, Internal Operations",Klaviyo
1,1,3,8,0,6.0,0.0,0.0,0,0,0,0,0,0,0,0,0,0,Low,0,55000.0,Fraud Operations Analyst,Sleeper
0,1,3,8,0,6.0,0.0,0.0,0,0,1,0,0,0,0,0,0,0,Low,0,57336.0,STAFF SERVICES ANALYST (Hybrid),California Department of Health Care Services
0,1,1,7,0,5.0,1.0,0.1667,0,0,1,0,0,1,0,0,0,0,High,2,185500.0,Machine Learning Compiler Engineer,Qualcomm
0,1,1,5,0,22.0,3.0,0.1304,0,0,0,0,0,0,0,0,0,0,Mid,1,87500.0,Financial Analyst - IoT,Qualcomm
0,1,3,8,0,7.0,0.0,0.0,0,0,1,0,0,0,0,0,0,0,Mid,1,76788.0,County Compliance Analyst (Hybrid),California Department of Health Care Services
0,1,1,7,0,29.0,3.0,0.1,0,0,1,0,0,1,0,0,0,0,High,2,185500.0,Machine Learning Compiler Engineer,Qualcomm
1,1,3,2,0,5.0,0.0,0.0,1,1,1,0,0,0,1,0,0,0,Mid,1,112320.0,Data Engineer 3: 24-00989,"Akraya, Inc."
0,1,1,8,0,2.0,0.0,0.0,0,0,1,0,0,0,0,0,0,0,Mid,1,78900.0,"Analyst, Payor Operations and Solutions",Walgreens
1,1,1,8,0,148.0,33.0,0.2215,0,0,1,0,0,0,0,0,0,0,Mid,1,70000.0,Requirements & Configuration Management Analyst,"OmniTek Consulting, Inc."
0,1,3,1,0,48.0,13.0,0.2653,0,0,1,1,0,0,0,0,0,1,High,2,125000.0,Data Analyst,Catapult Solutions Group
0,0,3,9,0,122.0,0.0,0.0,0,1,0,0,0,0,0,0,0,0,High,2,184329.6,Senior Database Engineer,Apex Systems
1,1,3,3,0,50.0,5.0,0.098,1,1,1,0,0,1,1,0,0,1,High,2,141000.0,NHL Data Scientist,Swish Analytics
0,1,3,8,0,13.0,1.0,0.0714,0,0,0,0,0,0,0,0,0,0,Mid,1,95000.0,Policy Analyst,Black Women For Wellness
0,1,3,0,0,34.0,14.0,0.4,0,0,0,0,0,0,0,0,0,0,High,2,135000.0,Business Analyst,Brillio
0,1,1,0,0,54.0,17.0,0.3091,0,0,1,0,0,0,0,0,0,0,Mid,1,112500.0,Business Analyst,ApTask
0,1,1,2,0,25.0,9.0,0.3462,1,0,0,0,0,1,1,0,0,0,High,2,165000.0,Machine Learning Operations and Data Engineer,Emancro
0,1,3,9,0,9.0,2.0,0.2,0,0,1,0,0,0,0,0,0,0,Mid,1,90000.0,Senior Revenue Analyst,Aligned Solutions- Placement Experts
0,0,3,9,0,20.0,1.0,0.0476,0,0,1,0,0,0,0,0,0,0,High,2,195520.0,Senior/Principal Scientist in Translational Medicine Mass Spectrometry,Compass Consulting
1,1,3,2,0,80.0,20.0,0.2469,1,1,1,0,0,0,1,1,0,0,High,2,170000.0,"Senior Data Engineer, Governance",GameChanger
1,0,2,1,0,284.0,110.0,0.386,0,1,1,0,0,0,0,1,0,0,Low,0,57200.0,Data Analyst 1 - 10315,blueStone Staffing
0,1,2,8,0,27.0,5.0,0.1786,0,0,1,0,0,0,0,0,0,0,Mid,1,69500.0,Tax Analyst,AVAILABILITY Professional Staffing
0,1,1,8,0,2.0,0.0,0.0,0,0,1,0,0,0,0,0,0,0,Mid,1,93600.0,EUC Information Systems Analyst,Illinois Department of Innovation & Technology (DoIT)
0,1,1,8,0,32.0,2.0,0.0606,0,0,1,0,0,0,0,0,0,0,Mid,1,70000.0,"Research Analyst, Executive Search",Korn Ferry
0,1,3,9,0,12.0,1.0,0.0769,0,0,1,0,0,0,0,0,0,0,High,2,173576.0,"Senior/Principal Scientist, Translational Medicine Mass Spectrometry",Planet Pharma
0,1,2,8,0,107.0,31.0,0.287,0,0,0,0,0,0,0,0,0,0,Mid,1,80000.0,Credit Analyst,SNI Financial
0,0,3,8,0,121.0,10.0,0.082,0,0,0,0,0,0,0,0,0,0,High,2,124800.0,FISMA Analyst,Eliassen Group
0,1,2,8,0,10.0,2.0,0.1818,0,0,1,0,0,0,0,0,0,0,Mid,1,80000.0,Tax Analyst,Truity Partners
0,1,3,9,0,53.0,14.0,0.2593,0,0,1,0,0,0,0,0,0,0,Mid,1,98500.0,Senior Financial Systems Analyst,Insight Global
0,1,1,8,0,7.0,0.0,0.0,0,0,1,0,0,0,0,0,0,0,Mid,1,65000.0,Program / Configuration Analyst,The Columbia Group
1,0,1,8,0,162.0,52.0,0.319,1,1,0,1,0,0,0,0,0,0,High,2,130000.0,Healthcare Data Steward,InstantServe LLC
0,0,3,8,0,278.0,78.0,0.2796,0,0,0,0,0,0,0,0,0,0,Mid,1,78000.0,Sales Operations Analyst,Dexian
0,1,1,8,0,22.0,2.0,0.087,0,0,1,0,0,0,0,0,0,0,Mid,1,68640.0,Compliance Analyst,Insight Global
0,1,1,8,0,26.0,5.0,0.1852,0,0,1,0,0,0,0,0,0,0,Mid,1,115000.0,Private Equity Analyst,Augment Jobs
0,0,2,8,0,65.0,9.0,0.1364,0,0,0,0,0,0,1,0,0,0,Mid,1,78000.0,Network System Analyst,PSI (Proteam Solutions)
0,1,2,8,0,41.0,8.0,0.1905,0,1,1,0,1,0,0,0,0,0,Mid,1,70000.0,Financial Budget Analyst,VanderHouwen
0,0,3,8,0,132.0,23.0,0.1729,0,1,0,0,0,0,0,0,0,0,Mid,1,64480.0,Product Analyst,Insight Global
0,1,3,6,0,4.0,0.0,0.0,0,0,1,0,0,0,0,0,0,0,Mid,1,115000.0,Maintenance and Reliability Engineering Manager ,H.B. Fuller
0,1,2,8,0,6.0,2.0,0.2857,0,0,1,0,0,0,1,0,0,1,Mid,1,69259.5,Oncology Data Specialist - Cancer Registry,Stony Brook Medicine
0,0,1,8,0,81.0,19.0,0.2317,0,0,1,0,0,0,0,0,0,0,Low,0,47840.0,Data Entry/Administrative Assistant,Vaco
0,1,1,8,0,29.0,6.0,0.2,0,0,0,0,0,0,0,0,0,0,High,2,225000.0,Business           Analyst,Airdrop
0,1,2,1,0,650.0,339.0,0.5207,0,0,1,0,1,0,0,0,0,0,Mid,1,69780.0,Data Analyst,Vervent
0,0,3,8,0,17.0,1.0,0.0556,0,0,1,0,0,0,0,0,0,0,Mid,1,109200.0,Cost Analyst,IsoTalent
1,1,3,9,0,69.0,26.0,0.3714,0,0,0,0,0,0,1,0,0,0,High,2,145000.0,Senior Security Analyst,Constellation Search Group
0,0,2,8,0,30.0,3.0,0.0968,0,0,1,0,0,0,0,0,0,0,Low,0,54080.0,Treasury Analyst,Calculated Hire
0,1,2,8,0,68.0,21.0,0.3043,0,0,1,0,0,0,0,0,0,0,Mid,1,79040.0,Contracts Analyst,Planet Pharma
0,0,1,1,0,147.0,50.0,0.3378,0,1,0,0,0,0,0,1,0,0,Mid,1,62400.0,Data Analyst,ektello
0,0,2,1,0,80.0,25.0,0.3086,0,0,1,0,1,0,0,0,0,1,Mid,1,78000.0,Data Analyst,STONE Resource Group
0,1,2,0,0,205.0,77.0,0.3738,0,1,1,0,0,0,0,0,0,0,Mid,1,83200.0,Business Analyst,The Bolton Group
0,1,3,8,0,116.0,31.0,0.265,0,0,0,0,0,0,0,0,0,0,Mid,1,96000.0,Financial Systems Analyst,Insight Global
0,1,2,9,0,8.0,2.0,0.2222,0,0,1,0,0,0,0,0,0,0,Mid,1,113865.0,Internal Audit Senior Analyst,Solidigm
0,0,2,0,0,402.0,105.0,0.2605,0,0,0,0,0,0,0,0,0,0,Mid,1,69680.0,Business Analyst,Acro Service Corp
0,1,4,3,0,199.0,73.0,0.365,0,1,0,0,0,1,1,0,0,0,High,2,150000.0,Senior Data Scientist,AVAILABILITY Professional Staffing
0,1,3,2,0,46.0,7.0,0.1489,0,1,1,0,0,0,0,0,0,0,High,2,172500.0,Senior Data Engineering Manager (US) Consumer Pod,Curinos
1,1,3,5,0,355.0,161.0,0.4522,0,0,0,0,0,0,0,0,0,0,Mid,1,80000.0,Financial Analyst II,Prestige Staffing
0,1,2,8,0,60.0,16.0,0.2623,0,0,1,0,0,0,0,0,0,0,Mid,1,107500.0,Investment Banking Analyst,Selby Jennings
0,1,1,8,0,0.0,0.0,0.0,0,0,1,0,0,0,0,0,0,0,Mid,1,95000.0,Hybrid HR Analyst,"Pyramid Consulting Group, LLC"
0,0,2,8,0,38.0,5.0,0.1282,0,0,0,0,0,0,0,0,0,0,Mid,1,62400.0,Datacenter Technician,Randstad Digital Americas
0,0,1,8,0,22.0,4.0,0.1739,0,1,1,0,1,0,1,0,0,0,Mid,1,98800.0,Datawarehouse/ETL Developer,Innova Solutions
0,1,3,8,0,54.0,3.0,0.0545,0,0,1,0,0,0,0,0,0,0,Mid,1,117900.0,"Launch Safety Analyst, SLD 45",United States Space Force
0,1,3,8,0,11.0,1.0,0.0833,0,0,1,0,0,0,0,0,0,0,High,2,128450.0,Business Systems Analyst (Procure to Pay) ,Cisco
0,1,1,8,0,186.0,26.0,0.139,0,0,0,0,0,0,0,0,0,0,Mid,1,80000.0,Food Scientist,NuCicer
0,0,2,8,0,84.0,8.0,0.0941,0,0,0,0,0,0,0,0,0,0,Mid,1,67600.0,Analytical Development Scientist,Planet Pharma
0,1,2,8,0,56.0,13.0,0.2281,0,0,0,0,0,0,0,0,0,0,Mid,1,62500.0,IAM Analyst,Vaco
0,1,3,6,0,17.0,2.0,0.1111,0,0,0,0,0,0,1,0,0,0,Mid,1,97500.0,Compensation & Analytics Manager,Ultimate Staffing
0,1,3,5,0,26.0,6.0,0.2222,0,0,0,0,0,0,0,0,0,0,Mid,1,107500.0,Senior Financial Analyst,CapstoneONE Search
0,1,3,9,0,152.0,12.0,0.0784,0,0,0,0,0,0,0,0,0,0,High,2,157622.5,Senior/Principal Scientist,R&D Partners
0,0,2,8,0,8.0,0.0,0.0,0,0,1,0,0,0,0,0,0,0,Mid,1,71510.4,Scientist,eTeam
0,0,3,0,0,113.0,16.0,0.1404,0,0,1,0,0,0,0,0,0,0,High,2,156000.0,Utility Business Analyst,Progressive Recruitment
0,0,1,8,0,76.0,6.0,0.0779,0,0,0,0,0,0,0,0,0,0,Mid,1,67350.40000000001,Data Center Technical Operations Engineer I,Experis
0,1,3,8,0,63.0,6.0,0.0938,0,0,0,0,0,0,0,0,0,0,High,2,177500.0,"Staff Scientist, Drug Product Development",Meet
0,1,2,5,0,85.0,26.0,0.3023,0,0,1,0,0,0,0,0,0,0,Mid,1,67704.0,Financial Analyst,Crittenton Services
0,0,3,0,0,166.0,41.0,0.2455,0,0,1,0,0,0,0,0,0,0,High,2,168480.0,Business Analyst Quality Assurance,Dexian
0,1,1,8,0,20.0,3.0,0.1429,0,0,0,0,0,0,0,0,0,0,Low,0,47840.0,Quality Lab Analyst – Sensory Lab,Astrix
1,1,3,9,0,124.0,24.0,0.192,0,0,0,0,0,0,0,0,0,0,Mid,1,94300.0,Senior Pricing Analyst,White Cap
0,1,3,5,0,67.0,12.0,0.1765,0,0,1,0,0,0,0,0,0,0,High,2,169500.0,Senior Financial Analyst (Hybrid Opportunity),Stanford University
0,0,3,8,0,197.0,80.0,0.404,0,1,0,0,1,0,0,0,0,0,High,2,120640.0,Data Governance Engineer,"IDR, Inc."
0,1,3,8,0,54.0,15.0,0.2727,0,0,1,0,0,0,0,0,0,0,High,2,124800.0,Kronos Systems Analyst (325861),"IDR, Inc."
0,1,4,4,0,36.0,7.0,0.1892,0,0,1,0,0,1,0,0,0,0,High,2,250000.0,Sr Director Data Orchestration,Connection
0,0,3,5,0,101.0,32.0,0.3137,0,1,0,0,0,0,0,0,0,1,Mid,1,71073.6,Financial Analyst,Akkodis
0,1,3,8,0,66.0,27.0,0.403,1,0,0,0,0,0,0,0,0,0,High,2,130000.0,Site Reliability Engineer,Optomi
0,1,3,9,0,173.0,85.0,0.4885,0,1,0,0,0,0,1,0,0,0,High,2,124800.0,Senior Data Warehouse Engineer,Apex Systems
0,0,3,5,0,77.0,18.0,0.2308,0,1,0,0,0,0,0,0,0,1,Mid,1,71073.6,Financial Analyst,Akkodis
0,1,2,8,0,16.0,2.0,0.1176,0,0,0,0,0,0,1,0,0,0,Mid,1,111500.0,Data Protection - Technology Risk and Compliance Supervising Associate,EY
0,1,2,4,0,10.0,0.0,0.0,0,0,0,0,0,0,1,0,0,0,High,2,199300.0,Data Protection Technology Risk and Compliance Associate Director,EY
0,0,1,8,0,76.0,21.0,0.2727,1,0,1,0,0,0,1,0,0,0,High,2,145600.0,Site Reliability Engineer,Experis
0,1,2,8,0,22.0,5.0,0.2174,0,0,1,0,0,0,0,0,0,0,Mid,1,70000.0,Job Costing Analyst,The CSP Group
0,1,3,8,0,17.0,6.0,0.3333,0,0,1,0,0,0,0,0,0,0,Mid,1,83500.0,Accounting / Financial System Analyst - Hybrid - Great Life/Work Balance!,"Fairview Search Group, LLC"
0,0,2,8,0,102.0,26.0,0.2524,0,0,1,0,0,0,0,0,0,0,Mid,1,66560.0,Financial Risk Analyst,Insight Global
0,0,2,8,0,386.0,107.0,0.2765,0,1,1,1,1,0,0,0,0,0,Mid,1,73455.2, Power BI Developer & Reporting Analyst II,Akkodis
0,1,1,8,0,6.0,0.0,0.0,0,0,1,0,0,0,0,0,0,0,Low,0,50500.0,Revenue Cycle Management (RCM) Analyst,Unknown Company
0,0,2,1,0,14.0,3.0,0.2,0,0,1,1,0,0,1,0,0,0,Mid,1,67600.0,Data Analyst (Onsite role - only W2),SPECTRAFORCE
0,0,1,0,0,60.0,12.0,0.1967,0,0,0,0,0,0,0,0,0,0,Mid,1,69680.0,Business Analyst,Acro Service Corp
0,1,2,8,0,44.0,22.0,0.4889,0,1,1,1,0,0,0,0,0,0,Mid,1,80000.0,Junior Business Intelligence Developer,TransPerfect
1,1,3,8,1,36.0,11.0,0.2973,0,0,0,0,0,0,1,0,0,0,Mid,1,91000.0,Site Reliability Engineer / Disaster Recover Engineer,Ascendion
0,0,3,2,0,666.0,319.0,0.4783,1,1,0,0,0,0,0,0,0,0,Mid,1,114400.0,Data Engineer,ALOIS Solutions
0,0,1,1,0,32.0,13.0,0.3939,0,0,1,0,0,0,0,0,0,0,Low,0,55120.0,Data Analyst,ZealoTech People
0,0,2,8,0,16.0,0.0,0.0,0,0,1,0,0,0,0,0,0,0,Mid,1,76960.0,Marketing Analyst,Primary Services
0,1,3,2,0,106.0,57.0,0.5327,1,1,1,0,0,0,0,1,0,0,High,2,130000.0,Sr. Data Engineer _ NYC,Synechron
0,0,2,1,0,134.0,51.0,0.3778,0,0,1,0,0,0,0,0,0,0,Low,0,56680.0,Data Analyst,"Visium Resources, Inc."
0,1,3,1,0,3.0,0.0,0.0,0,0,0,0,0,0,0,0,0,0,Mid,1,62250.0,Financial and Data Analyst – Regulatory Compliance,Evergy
0,1,3,8,0,5.0,0.0,0.0,0,0,0,0,0,0,0,0,0,0,Mid,1,92250.0,Sr / Lead NERC Compliance Analyst (Operations and Planning),Evergy
0,0,2,5,0,72.0,20.0,0.274,0,0,1,0,0,0,0,0,0,0,Mid,1,77500.0,Financial Analyst,EPITEC
1,0,3,0,0,119.0,36.0,0.3,0,0,1,0,0,0,0,0,0,0,High,2,135200.0,Business Analyst (Pricing Strategy),Tandym Group
0,0,3,8,0,22.0,3.0,0.1304,0,0,0,0,0,0,1,0,0,0,Mid,1,88400.0,Transaction Monitoring Analyst,Ascendo Resources
0,1,3,3,0,383.0,150.0,0.3906,1,0,0,0,0,1,1,0,1,0,High,2,165000.0,Data Scientist,"Riverside Staffing, LLC"
0,1,3,9,0,9.0,0.0,0.0,0,0,1,0,0,0,0,0,0,0,Mid,1,85000.0,Senior Tax Analyst,Truity Partners
0,0,1,0,0,335.0,67.0,0.1994,0,0,0,0,0,0,0,0,0,0,High,2,260000.0,Business Analyst,RJC Group
0,1,4,4,0,79.0,16.0,0.2,0,0,0,1,0,0,0,0,0,0,High,2,180000.0,Director of Data Strategy,Henderson Scott
0,1,3,8,0,2.0,0.0,0.0,0,0,0,0,0,0,0,0,0,0,High,2,151101.6,Clinical Laboratory Scientist - Microbiology,Sutter Health
0,1,3,8,0,9.0,1.0,0.1,0,1,1,0,0,0,0,0,0,0,Mid,1,112500.0,Sr. SQL Server Database Developer / DBA _NYC / GA,Synechron
0,1,1,8,0,20.0,6.0,0.2857,0,0,1,0,0,0,1,0,0,0,Mid,1,65000.0,Commercial Real Estate Analyst,Irving Knight Group
0,1,1,1,0,64.0,36.0,0.5538,0,0,0,0,0,0,0,0,0,0,Mid,1,92525.0,Data Analyst,PowerToFly
1,1,4,4,0,45.0,6.0,0.1304,1,1,1,0,0,0,0,1,0,0,High,2,215000.0,Senior Director - Head of Commercial Data Platforms,"The ABK Group, LLC"
0,0,3,8,0,62.0,10.0,0.1587,0,0,1,0,0,0,1,0,0,0,Mid,1,88400.0,Datacenter Technician,INSPYR Solutions
0,0,2,8,0,24.0,0.0,0.0,0,0,1,0,0,0,0,0,0,0,Low,0,56160.0,Corporate Programs Project Analyst,Ztek Consulting
1,1,2,0,0,609.0,220.0,0.3607,0,0,1,0,0,0,0,0,0,0,High,2,127500.0,Senior Business Analyst ,Akkodis
0,1,2,8,0,9.0,1.0,0.1,0,0,1,0,0,0,0,0,0,0,Mid,1,90000.0,Credit Analyst,Ascendo Resources
0,0,2,8,0,67.0,9.0,0.1324,0,0,1,0,0,0,0,0,0,0,Mid,1,62400.0,Loan Operations Analyst,Phaxis
0,1,3,9,0,47.0,8.0,0.1667,0,0,1,0,0,0,0,0,0,0,High,2,170000.0,"Senior Vice President, Data Management & Quantitative Analysis Manager",BNY Mellon
1,0,3,8,0,149.0,16.0,0.1067,0,1,0,0,0,0,0,0,0,0,Mid,1,119600.0,IBM Db2 Database Administrator,Insight Global
0,0,3,1,0,284.0,95.0,0.3333,0,1,0,0,0,0,0,0,0,0,High,2,156000.0,Lead Data Analyst,RJC Group
0,0,3,0,0,79.0,12.0,0.15,0,0,0,0,0,0,0,0,0,0,Mid,1,93600.0,Business Analyst (Level III),Dexian
0,1,2,9,0,52.0,19.0,0.3585,1,1,1,1,0,0,0,0,1,1,Mid,1,76250.0,"Senior Programmer Analyst, Insight Analytics",EAB
0,0,3,8,0,57.0,7.0,0.1207,0,0,1,0,0,0,0,0,0,0,Low,0,59280.0,Help Desk Analyst,Robert Half
0,1,3,9,0,33.0,4.0,0.1176,0,0,1,0,0,0,1,0,0,0,High,2,130500.0,Senior Analyst HRIS Systems,Madison Square Garden Entertainment Corp.
1,1,2,8,0,167.0,31.0,0.1845,0,0,1,0,0,1,0,0,0,0,High,2,131000.0,Compensation Analyst II,Tekion Corp
1,0,3,8,0,260.0,63.0,0.2414,1,1,0,1,0,0,0,0,0,0,High,2,131040.0,Claims Data Steward,Magnit
1,1,2,9,0,44.0,8.0,0.1778,1,1,1,1,0,0,0,0,1,1,Mid,1,76250.0,"Senior Programmer Analyst, Insight Analytics",EAB
0,1,1,6,0,13.0,0.0,0.0,0,1,1,1,0,0,0,0,0,1,High,2,125000.0,Digital Marketing Manager - Analytics (Remote Eligible),RSM US LLP
1,1,3,8,0,101.0,21.0,0.2059,0,1,1,0,0,0,0,0,0,0,High,2,120000.0,PLM Analyst,Eliassen Group
0,1,1,9,0,16.0,1.0,0.0588,0,0,1,0,0,0,0,0,0,0,Mid,1,102300.0,Project Delivery Senior Analyst - Epic Rehab Therapies Analyst,Deloitte
0,1,3,6,0,24.0,5.0,0.2,0,0,0,0,0,0,0,0,0,0,High,2,140000.0,Project Manager (Mission Critical / Data Centers) ,Tiello
0,1,3,8,0,56.0,10.0,0.1754,1,1,1,0,0,0,0,0,0,0,High,2,200000.0,Securities Quantitative Analytics,The Nugget Group Your Partner in Progress
0,1,2,9,0,32.0,11.0,0.3333,1,1,1,1,0,0,0,0,1,1,Mid,1,76250.0,"Senior Programmer Analyst, Insight Analytics",EAB
0,1,1,8,0,92.0,32.0,0.3441,0,0,0,0,0,0,0,0,0,0,High,2,225000.0,Business             Analyst,Airdrop
0,1,3,2,0,60.0,30.0,0.4918,0,0,1,0,0,0,0,0,0,0,High,2,177500.0,Senior Data Engineer,Provision People
1,1,1,8,0,43.0,2.0,0.0455,0,1,0,0,0,0,0,0,0,0,Mid,1,78264.56,"Analyst, Encounters (PST hours)",Molina Healthcare
0,0,2,8,0,38.0,5.0,0.1282,0,0,1,0,0,0,0,0,0,0,Mid,1,72800.0,Loan Analyst,Corps Team
0,1,3,8,0,31.0,3.0,0.0938,0,0,1,0,0,0,0,0,0,0,High,2,120000.0,"HYBRID Digital Marketing Analyst (Up to $125K, Google Analytics Cert) ",#twiceasnice Recruiting
0,1,3,8,0,24.0,5.0,0.2,0,0,1,0,0,0,0,0,0,0,High,2,125000.0,Epic Ambulatory Analyst,Smith Arnold Partners
0,1,1,1,0,132.0,70.0,0.5263,1,1,1,0,1,0,1,0,0,1,Mid,1,100000.0,"Data Analyst, Business Intelligence","HealthCare Partners, New York"
0,1,1,5,0,2.0,0.0,0.0,0,0,1,0,0,0,0,0,0,0,Mid,1,67500.0,Financial Analyst,Columbia University Irving Medical Center
0,1,1,8,0,50.0,4.0,0.0784,0,0,1,0,0,0,0,0,0,0,Mid,1,63076.0,Compliance Analyst,Publix Super Markets
1,0,2,8,0,460.0,116.0,0.2516,0,0,0,0,0,0,0,0,0,0,Low,0,59280.0,Laboratory Analyst (Empower Admin) ,The Fountain Group
0,1,2,8,0,74.0,9.0,0.12,0,0,1,0,0,0,0,0,0,0,Mid,1,105000.0,Cybersecurity Policy Analyst,Lafayette Group
0,0,2,5,0,36.0,9.0,0.2432,0,0,1,0,0,0,1,0,0,0,Mid,1,74880.0,Financial Analyst,EPITEC
0,0,3,1,0,197.0,79.0,0.399,1,1,1,1,0,0,0,0,0,0,High,2,134160.0,Data Analyst,Russell Tobin
0,1,1,8,0,39.0,12.0,0.3,0,0,0,0,0,0,1,0,0,0,Mid,1,107500.0,Compliance Analyst,The Bluestone Group
0,1,2,6,0,31.0,2.0,0.0625,0,0,1,0,0,0,0,0,0,0,High,2,138236.88,Information Technology Analyst Principal – Enterprise Data Manager,Solano County
0,0,3,1,0,221.0,94.0,0.4234,1,1,1,0,0,0,1,0,0,1,Mid,1,72500.0,Data Analyst,Numero Data
1,0,2,8,0,151.0,53.0,0.3487,0,1,0,0,0,0,0,0,0,0,Mid,1,67745.6,Junior Technical Analyst (NO C2C/Sponsorship),Corps Team
1,1,3,8,0,451.0,245.0,0.542,1,1,0,0,0,0,0,0,0,0,Mid,1,100500.0,Power BI Analyst,Insight Global
0,1,1,8,0,21.0,6.0,0.2727,0,0,1,0,0,0,0,0,0,0,Low,0,41600.0,Data Entry Specialist,Advantage Tech
0,0,2,5,0,55.0,6.0,0.1071,0,0,0,0,0,0,0,0,0,0,Low,0,49920.0,Financial Analyst,ATR International
1,1,3,9,0,372.0,120.0,0.3217,0,0,0,0,1,0,0,0,0,0,High,2,165000.0,Senior Manager of Talent Acquisition Analytics & Business Intelligence (Direct-Hire / Remote),Vaco
0,0,3,8,0,51.0,10.0,0.1923,0,1,0,0,0,0,0,0,0,0,High,2,135200.0,"Database Administrator (SQL, Sybase) (local to MI, OH or IN)",Morph Enterprise
0,1,1,8,0,7.0,0.0,0.0,0,1,1,0,0,0,0,0,0,0,Mid,1,84900.0,Accounting and Operations Analyst,"GenStar Insurance Services, LLC"
0,1,3,8,0,4.0,1.0,0.2,0,0,1,0,0,0,0,0,0,0,High,2,130750.0,"Programmer Analyst, Process Engineering","Yoh, A Day & Zimmermann Company"
0,1,3,9,0,7.0,0.0,0.0,0,0,0,0,0,0,0,0,0,0,Mid,1,98772.0,Extreme Heat Senior Environmental Scientist,Office of Environmental Health Hazard Assessment (OEHHA)
0,0,2,8,0,39.0,5.0,0.125,0,0,1,0,0,0,0,0,0,0,Low,0,48859.2,Data Compliance Associate,Russell Tobin
0,1,1,9,1,11.0,0.0,0.0,0,0,0,0,0,0,0,0,0,0,Mid,1,114496.5,Senior Systems Analyst,"BMW of North America, LLC"
1,1,2,2,0,106.0,59.0,0.5514,1,1,0,0,0,0,1,0,0,0,High,2,125000.0,Data Engineer,Best High Technologies LLC (BHT)
0,0,3,1,0,29.0,12.0,0.4,0,0,1,1,0,0,0,0,0,0,Mid,1,103500.0,Data Analyst,HRUCKUS
0,1,3,8,0,87.0,14.0,0.1591,0,0,0,0,0,0,0,0,0,0,High,2,177500.0,"Staff Scientist, Drug Product Development",Meet
1,1,2,8,0,26.0,8.0,0.2963,1,0,0,0,0,0,1,0,0,0,High,2,125000.0,Site Reliability Engineer,Best High Technologies LLC (BHT)
0,1,3,8,0,58.0,13.0,0.2203,0,0,1,0,0,0,0,0,0,0,Mid,1,75000.0,Application Analyst,Akkodis
0,1,2,8,0,56.0,15.0,0.2632,0,0,1,1,0,0,0,0,0,1,Mid,1,94500.0,"Analyst, Revenue Operations Reporting",Equinix
0,1,3,8,0,13.0,4.0,0.2857,0,0,0,1,0,0,0,0,0,0,High,2,125155.0,Business Intelligence Administrator,Capgemini
0,1,3,8,0,334.0,83.0,0.2478,0,0,1,0,0,0,0,0,0,0,Mid,1,97760.0,Supply Chain Analyst,Workrise
0,1,1,8,0,46.0,7.0,0.1489,0,1,1,0,0,0,0,0,0,0,Mid,1,108500.0,SalesForce Systems Analyst II,Panasonic Avionics Corporation
0,1,3,8,0,30.0,4.0,0.129,0,0,1,0,0,0,0,0,0,0,Low,0,54600.0,Sales Finance Analyst,Bolthouse Farms
0,1,1,8,0,20.0,0.0,0.0,1,1,0,0,0,0,1,1,0,0,High,2,147500.0,"Compliance Datawarehouse Lead, VP",State Street
0,1,3,9,0,7.0,0.0,0.0,0,1,0,0,0,0,0,0,0,0,High,2,145600.0,Senior Analyst/.NET Developer,ConsultNet Technology Services and Solutions
1,1,3,8,0,253.0,48.0,0.189,0,1,1,0,0,0,0,0,0,0,Mid,1,98000.0,Business Systems Analyst,The Standard
0,1,3,9,0,24.0,5.0,0.2,1,0,1,0,0,1,0,0,0,0,High,2,162960.0,Senior Site Reliability Engineer,LogicMonitor
0,0,3,8,0,28.0,1.0,0.0345,0,0,1,0,0,0,0,0,0,1,Mid,1,60000.0,Epidemiologist (Scientist I or II),UW School of Medicine and Public Health
0,1,3,9,0,12.0,1.0,0.0769,0,0,0,0,0,0,1,0,0,0,High,2,137500.0,Senior Wind Turbine Blade Engineer,DNV
0,1,1,8,0,37.0,7.0,0.1842,0,0,0,0,0,0,1,0,0,0,Low,0,41600.0,Data Entry Specialist,Addison Group
1,0,3,8,0,143.0,28.0,0.1944,0,0,1,0,0,0,0,0,0,0,Low,0,58240.0,(US) Solutions Analyst - Clinical - 1 year Contract,PointClickCare
1,1,3,8,0,3.0,0.0,0.0,0,0,1,0,0,0,0,0,0,0,Mid,1,67000.0,"(US) Sr. Solutions Analyst, Clinical",PointClickCare
1,1,3,8,0,38.0,7.0,0.1795,0,0,1,0,0,0,0,0,0,0,Mid,1,67000.0,"(US) Sr. Solutions Analyst, Clinical",PointClickCare
1,0,3,8,0,27.0,0.0,0.0,0,0,1,0,0,0,0,0,0,0,Low,0,58240.0,(US) Solutions Analyst - Clinical - 1 year Contract,PointClickCare
0,1,3,9,0,8.0,1.0,0.1111,1,0,1,0,0,1,0,0,0,0,High,2,162960.0,Senior Site Reliability Engineer,LogicMonitor
0,1,3,8,0,70.0,7.0,0.0986,0,0,1,0,0,0,0,0,0,0,High,2,124436.0,Strategic Financial Advisor/Budget Analyst,City of Seattle
0,1,1,8,0,43.0,1.0,0.0227,0,0,1,0,0,0,1,0,0,0,Mid,1,76250.0,Product Operations Analyst,Global Atlantic Financial Group
0,1,3,9,0,15.0,1.0,0.0625,0,0,1,0,0,0,1,0,0,1,High,2,145080.0,"Senior Scientist or Scientist or Lead Researcher - (Pharmacoepidemiology, Pharmacogenomics, Pharmacoeconomics, Population Health)",St. Jude Children's Research Hospital
0,0,2,8,0,31.0,2.0,0.0625,0,0,1,0,0,0,0,0,0,0,Low,0,48193.600000000006,Legal Data Collection Staff,ATC
0,1,1,8,0,12.0,2.0,0.1538,0,0,1,0,0,0,0,0,0,0,Mid,1,70200.0,Network Analyst,Connection
0,1,2,6,0,3.0,0.0,0.0,0,0,1,0,0,0,0,0,0,0,High,2,122500.0,"Sr. Analyst/Manager, FP&A",Unknown Company
0,1,1,9,0,3.0,0.0,0.0,0,0,1,0,0,0,0,0,0,0,High,2,124800.0,"Senior/Principal Scientist, Translational Medicine Mass Spectrometry",Planet Pharma
1,1,1,2,0,8.0,1.0,0.1111,1,1,1,1,0,1,1,0,0,0,High,2,261100.0,"Staff Data Engineer, Marketing Technology",Thumbtack
0,0,3,9,0,6.0,0.0,0.0,0,0,1,0,0,0,1,0,0,0,Mid,1,114400.0,GDPR Senior Data Protection Consultant,Experis
0,0,1,8,0,6.0,0.0,0.0,0,0,0,0,0,0,0,0,0,0,Low,0,52083.2,Data Center Technician,Experis
0,1,3,0,0,942.0,202.0,0.2142,0,1,1,1,0,0,0,0,0,1,Mid,1,72900.0,Business Analyst,Paramount
0,1,1,8,0,5.0,0.0,0.0,0,0,0,0,0,0,0,0,0,0,Mid,1,98800.0,PV Clinical Scientist - ICSR Case Management,Planet Pharma
0,1,3,9,0,4.0,0.0,0.0,0,0,1,0,0,0,0,0,0,0,Mid,1,77500.0,"Analyst/Senior Analyst, Financial Planning & Analysis (FP&A)",Paramount
0,1,1,6,0,30.0,3.0,0.0968,0,0,1,0,0,0,0,0,0,0,Mid,1,101850.0,"Manager, Advanced Advertising Data Solutions, Paramount Advertising",Paramount
0,1,3,8,0,5.0,1.0,0.1667,0,1,0,0,0,0,1,0,0,0,High,2,162500.0,Data Architect,Experis
0,1,3,9,0,8.0,2.0,0.2222,0,0,0,0,0,0,0,0,0,0,Mid,1,114400.0,Senior Quality Assurance Analyst,The Intersect Group
0,0,1,5,0,33.0,5.0,0.1471,0,0,1,0,0,0,0,0,0,1,Low,0,33280.0,Financial Analyst Seasonal Internship,Sandy Pine 
0,1,1,8,0,3.0,0.0,0.0,0,0,1,0,0,0,1,0,0,0,Mid,1,79216.79999999999,Housing Program Analyst I,County of San Diego
0,0,3,8,0,6.0,0.0,0.0,0,0,1,0,0,0,0,0,0,0,Mid,1,65520.0,Cross Ship Analyst,Insight Global
1,1,3,0,0,159.0,80.0,0.5,0,0,0,0,0,0,0,0,0,0,Mid,1,110000.0,Business Analyst (Windchill PLM),TEEMA
1,1,3,3,0,9.0,2.0,0.2,1,0,1,0,0,0,1,0,0,0,High,2,160000.0,Senior Data Scientist,"Sprout Social, Inc."
0,1,3,8,0,36.0,2.0,0.0541,0,1,0,0,0,0,1,0,0,0,Mid,1,101360.0,Actuarial Analyst II,Elevance Health
0,0,2,8,0,20.0,4.0,0.1905,0,0,1,0,0,1,0,0,0,0,Mid,1,67600.0,Data Quality Analyst,Insight Global
0,1,1,5,0,15.0,4.0,0.25,0,0,1,0,0,0,0,0,0,0,Low,0,57500.0,Financial Analyst,Exxir
1,1,1,0,0,55.0,10.0,0.1786,0,1,1,0,1,0,0,0,0,0,Mid,1,118000.0,Business Analyst IV,Centene Corporation
1,1,1,0,0,128.0,45.0,0.3488,0,1,1,0,1,0,0,0,0,0,Mid,1,118000.0,Business Analyst IV,Fidelis Care
0,1,4,4,0,75.0,14.0,0.1842,0,0,1,0,0,0,1,0,0,0,High,2,395220.0,"Director of Product, Databases",Roblox
0,1,3,5,0,13.0,2.0,0.1429,0,0,0,0,0,0,0,0,0,0,Mid,1,70000.0,Supply Chain Financial Analyst,Core-Mark International
1,0,3,1,0,72.0,25.0,0.3425,0,0,0,0,0,0,1,0,0,0,Mid,1,98800.0,Cloud Data Analyst ,Insight Global
0,1,3,9,0,27.0,7.0,0.25,0,0,1,0,0,0,0,0,0,0,Mid,1,84240.0,Senior Logistics Analyst,Insight Global
1,1,1,8,0,289.0,40.0,0.1379,0,0,1,0,0,0,0,0,0,0,Mid,1,69500.0,Business System Analyst - UAT,American Express Global Business Travel
1,1,3,9,0,25.0,2.0,0.0769,0,0,1,0,0,0,0,0,0,1,Mid,1,90000.0,Senior Labor Analyst,Insight Global
0,1,1,8,0,18.0,2.0,0.1053,0,0,1,0,0,0,0,0,0,0,Mid,1,78145.4,Financial Planning and Analysis Analyst - Corporate Bank,Regions Bank
0,1,3,9,0,7.0,0.0,0.0,0,0,0,0,0,0,1,0,0,0,High,2,122500.0,Senior All Source Analyst,Cherokee Federal
0,1,3,9,0,63.0,20.0,0.3125,1,1,1,1,0,0,0,0,0,0,High,2,160000.0,Senior Data Intelligence Engineer,Contentful
0,0,3,8,0,6.0,0.0,0.0,0,0,1,0,0,0,0,0,0,0,Mid,1,86320.0,Technical Revenue Operations Analyst,Russell Tobin
0,1,1,5,0,83.0,27.0,0.3214,0,0,1,0,0,0,0,0,0,0,Low,0,57500.0,Financial Analyst,Exxir
0,0,1,8,0,5.0,0.0,0.0,0,0,0,0,0,0,0,0,0,0,Mid,1,61360.0,QC Virology Lab Analyst,Russell Tobin
0,1,3,9,0,16.0,1.0,0.0588,0,0,1,0,0,0,0,0,0,0,Mid,1,96000.0,Contracts Demand Senior Analyst (Hybrid),Collins Aerospace
0,1,1,8,0,7.0,0.0,0.0,0,0,0,0,0,0,1,0,0,0,Mid,1,119900.0,Data/Configuration Management Specialist II,ManTech
0,0,1,8,0,26.0,0.0,0.0,0,0,1,0,0,0,0,0,0,0,Low,0,38896.0,Data Entry Associate,Russell Tobin
0,1,1,1,0,4.0,0.0,0.0,1,1,1,1,0,0,1,0,0,0,Mid,1,109103.5,Data Analyst,IBM
0,1,1,8,0,13.0,0.0,0.0,0,0,1,0,0,0,0,0,0,0,Mid,1,82500.0,Compliance Analyst to Supervisory Principal (Financial Services Industry),WestStar Prosperity Group
1,0,2,0,0,194.0,74.0,0.3795,0,0,1,0,0,0,0,0,0,0,Mid,1,114400.0,Senior Business Analyst,Robert Half
0,1,1,8,0,36.0,3.0,0.0811,1,1,1,1,0,1,0,0,0,1,High,2,136200.0,VP-Business Data Architect,"Nuveen, a TIAA company"
0,1,3,6,0,6.0,0.0,0.0,0,0,1,0,0,0,1,0,0,0,Mid,1,61911.2,Environmental Data Program Manager,Kansas Department of Health and Environment
0,1,1,8,0,13.0,2.0,0.1429,0,0,1,0,0,0,0,0,0,0,Mid,1,79040.0,Financial Planning Analyst,ML OUTSOURCING SERVICES PRIVATE LIMITED
0,1,1,0,0,287.0,45.0,0.1562,0,0,1,0,0,0,1,0,0,0,High,2,133596.0,Business Analyst,IBM
1,0,1,8,0,21.0,2.0,0.0909,0,1,1,0,0,0,0,0,0,0,High,2,135200.0,Database Developer,Russell Tobin
0,1,3,8,0,7.0,0.0,0.0,0,0,1,0,0,0,0,0,0,0,Mid,1,96000.0,"Sr Analyst, O&M Field Eng (Onsite)",Raytheon
0,1,1,8,0,33.0,3.0,0.0882,0,0,1,0,0,0,1,0,0,0,High,2,137000.0,"Brand Sales Specialist - Data, AI & Automation",IBM
0,1,1,8,0,138.0,11.0,0.0791,0,0,0,0,0,0,1,0,0,0,High,2,138000.0,Failure Analysis Engineer,IBM
0,0,3,9,0,31.0,5.0,0.1562,0,0,1,0,0,0,0,0,0,0,High,2,133120.0,Senior Business Systems Analyst,"Motus Recruiting and Staffing, Inc."
0,1,3,9,0,42.0,8.0,0.186,0,0,1,0,0,0,1,0,0,0,Mid,1,113250.0,Senior Quality Assurance Analyst-ProdDev Bay Area,Oracle
0,0,0,8,0,179.0,53.0,0.2944,0,0,1,0,0,0,0,0,0,0,Low,0,52000.0,Investment Analyst Summer Internship - LMF,Lennar Mortgage
0,1,2,8,0,68.0,12.0,0.1739,0,0,1,0,0,0,1,0,0,0,Mid,1,72900.0,"Associate Scientist, Cell Line Development",Pfizer
0,1,1,8,0,36.0,2.0,0.0541,1,0,1,0,0,1,0,1,0,1,High,2,220000.0,Principal Applied Scientist,Cardlytics
1,0,3,8,0,83.0,16.0,0.1905,0,0,0,0,0,0,0,0,0,0,Mid,1,119600.0,"Sr. Analyst, Marketing Sourcing",The Sage Group
0,1,2,8,0,17.0,2.0,0.1111,0,0,0,0,0,0,0,0,0,0,Mid,1,101434.0,Information Technology - Data Management Specialist,Air Force Civilian Service
0,1,2,8,0,45.0,4.0,0.087,0,0,0,0,0,0,0,0,0,0,Mid,1,101434.0,Information Technology Specialist - Data Operations,United States Air Force
0,0,3,9,0,56.0,7.0,0.1228,0,0,0,0,0,0,0,0,0,0,High,2,128960.0,Senior Research Development Scientist,Harvey Nash
1,0,2,8,0,733.0,254.0,0.346,0,0,0,0,0,0,0,0,0,0,Low,0,41600.0,Help Desk Analyst ( Night Shift ) ,Apex Systems
0,1,3,8,0,51.0,8.0,0.1538,0,1,1,0,0,0,0,0,0,0,Mid,1,98050.0,Data Support Sr. Analyst-(Data Strategy & Management),Bank of America
1,0,3,2,0,503.0,188.0,0.373,0,1,1,0,0,0,0,0,0,0,High,2,126880.0,Data Engineer,The Carrera Agency
1,0,3,8,0,120.0,42.0,0.3471,1,0,0,0,0,0,1,0,0,0,Mid,1,119600.0,Sr IAM Security Analyst,Irvine Technology Corporation
0,1,3,9,0,44.0,2.0,0.0444,0,0,1,0,0,0,1,0,0,0,Mid,1,117700.0,Senior Scientist - ADC Chemistry,Pfizer
0,1,3,5,0,19.0,6.0,0.3,0,1,1,1,1,0,0,0,0,0,Mid,1,112500.0,Senior Financial Analyst,Tatum by Randstad
0,1,3,6,0,9.0,1.0,0.1,0,1,1,0,0,0,0,1,0,0,High,2,181950.0,"Sr. Manager, Software Engineering – Data Services",Oracle
0,1,2,8,0,26.0,1.0,0.037,0,0,1,1,0,0,0,0,0,1,Mid,1,102500.0,Sales Operations Analyst for medical technology company,OSI Engineering
0,1,1,0,0,22.0,5.0,0.2174,0,0,0,0,0,0,0,0,0,0,Low,0,44657.6,Business Analyst Intern,Strayer University
0,1,2,1,0,528.0,166.0,0.3138,1,1,0,0,0,1,1,0,0,1,Mid,1,80500.0,Data Analyst,Ascendion
0,1,1,9,0,18.0,2.0,0.1053,0,0,1,0,0,0,0,0,0,0,Mid,1,119246.4,Senior Compensation Analyst,APR Consulting
0,0,3,8,0,10.0,0.0,0.0,0,0,0,0,0,0,1,0,0,0,Mid,1,84240.0,Business System Analyst ,Irvine Technology Corporation
0,1,2,8,0,47.0,9.0,0.1875,0,0,1,0,0,0,0,0,0,0,Mid,1,92500.0,Accounts Payable Analyst,Pocketbook Agency
0,1,3,9,0,11.0,4.0,0.3333,0,0,1,0,0,0,0,0,0,0,Mid,1,100000.0,Senior FP&A Analyst - Healthcare | $95-105K,Vaco
0,1,1,2,0,64.0,20.0,0.3077,1,1,1,0,0,0,0,0,0,0,High,2,150000.0,Senior Software/Data Engineer,Checchi Capital Advisers
0,0,2,8,0,104.0,27.0,0.2571,0,0,0,0,0,0,0,0,0,0,Mid,1,82160.0,Business Operations Support Analyst (QA Analyst),Intelliswift Software
0,1,3,5,0,9.0,1.0,0.1,0,0,1,0,0,0,0,0,0,0,High,2,125000.0,Senior Accountant/Senior Financial Analyst,Vaco
0,1,3,8,0,70.0,14.0,0.1972,0,0,1,0,0,0,0,0,0,0,Mid,1,82500.0,Commercial Analyst,Future
0,1,3,8,0,14.0,3.0,0.2,1,0,1,0,0,0,1,1,0,0,High,2,210000.0,Data Streaming Technical Lead,AllSTEM Connections
0,1,3,9,0,22.0,6.0,0.2609,0,0,1,0,0,0,0,0,0,0,Mid,1,107500.0,Senior Financial Planning Analyst,CornerStone Staffing
1,1,1,6,0,181.0,41.0,0.2253,1,1,0,0,0,0,0,0,0,0,High,2,135000.0,Sr Manager of Analytics,24 Seven Talent
0,0,3,8,0,19.0,9.0,0.45,0,1,0,0,0,0,0,0,0,0,Mid,1,107120.0,Data Governance/Quality Analyst,Apex Systems
0,1,3,8,0,12.0,0.0,0.0,1,1,0,0,0,0,0,0,0,0,Mid,1,114700.0,"FP&A Analyst, Institutional",Coinbase
0,1,3,8,0,24.0,1.0,0.04,1,1,0,0,0,0,0,0,0,0,Mid,1,114700.0,"FP&A Analyst, Base & Developer",Coinbase
0,1,3,8,0,4.0,0.0,0.0,0,0,0,0,0,0,0,0,0,0,Low,0,57336.0,STAFF SERVICES ANALYST,Employment Development Department
0,1,3,5,0,13.0,2.0,0.1429,0,0,1,0,0,0,0,0,0,0,Low,0,59350.0,"Financial Analyst, Sr. (Revenue Forecasting)",City of Atlanta
0,0,3,2,0,215.0,0.0,0.0,1,1,0,0,0,0,1,0,0,0,Mid,1,118560.0,Data Engineer - Python [74476],Onward Play
1,0,3,7,0,213.0,0.0,0.0,1,1,0,0,0,1,0,1,0,1,High,2,145600.0,Computer Vision/ Machine Learning Engineer ,Akkodis
0,0,3,8,1,79.0,5.0,0.0625,0,0,0,0,0,0,0,0,0,0,Mid,1,64480.0,Data Collection Researcher/Specialist,Collabera
0,1,1,9,0,11.0,0.0,0.0,0,1,0,1,1,0,0,0,0,1,Mid,1,117725.5,Senior Engineer (Generation Predictive Maintenance - PdM),Omaha Public Power District
0,1,1,9,0,3.0,0.0,0.0,0,0,0,0,0,0,1,0,0,0,High,2,137500.0,Senior Wind Turbine Blade Engineer,DNV
0,1,3,6,0,27.0,2.0,0.0714,0,0,0,0,0,0,1,0,0,0,Mid,1,95500.0,Data Manager,CAMRIS
0,0,3,8,0,150.0,13.0,0.0861,0,0,0,0,0,0,1,0,0,0,Mid,1,74880.0,Analytical Development Scientist,Innova Solutions
1,0,4,8,0,76.0,20.0,0.2597,0,0,1,0,0,0,0,0,0,0,High,2,120000.0,Data Product Owner,Turnberry Solutions
1,0,3,9,0,28.0,6.0,0.2069,0,0,1,0,0,0,0,0,0,0,Mid,1,113100.0,Senior HR Workday Advanced Compensation Analyst (Remote),"Medline Industries, LP"
1,0,2,8,0,206.0,72.0,0.3478,0,0,0,0,0,0,0,0,0,0,Low,0,52000.0,Accounts Receivable Analyst | REMOTE,CRG
0,1,2,8,0,58.0,22.0,0.3729,0,0,0,0,0,0,0,0,0,0,Mid,1,92500.0,Oracle Database Administrator,LTIMindtree
0,1,1,8,0,131.0,37.0,0.2803,0,1,1,0,0,0,0,0,0,0,Mid,1,82415.0,SQL Database Administrator,LTIMindtree
0,0,3,6,1,38.0,11.0,0.2821,0,0,0,0,0,0,0,0,0,0,High,2,135512.0,Governance and Controls Analyst Project Manager,Collabera
0,1,1,5,0,4.0,0.0,0.0,0,1,1,0,0,0,0,0,0,0,Mid,1,104500.0,Senior Financial Analyst,McKesson
0,0,3,8,0,285.0,119.0,0.4161,1,0,1,0,0,0,1,0,0,0,High,2,140400.0,Site Reliability Engineer,Akkodis
0,0,3,8,0,6.0,0.0,0.0,0,0,1,0,0,0,1,0,0,0,Low,0,46800.0,Payroll Analyst,Apex Systems
0,1,2,8,0,7.0,1.0,0.125,0,0,0,0,0,0,0,0,0,0,Low,0,41600.0,Financial Services | Service Desk Analyst Level 2,Encore Technologies
0,1,3,9,0,12.0,0.0,0.0,0,1,1,0,0,0,0,0,0,0,Mid,1,117500.0,Senior Catastrophe Modeling Analyst,AmericanAg
0,1,3,0,0,3.0,0.0,0.0,0,0,0,0,1,0,0,0,0,0,High,2,120000.0,Senior Reinsurance Business Analyst,AmericanAg
0,0,3,8,0,5.0,0.0,0.0,1,0,1,0,0,0,0,0,0,0,High,2,135200.0,Application Production Support Analyst,Dexian
0,1,3,9,0,9.0,2.0,0.2,1,1,0,0,0,0,0,1,0,0,High,2,125000.0,Senior Software Engineer - Data Platforms,Curinos
0,1,3,9,0,9.0,0.0,0.0,0,0,1,1,0,0,0,0,0,0,Mid,1,95000.0,Senior Demand Planning Analyst,Primary Recruiting Services
0,1,3,0,0,12.0,2.0,0.1538,0,0,0,0,0,0,1,0,0,0,Mid,1,70000.0,"Technical Business Analyst, Security",Annalect
0,0,3,1,0,13.0,3.0,0.2143,0,1,1,1,1,0,0,0,0,0,Mid,1,95680.0,Clinical Data Analyst,Insight Global
1,1,3,8,0,38.0,10.0,0.2564,1,1,1,0,1,0,0,0,0,0,High,2,202800.0,Erwin Data Modeler,Aditi Consulting
1,0,3,3,0,289.0,100.0,0.3448,1,0,0,0,0,1,0,1,0,0,High,2,130000.0,Remote Data Scientist,Insight Global
1,0,2,8,0,21.0,4.0,0.1818,0,0,0,0,0,0,0,0,0,0,Mid,1,72800.0,"Financial System Analyst/Accountant - UAT, OMS",TekWissen ®
0,1,3,6,0,2.0,0.0,0.0,0,0,1,0,0,0,0,0,0,0,High,2,137500.0,Engineering And Maintenance Manager,Addison Group
1,0,3,8,0,65.0,20.0,0.303,0,0,0,0,0,0,0,0,0,0,Mid,1,104000.0,Business System Analyst,Venturi
0,0,1,5,0,15.0,1.0,0.0625,0,0,0,0,0,0,0,0,0,0,Mid,1,119600.0,Senior Financial Analyst,APR Consulting
0,0,1,1,0,131.0,0.0,0.0,0,1,1,1,0,1,1,0,0,1,Mid,1,89440.0,Data Analyst,Sun Technologies
0,0,1,8,0,8.0,0.0,0.0,0,0,0,0,0,0,1,0,0,0,Mid,1,119600.0,Digital Accessibility Analyst,"Next Gen IT, Inc"
0,0,3,5,0,75.0,22.0,0.2895,0,0,1,0,1,0,0,0,0,0,Mid,1,102294.4,Financial Analyst,24 Seven Talent
0,1,3,8,0,6.0,0.0,0.0,0,0,0,0,0,0,0,0,0,0,High,2,160850.0,"Sr. Engineer, Failure Analysis & Cell Development",QuantumScape
0,1,2,0,0,12.0,4.0,0.3077,1,1,0,0,0,0,1,0,0,0,Mid,1,70000.0,"Technical Business Analyst, FinOps",Annalect
0,0,1,5,0,30.0,8.0,0.2581,0,0,1,0,0,0,0,0,0,0,Mid,1,67600.0,Financial Analyst,Compunnel Inc.
0,0,2,8,0,57.0,16.0,0.2759,1,1,0,0,0,0,0,0,0,0,Mid,1,79040.0, GIS Analyst/Programmer (DC local only - Onsite role),Morph Enterprise
0,0,3,5,0,50.0,8.0,0.1569,0,0,0,0,0,0,0,0,0,0,High,2,135200.0,Financial Analyst – Corporate Reporting,Dexian
1,1,2,8,0,7.0,3.0,0.375,0,0,1,0,0,0,0,0,0,0,Low,0,51500.0,Compliance Analyst- Staffing and Recruiting,Lakeshore Talent
0,1,3,2,0,6.0,0.0,0.0,1,1,0,0,0,0,0,0,0,0,High,2,202500.0,Lead Data Engineer,Coast
0,1,3,8,0,5.0,0.0,0.0,0,0,1,0,0,0,0,0,0,0,High,2,124425.6,Applications Analyst IV - Epic HB,Sutter Health
1,0,3,8,0,65.0,6.0,0.0909,0,0,1,0,0,0,1,0,0,0,Mid,1,111280.0,Accessibility Analyst,INSPYR Solutions
0,1,3,8,0,115.0,24.0,0.2069,0,0,0,0,0,0,0,0,0,0,High,2,180000.0,Analyst,Walker Elliott
1,0,3,8,0,229.0,110.0,0.4783,0,0,0,0,0,0,0,0,0,0,Mid,1,78000.0,Software Quality Analyst,Venturi
1,0,2,2,0,149.0,56.0,0.3733,1,1,0,0,0,0,0,0,0,0,Mid,1,115000.0, GCP Data Engineer ,Info Services
0,1,2,8,0,12.0,2.0,0.1538,0,0,0,0,0,0,0,0,0,0,Low,0,55000.0,Database and Events Associate ,NewBridge Employment Services
0,1,2,8,0,192.0,62.0,0.3212,0,0,1,1,0,0,0,0,0,1,Mid,1,87500.0,Business Intelligence Analyst,Fortune Brands Innovations
1,1,1,4,0,40.0,3.0,0.0732,0,1,0,0,0,0,1,0,0,0,High,2,222250.0,"Senior Director, Sales Strategy & Go-To-Market for Data Modernization",Microsoft
0,0,2,8,0,11.0,0.0,0.0,0,0,1,0,0,0,0,0,0,0,Mid,1,79040.0,Project Controls Analyst,Insight Global
0,0,2,8,0,511.0,81.0,0.1582,0,0,0,0,0,0,0,0,0,0,Mid,1,88400.0,Associate Research Scientist,Randstad Life Sciences US
0,1,3,8,0,13.0,3.0,0.2143,0,0,0,0,0,0,0,0,0,0,Mid,1,101500.0,Lead Project Control Analyst,GE Renewable Energy
0,1,3,9,1,59.0,21.0,0.35,0,0,1,0,0,0,0,0,0,0,Mid,1,100000.0,Senior Service Desk Analyst,Eleven Recruiting
1,1,1,0,0,68.0,20.0,0.2899,0,0,1,0,0,0,0,0,0,0,Mid,1,75556.0,Business Analyst I,Centene Corporation
0,1,1,8,0,16.0,3.0,0.1765,0,0,0,0,0,0,0,0,0,0,Mid,1,70000.0,Marketing Analyst,Pacagen
0,1,3,8,0,77.0,12.0,0.1538,0,0,1,0,0,0,0,0,0,0,Mid,1,80000.0,Sr. Analyst - Customer Growth Direct Marketing,American Express
1,1,3,8,0,7.0,0.0,0.0,0,0,0,0,0,0,0,0,0,0,Mid,1,116750.0,Lead Project Control Analyst,GE Renewable Energy
0,1,3,8,0,32.0,6.0,0.1818,0,0,1,0,0,0,0,0,0,0,Mid,1,80000.0,Sr. Analyst - Risk and Controls,American Express
0,0,1,0,0,313.0,97.0,0.3089,0,0,1,0,0,0,0,0,0,0,Mid,1,67600.0,Junior Business Analyst,Dale WorkForce Solutions
0,1,1,8,0,19.0,0.0,0.0,0,1,1,0,0,0,0,0,0,0,Low,0,55000.0,"Data Administrator, Intermediate",Georgia State University
1,1,1,8,0,15.0,1.0,0.0625,0,0,1,0,1,0,0,0,0,0,Mid,1,101250.0,IT Portfolio Management Analyst II,Centene Corporation
1,1,1,8,0,101.0,35.0,0.3431,1,0,1,0,0,1,1,0,0,0,High,2,142500.0,Data Platform Engineer,Angi
0,1,1,8,0,3.0,0.0,0.0,0,0,1,0,0,0,0,0,0,0,Mid,1,69982.5,Credit & Collections Analyst,"Graphic Packaging International, LLC"
0,1,1,8,0,2.0,0.0,0.0,0,0,1,0,0,0,0,0,0,0,Low,0,53372.8,Parking Analyst I (NCS) - Parking Authority Baltimore City,City of Baltimore
0,1,3,8,0,8.0,0.0,0.0,0,1,1,0,0,0,0,0,0,0,Mid,1,75000.0,"Data Administrator, Lead",Georgia State University
0,1,3,8,0,5.0,0.0,0.0,1,0,0,0,0,0,0,0,0,0,Low,0,57000.0,Bioinformatics Analyst,Albert Einstein College of Medicine
0,1,1,7,0,13.0,0.0,0.0,0,0,1,0,1,0,0,0,0,0,High,2,127259.4,Business Unit Risk Liaison (Fraud and AML/BSA),Regions Bank
1,1,1,8,0,29.0,3.0,0.1,0,0,0,0,0,0,0,0,0,0,High,2,190300.0,Head (VP) of Data Center Smart Infrastructure - (REMOTE Major US City),Siemens
1,1,1,8,0,6.0,0.0,0.0,0,0,0,0,0,0,0,0,0,0,High,2,130000.0,NEO4J Database Administrator,Sibitalent Corp
0,1,3,8,0,11.0,2.0,0.1667,0,0,0,0,0,0,0,0,0,0,High,2,170000.0,Sr. Staff PMIC Design Engineer – Data Center Infrastructure Products,"Montage Technology, Inc"
0,1,1,8,0,7.0,0.0,0.0,1,0,1,1,1,0,0,0,0,0,Mid,1,82581.0,"Community Policing Evaluation Data Coordinator, Operations Specialist II (NCS) - Baltimore Police Department",City of Baltimore
0,0,3,6,0,32.0,5.0,0.1515,1,1,1,1,0,0,0,0,0,0,Mid,1,102960.0,Regional Logistics Supplier Manager (Logistics Analyst III),Russell Tobin
0,1,3,8,0,4.0,0.0,0.0,0,0,1,0,0,0,0,0,0,0,High,2,120000.0,Epic Application Analyst II- (based in NYC)-3 days in office required,Hospital for Special Surgery
0,1,3,3,0,26.0,2.0,0.0741,1,1,1,0,0,1,0,0,0,1,High,2,166000.0,Lead Data Scientist,Trane Technologies
0,1,3,6,0,25.0,1.0,0.0385,0,0,1,0,0,0,0,0,0,0,Mid,1,112500.0,Master Data Manager,DrinkPAK
1,1,4,8,0,33.0,8.0,0.2353,0,0,0,0,0,0,1,0,0,1,High,2,255500.0,Head of Data Science,Noom
0,1,1,8,0,8.0,0.0,0.0,0,0,1,0,0,0,0,0,0,0,Mid,1,85000.0,Cabinetvision engineer,Ellis and Company
0,1,1,8,0,17.0,2.0,0.1111,0,0,0,0,0,0,0,0,0,0,Mid,1,87500.0,Cybersecurity Analyst,Enterprise Community Partners
0,1,1,1,0,80.0,43.0,0.5309,1,1,1,0,0,1,1,0,0,0,Mid,1,119050.0,Senior Data Analyst,Autodesk
1,1,1,8,0,34.0,7.0,0.2,0,0,1,0,0,0,0,0,0,0,Mid,1,84396.0,Data Center Technician,Oracle
0,1,1,8,0,5.0,0.0,0.0,0,0,1,0,0,0,0,0,0,0,Mid,1,84396.0,Data Center Technician,Oracle
1,1,2,4,0,1.0,0.0,0.0,1,1,0,0,0,0,0,0,0,0,High,2,180000.0,"Director, Strategy and Analytics",First Help Financial
0,0,2,8,0,15.0,1.0,0.0625,0,0,1,0,0,0,1,0,0,0,Mid,1,67600.0,Project Analyst,INSPYR Solutions
1,1,1,8,0,12.0,0.0,0.0,0,0,1,0,0,0,0,0,0,0,Mid,1,84396.0,Data Center Technician,Oracle
0,1,1,8,0,6.0,0.0,0.0,0,0,0,0,0,0,0,0,0,0,Mid,1,103750.4,Technical Analyst,Oracle
0,0,3,8,0,28.0,1.0,0.0345,0,0,1,0,0,0,0,0,0,0,Mid,1,83200.0,Deal Desk Analyst,Cypress HCM
0,1,2,8,0,44.0,17.0,0.3778,0,0,1,1,0,0,0,0,0,0,Mid,1,100000.0,System Analyst,LHH
0,1,3,8,0,66.0,25.0,0.3731,0,0,1,1,1,0,1,0,0,0,Mid,1,104750.0,Business Intelligence and Internal Control Analyst,Theery
0,0,2,8,0,53.0,8.0,0.1481,0,0,1,0,0,0,0,0,0,0,Mid,1,64480.0,Salesforce Data Coordinator (Hybrid) – Growing Nonprofit!,Safeguard Global Recruiting
0,1,1,8,0,112.0,16.0,0.1416,0,0,1,0,0,0,0,0,0,0,Mid,1,75000.0,Investments Analyst,Interstate Equities Corporation
0,1,1,8,0,27.0,7.0,0.25,0,0,1,0,0,0,0,0,0,0,High,2,130000.0,"Business Systems Analyst, DTC and Marketing",Far Niente Wine Estates
1,1,1,8,0,19.0,3.0,0.15,0,0,1,0,0,0,0,0,0,0,Mid,1,84396.0,Data Center Technician,Oracle
0,1,3,8,0,6.0,0.0,0.0,0,0,1,0,0,0,0,0,0,0,Mid,1,66760.0,Environmental Scientist- Training Support,ICF
0,1,1,9,0,17.0,1.0,0.0556,0,0,1,0,0,0,0,0,0,0,Mid,1,114400.0,Senior Compensation Analyst,Unknown Company
0,1,1,6,0,4.0,0.0,0.0,0,1,1,0,0,0,1,0,0,0,High,2,174350.0,Mobile Software Engineer Manager (Hybrid),Ace Hardware Corporation
0,1,1,8,0,6.0,1.0,0.1429,0,0,1,0,0,0,1,0,0,0,Mid,1,67280.0,Credential Analyst,Dominican University of California
0,1,3,5,0,24.0,4.0,0.16,0,0,1,0,0,0,0,0,0,0,Mid,1,90000.0,Senior Financial Analyst,"Ardmore Home Design, Inc."
0,1,1,7,0,27.0,9.0,0.3214,1,0,1,0,0,1,1,0,0,0,High,2,200000.0,AI ML Software Engineer - Artificial Integence / Machine Learning ,MIla Health Inc
1,1,1,8,0,34.0,15.0,0.4286,0,0,1,0,0,0,0,0,0,0,Low,0,52457.6,Treasury Analyst,Advantage Solutions
0,1,2,5,0,27.0,7.0,0.25,0,0,1,0,0,0,0,0,0,0,Mid,1,80000.0,Financial Analyst,Guardian Dentistry Partners
0,0,2,8,0,14.0,3.0,0.2,0,0,1,0,0,0,0,0,0,0,High,2,170560.0,Product Analyst,Calculated Hire
0,1,1,8,0,6.0,0.0,0.0,0,0,1,0,0,0,0,0,0,0,Mid,1,70000.0,Payroll & Benefits Analyst,Vaco
0,1,3,1,0,185.0,76.0,0.4086,1,1,1,1,0,1,0,0,1,1,High,2,133712.8,Business Data Analyst,Catapult Solutions Group
0,1,3,8,0,7.0,3.0,0.375,0,1,1,0,0,0,0,0,0,0,Mid,1,80000.0,Financial Reporting Analyst,Quest Financial
0,1,3,6,0,8.0,2.0,0.2222,0,0,1,0,0,0,0,0,0,0,High,2,147500.0,Service Manager - Data Center,Clear Engineering Recruitment
0,1,1,8,0,22.0,8.0,0.3478,0,0,0,0,0,0,0,0,0,0,Mid,1,75750.0,Information Security Analyst,Raley's
0,1,1,8,0,15.0,3.0,0.1875,0,0,0,0,0,0,0,0,0,0,Low,0,50000.0,Junior Analyst,MindSpring Partners LLC
1,1,2,5,0,32.0,5.0,0.1515,0,1,1,0,0,0,0,0,0,0,Mid,1,93059.2,Financial Analyst II Analytics ,IEHP
0,1,3,8,0,13.0,2.0,0.1429,0,0,1,0,0,0,0,0,0,0,High,2,140000.0,Vulnerability Management Analyst,Hampton North
1,1,3,8,0,8.0,0.0,0.0,0,0,1,0,0,0,0,0,0,0,Low,0,52000.0,Healthcare Eligibility Analyst II,Performant Corp
0,1,2,8,0,3.0,0.0,0.0,0,0,1,0,0,0,0,0,0,0,Mid,1,87500.0,Maintenance Engineer,"Kelly Science, Engineering, Technology & Telecom"
0,1,1,8,0,34.0,6.0,0.1714,0,0,1,0,0,0,0,0,0,0,Mid,1,110000.0,Analyst - Responsible Investing & ESG,StepStone Group
1,0,3,8,0,55.0,13.0,0.2321,0,0,1,0,0,0,0,0,0,0,High,2,145600.0,Database Administrator,Brooksource
1,1,3,2,0,36.0,18.0,0.4865,0,1,0,0,0,0,1,0,0,0,Mid,1,115000.0,Sr. Data Engineer,Vaco
0,1,3,8,0,3.0,0.0,0.0,0,0,1,0,0,0,1,0,0,0,Mid,1,75480.0,Engineer - Supply Chain,Blue Origin
0,1,3,8,0,4.0,0.0,0.0,0,0,1,0,0,0,1,0,0,0,Mid,1,89910.0,Engineer - Supply Chain II,Blue Origin
0,1,3,8,0,194.0,40.0,0.2051,0,0,0,0,0,0,0,0,0,0,High,2,130000.0,Analyst,Partnership Employment
1,1,2,8,0,24.0,4.0,0.16,0,0,1,0,0,0,0,0,0,0,Mid,1,77500.0,Electronic Data Interchange Specialist ,Arcoro
0,1,2,9,0,6.0,0.0,0.0,0,1,1,0,0,0,0,0,0,0,Mid,1,102500.0,Senior Analyst,SolomonEdwards
0,0,3,3,0,213.0,85.0,0.3972,0,1,1,1,1,0,0,0,0,1,High,2,175760.0,Data Scientist/Data Analyst,"Tentek, Inc."
0,1,2,8,0,17.0,1.0,0.0556,0,0,1,0,0,0,0,0,0,0,Mid,1,65000.0,Academic Analytics & Assessment Associate ,New York Institute of Technology
0,1,3,8,0,17.0,1.0,0.0556,0,0,0,0,0,0,0,0,0,0,High,2,135200.0,Analyst,Insight Global
0,1,3,6,0,3.0,0.0,0.0,0,0,1,0,0,0,0,0,0,0,High,2,120000.0,Data Center Electronic Security - Program Manager,Diversified
0,1,3,8,0,3.0,0.0,0.0,0,0,1,0,0,0,1,0,0,0,Mid,1,89910.0,Engineer - Supply Chain II,Blue Origin
0,1,2,9,0,6.0,0.0,0.0,0,0,0,0,0,0,0,0,0,0,Mid,1,87000.0,Senior Sourcing/Procurement Analyst,DSJ Global
1,0,3,8,0,262.0,77.0,0.2928,0,0,1,0,0,0,0,0,0,0,Low,0,56160.0,Sales Analyst,"Berean Group International, Inc."
0,1,2,5,0,14.0,1.0,0.0667,0,0,0,0,1,0,0,0,0,0,Mid,1,90000.0,Commercial Financial Analyst,"firstPRO, Inc"
0,1,3,1,0,42.0,20.0,0.4651,1,1,0,0,0,0,0,0,0,0,Mid,1,114400.0,Senior Data Analyst,Flexton Inc.
0,1,3,5,0,15.0,3.0,0.1875,0,0,1,0,0,0,0,0,0,0,Mid,1,82500.0,Senior Financial Analyst,Sterling Search Partners
0,0,3,0,0,134.0,37.0,0.2741,0,0,1,0,0,0,0,0,0,0,High,2,138320.0,Senior Business Analyst,"Systemart, LLC"
1,0,1,8,0,96.0,30.0,0.3093,1,1,1,0,1,0,1,0,0,0,High,2,124800.0,Business Intelligence Developer,Neutrino Advisory
0,1,3,9,0,21.0,4.0,0.1818,0,1,0,0,0,0,1,0,0,0,Mid,1,104100.0,Senior Business Systems Analyst,EverBank
0,1,2,5,0,6.0,1.0,0.1429,0,0,1,0,0,0,0,0,0,0,Mid,1,82500.0,Financial Analyst,Ascendo Resources
0,0,1,8,0,18.0,2.0,0.1053,0,0,1,0,0,0,1,0,0,0,High,2,143520.0,Systems Engineer - Virtualization and Data Protection,"SANS Consulting Services, Inc."
0,1,3,8,1,7.0,0.0,0.0,0,0,1,0,0,0,0,0,0,0,Mid,1,85000.0,Board Certified Behavior Analyst (BCBA) - San Jose Master Trainer,"QBS, provider of Safety-Care"
0,1,3,8,1,6.0,0.0,0.0,0,0,1,0,0,0,0,0,0,0,Mid,1,85000.0,Board Certified Behavior Analyst (BCBA) - Philadelphia Master Trainer,"QBS, provider of Safety-Care"
0,1,1,8,0,10.0,1.0,0.0909,0,0,1,0,0,0,0,0,0,0,Mid,1,80000.0,"IT Analyst, SAP FICO",Keurig Dr Pepper Inc.
0,1,1,4,0,1.0,0.0,0.0,0,0,0,0,0,0,0,0,0,0,Mid,1,105000.0,Senior Research Scientist/Lab Director,Unknown Company
0,1,1,8,0,21.0,2.0,0.0909,0,0,1,0,0,0,0,0,0,0,Mid,1,63000.0,Environmental Scientist ,LRS Federal LLC
1,1,3,2,0,39.0,21.0,0.525,1,1,0,0,0,0,0,0,0,0,High,2,130000.0,Azure Data Engineer ,Motion Recruitment
0,1,3,8,0,10.0,1.0,0.0909,0,1,1,0,0,0,0,0,0,0,Mid,1,79000.0,Accounting Analyst,Storm Search
0,0,3,8,0,28.0,8.0,0.2759,0,1,1,0,1,0,0,0,0,0,Mid,1,114400.0,Business Intelligence Consultant,Quantum World Technologies Inc.
0,1,1,9,0,8.0,2.0,0.2222,1,1,1,1,1,0,0,0,0,0,Mid,1,80000.0,Senior Analyst,BMO U.S.
1,1,3,2,0,107.0,45.0,0.4167,1,1,1,0,0,0,1,1,0,0,High,2,142500.0,Data Engineer,andros
0,0,1,8,0,50.0,1.0,0.0196,0,0,1,0,0,0,0,0,0,0,Low,0,44002.4,System Support Analyst,Randstad Digital Americas
0,1,3,5,0,73.0,18.0,0.2432,0,0,1,0,0,0,0,0,0,0,Mid,1,97500.0,Senior Financial Analyst,Materne North America - GoGo squeeZ
0,1,1,9,0,10.0,2.0,0.1818,1,1,1,1,1,0,0,0,0,0,Mid,1,80000.0,Senior Analyst,BMO U.S.
1,1,3,1,0,204.0,53.0,0.2585,0,1,0,1,0,0,0,0,0,0,High,2,155000.0,IT Financial Management System and Data Analyst,Chenega Professional Services Strategic  Business Unit
1,0,3,8,0,74.0,6.0,0.08,0,0,0,0,0,0,0,0,0,0,Mid,1,87500.0,Epic Certified Analyst,CSI Companies
1,0,1,8,0,5.0,0.0,0.0,0,0,1,0,0,0,0,0,0,0,Mid,1,62400.0,Clinical Data Abstractor - Cardiology - Chest Pain MI - Part-Time,Carta Healthcare
0,1,3,5,0,106.0,31.0,0.2897,0,0,1,0,0,0,0,0,0,0,High,2,122000.0,Senior Financial Analyst,Valiant Search Partners
0,1,3,8,0,242.0,86.0,0.3539,0,1,0,0,1,0,0,0,0,0,Mid,1,90000.0,Business Intelligence Developer,eNGINE
0,1,3,8,0,19.0,4.0,0.2,0,0,1,0,0,0,0,0,0,0,Mid,1,100000.0,Billing Analyst,Considine Search
0,1,3,8,0,14.0,3.0,0.2,0,0,1,0,0,0,0,0,0,0,Mid,1,105000.0,IT Analyst - Tier 2 Help Desk,Considine Search
0,1,3,8,0,4.0,1.0,0.2,0,0,1,0,0,0,0,0,0,0,Mid,1,60000.0,Accounts Receivable Analyst,Venteon
0,1,2,8,0,16.0,7.0,0.4118,0,0,0,0,0,0,0,0,1,0,Mid,1,61128.0,Programmer Analyst,"WV Departments of Health, Health Facilities, and Human Services"
1,0,3,1,0,627.0,268.0,0.4268,1,1,0,1,0,0,0,0,0,0,High,2,132256.8,Sr. Data Analyst II (BI Associate),Flexton Inc.
0,0,2,8,0,54.0,10.0,0.1818,0,0,1,0,0,0,0,0,0,0,Mid,1,81120.0,Project Analyst,SSi People
0,1,1,8,0,29.0,10.0,0.3333,1,0,0,0,0,1,0,0,0,1,Mid,1,90563.2,Analyst II - Data Science,Cincinnati Children's
1,1,3,8,0,114.0,11.0,0.0957,1,1,1,0,0,1,1,1,0,0,High,2,211750.0,"Data Cloud Architect, Data Science",Snowflake
0,1,3,9,0,6.0,0.0,0.0,0,0,0,0,0,0,1,0,0,0,High,2,155000.0,Senior Manufacturing Engineer - Aircraft Integration,Anduril Industries
0,0,3,8,0,42.0,6.0,0.1395,1,0,0,0,0,0,0,0,0,0,Mid,1,98800.0,Business System Analyst,Net2Source Inc.
0,1,2,8,0,32.0,3.0,0.0909,0,0,0,0,0,0,0,0,0,1,Mid,1,61020.0,Vendor Management Analyst,State Board of Administration of Florida
0,1,1,8,0,37.0,2.0,0.0526,0,0,1,0,0,0,0,0,0,0,Mid,1,117634.4,Executive Analyst,"University of California, San Francisco"
0,1,1,8,0,25.0,4.0,0.1538,1,0,1,0,1,0,0,0,0,0,Mid,1,105000.0,Bloomberg Intelligence - Data Integration Specialist,Bloomberg
0,1,1,8,0,252.0,60.0,0.2372,1,0,1,0,1,0,0,0,0,0,Mid,1,105000.0,Bloomberg Intelligence - Data Integration Specialist,Bloomberg
0,0,3,8,0,107.0,14.0,0.1296,0,0,0,0,0,0,0,0,0,0,Mid,1,119600.0,Payment Analyst,Saicon
0,0,1,9,0,45.0,3.0,0.0652,0,0,1,0,0,0,0,0,0,0,Mid,1,100200.0,Senior Analyst for Process Improvement (65600BR),Harvard Kennedy School
0,0,1,8,0,37.0,5.0,0.1316,0,0,1,0,0,0,0,0,0,0,Low,0,33280.0,Data Entry Clerk,Randstad USA
0,1,3,8,0,56.0,15.0,0.2632,0,1,1,0,0,0,0,0,0,0,Mid,1,67600.0,IT Support Analyst II,Akkodis
1,1,1,8,0,392.0,121.0,0.3079,0,0,0,0,0,0,0,0,0,0,Mid,1,100750.0,Programmer Analyst: Front-End Developer (Vue),Acuity Insurance
1,1,3,8,0,384.0,180.0,0.4675,0,0,1,0,0,0,0,0,0,0,High,2,120000.0,Third party Risk Management Analyst,First Quality
0,1,2,8,0,66.0,23.0,0.3433,1,1,1,0,0,0,0,0,1,0,High,2,130000.0,Data Governance Engineer,Affinity Solutions
1,1,3,7,0,211.0,69.0,0.3255,1,1,0,0,0,1,1,1,0,0,High,2,141500.0,Applied Researcher - Machine Learning,PointClickCare
0,0,1,1,0,194.0,50.0,0.2564,0,0,1,0,0,0,0,0,0,0,Mid,1,106225.6,Data Analyst,"Global Technical Talent, an Inc. 5000 Company"
0,0,3,8,0,49.0,15.0,0.3,0,0,0,0,0,0,0,0,0,0,Mid,1,80080.0,Datacenter Technician,Edge Services
0,0,3,0,0,126.0,37.0,0.2913,1,0,1,0,0,0,0,0,0,0,Mid,1,99840.0,Business Analyst,Net2Source Inc.
0,1,1,8,1,15.0,1.0,0.0625,0,0,1,0,0,0,1,0,0,0,Mid,1,87500.0,Test and Evaluation Analyst,"Decision Technologies, Inc."
0,1,3,9,0,10.0,0.0,0.0,0,0,0,0,0,0,1,0,0,0,Mid,1,95500.0,Data Protection Senior Associate,EY
0,1,1,9,0,36.0,4.0,0.1081,0,0,1,0,0,0,0,0,0,0,High,2,135375.0,"Senior Scientist, In Vivo Ocular Pharmacology",Johnson & Johnson
0,1,1,8,0,69.0,9.0,0.1286,0,0,1,0,0,0,0,0,0,0,Mid,1,79375.0,Analyst Chargebacks,Johnson & Johnson
0,1,3,9,0,61.0,8.0,0.129,0,1,1,0,0,0,0,0,0,0,High,2,229600.0,Analytics & Data Management - Supply Chain Sector - Senior Manager - Consulting - Location OPEN,EY
0,1,3,8,0,64.0,1.0,0.0154,0,0,1,0,0,0,0,0,0,1,High,2,129053.5,Biostatistician III-IV,Fred Hutch
0,0,1,8,0,342.0,161.0,0.4694,0,0,0,0,0,0,0,0,0,0,Low,0,57500.0,Data Intern ,People Tech Group Inc
0,1,4,4,0,11.0,1.0,0.0833,0,0,0,0,0,0,1,0,0,0,High,2,199300.0,Data Protection Technology Risk and Compliance Associate Director,EY
0,1,3,8,0,36.0,3.0,0.0811,0,0,1,0,0,0,0,0,0,0,Mid,1,69000.0,Data Protection Analyst - Data Management,EY
0,1,3,2,0,24.0,5.0,0.2,0,1,0,0,0,0,0,0,0,1,High,2,127550.0,Data Engineering - Senior - Consulting - Location OPEN,EY
0,1,3,8,0,6.0,0.0,0.0,0,0,0,0,0,0,1,0,0,0,Mid,1,111500.0,Data Protection - Technology Risk and Compliance Supervising Associate,EY
0,1,1,9,0,49.0,1.0,0.02,0,0,1,0,0,0,0,0,0,0,High,2,135375.0,"Senior Scientist, In Vivo Ocular Pharmacology",Johnson & Johnson
0,1,3,0,0,44.0,10.0,0.2222,0,0,1,0,0,0,0,0,0,0,Mid,1,89000.0,Salesforce Business Analyst,MX
0,1,3,1,0,107.0,16.0,0.1481,0,1,0,0,0,0,1,1,0,1,High,2,168850.0,Data Analyst-Tech Cons-Data and Anltcs-Data Governance and Ctrls-FSO-Manager-Multiple Postns-1499053,EY
0,1,1,8,0,85.0,14.0,0.1628,0,0,0,0,0,0,0,0,0,0,Mid,1,90000.0,Logistics Analyst,Premier Nutrition: The Good Energy People
1,1,2,8,0,354.0,68.0,0.1915,0,1,0,0,1,0,0,0,0,1,Mid,1,76000.0,Sales Operations Analyst,The Hired Guns
0,0,1,0,0,123.0,38.0,0.3065,0,0,1,0,0,0,1,0,0,0,High,2,130000.0,Business Analyst,"Pyramid Consulting, Inc"
1,0,3,7,0,53.0,0.0,0.0,1,1,0,0,0,1,0,1,0,1,High,2,182000.0,Computer Vision/ Machine Learning Engineer ,Akkodis
0,0,3,8,0,27.0,1.0,0.0357,1,0,1,0,0,0,0,0,0,0,Mid,1,60320.0,Datacenter Network technician,KTek Resourcing
1,1,1,8,0,3.0,0.0,0.0,0,0,1,0,0,0,0,0,0,0,Mid,1,75000.0,Sr BIM/VDC Engineer,BIMTM
0,0,2,8,0,8.0,0.0,0.0,0,0,0,0,0,0,0,0,0,0,Low,0,41600.0,Security Operations Center Analyst,Insight Global
1,0,1,8,0,4.0,0.0,0.0,0,0,1,0,0,0,0,0,0,0,Mid,1,83200.0,User Acceptance Testing Analyst,"Yoh, A Day & Zimmermann Company"
0,1,3,6,0,7.0,0.0,0.0,0,0,0,1,0,0,0,0,0,0,Mid,1,117500.0,Business Analytics Manager,Freemont Yardley Search
0,1,3,9,0,4.0,0.0,0.0,1,1,0,0,0,1,1,0,0,0,High,2,125000.0,Senior Backend AI Engineer,Pop-Up Talent
0,1,3,9,0,2.0,0.0,0.0,0,0,1,0,0,0,0,0,0,0,Mid,1,105000.0,Procurement Senior Analyst,Robert Walters
0,1,1,8,0,3.0,0.0,0.0,1,0,1,0,0,0,0,0,0,0,Mid,1,97500.0,Executive Assistant - Analyst,Alameda Corridor Transportation Authority (ACTA)
1,1,3,8,0,4.0,0.0,0.0,1,0,0,0,0,0,1,0,0,0,High,2,130000.0,Site Reliability Engineer II,Classy
0,1,3,8,0,2.0,0.0,0.0,0,0,1,0,0,0,1,0,0,0,Mid,1,60320.0,Transporation Analyst 2904,Ultimate Staffing
0,0,3,8,0,11.0,3.0,0.25,0,0,1,0,0,0,0,0,0,0,High,2,184080.0,Data Migration Specialist,"Tentek, Inc."
0,0,3,8,0,1.0,0.0,0.0,0,0,1,0,0,0,0,0,0,0,High,2,140400.0,Oracle Database Administrator,ACL Digital
0,1,1,8,0,3.0,1.0,0.25,0,0,1,0,0,0,0,0,0,0,High,2,120000.0,"Scientist, Chemistry",Zentalis Pharmaceuticals
0,0,3,8,0,7.0,0.0,0.0,0,0,1,0,0,0,0,0,0,0,High,2,135200.0,Financial Systems Analyst,On-Demand Group
1,1,3,0,0,5.0,1.0,0.1667,0,1,0,0,0,0,0,0,0,0,Mid,1,84300.0,Senior Business Analyst,Gainwell Technologies
0,1,3,5,0,2.0,0.0,0.0,0,1,1,0,0,0,0,0,0,0,Mid,1,115000.0,Financial Analyst,"Agile Resources, Inc."
0,0,2,0,0,7.0,1.0,0.125,0,0,0,0,0,0,0,0,0,0,Mid,1,87360.0,Business Analyst II (UI/UX design) ,TekWissen ®
0,1,2,8,0,1.0,0.0,0.0,0,0,0,0,0,0,0,0,0,0,Mid,1,114138.0,  Data Architect,CalSTRS
1,1,3,8,0,3.0,0.0,0.0,0,1,1,0,0,0,0,0,0,0,Mid,1,112500.0,Mainframe Engineer - Remote,Mutual of Omaha
1,0,3,8,0,17.0,2.0,0.1111,1,1,1,0,1,0,0,0,0,0,High,2,208000.0,Sr Erwin Data modeler ($100/hr) - 100% Remote Work ,"TWO95 International, Inc"
0,0,3,9,0,5.0,0.0,0.0,0,0,0,0,0,0,0,0,0,0,Mid,1,93600.0,Senior Scientist,Indotronix Avani Group
0,1,1,8,0,2.0,0.0,0.0,0,0,0,0,0,0,0,0,0,0,Mid,1,62400.0,Structural Engineer-in-Training,Lynn Engineering
0,1,3,9,0,3.0,0.0,0.0,0,0,1,0,0,0,0,0,1,0,Mid,1,80000.0,Senior Information Technology Security Analyst,Red Roof Inn
0,0,3,8,0,4.0,0.0,0.0,0,0,1,0,0,0,0,0,0,0,Mid,1,88400.0,Research And Development Scientist,"Kaygen, Inc. "
0,1,1,8,0,1.0,0.0,0.0,0,1,1,0,0,1,0,0,0,0,Mid,1,92500.0,Actuarial Analyst,"Hansen Actuarial & Risk Consulting, LLC"
0,1,3,1,0,2.0,0.0,0.0,1,1,1,1,1,1,0,0,0,1,Mid,1,110000.0,Product Data Analyst,The Gunter Group
0,1,1,1,0,3.0,1.0,0.25,0,1,1,0,0,0,0,0,0,0,Mid,1,84300.0,Data Analyst (Visual Basic Application) ,Gainwell Technologies
0,0,3,8,0,2.0,0.0,0.0,0,1,0,0,0,0,0,0,0,0,High,2,182000.0,Lead Internal Controls Financial Reporting Analyst,JustinBradley
0,1,3,8,0,2.0,0.0,0.0,0,0,1,0,0,0,1,0,0,0,High,2,127000.0,Workday HRIS Analyst,Ledgent Technology
1,1,2,8,0,3.0,0.0,0.0,0,0,0,0,0,0,0,0,0,0,Mid,1,62500.0,Growth Analyst,Veris Insights
0,1,3,9,0,4.0,0.0,0.0,0,0,0,0,0,0,0,0,0,0,Mid,1,75650.0,Senior Test Engineer - MainFrame,Gainwell Technologies
1,1,1,2,0,10.0,1.0,0.0909,1,1,1,0,1,0,0,0,0,0,High,2,137500.0,BI Data Engineer,Preferred Strategies
0,1,1,8,0,2.0,0.0,0.0,0,0,1,0,0,0,0,0,0,0,Low,0,41600.0,Associate Inventory Control Analyst,Staff Management | SMX
0,0,2,8,0,7.0,0.0,0.0,0,0,0,0,0,0,0,0,0,0,Low,0,44720.0,Service Desk Analyst,"Levi, Ray & Shoup, Inc. (LRS)"
0,1,1,3,0,5.0,0.0,0.0,0,0,0,0,0,1,0,0,0,1,High,2,157049.0,Data Scientist - Interdisciplinary,U.S. Department of Labor
0,1,2,8,0,3.0,0.0,0.0,0,0,1,1,0,0,0,0,0,0,Mid,1,110000.0,"SAP Analyst, WM/MM",LHH
0,1,3,8,0,2.0,0.0,0.0,0,0,1,0,0,0,0,0,0,0,Mid,1,80000.0,Sales Marketing Analyst,Kelly Professional & Industrial
0,1,2,8,0,5.0,0.0,0.0,0,0,0,0,0,0,0,0,0,0,Mid,1,70000.0,Help Desk Analyst,Safra National Bank
1,1,1,7,0,1.0,0.0,0.0,1,0,1,0,0,1,1,0,0,1,High,2,212500.0,Senior/Staff Machine Learning Engineer,Health Stealth Co
0,1,3,8,0,3.0,0.0,0.0,0,0,0,0,0,0,1,0,0,0,High,2,202125.0,Lead Security Risk Analyst (GRC),Justworks
0,1,1,8,0,4.0,0.0,0.0,0,1,0,0,0,0,0,0,0,0,Mid,1,75650.0,Test Engineer - MainFrame,Gainwell Technologies
0,1,1,8,0,4.0,0.0,0.0,0,1,0,0,0,0,0,0,0,0,Mid,1,75650.0,Test Engineer - MainFrame,Gainwell Technologies
0,1,1,8,0,4.0,0.0,0.0,0,1,0,0,0,0,0,0,0,0,Mid,1,75650.0,Test Engineer - MainFrame,Gainwell Technologies
0,1,3,0,0,4.0,0.0,0.0,0,1,1,0,0,0,0,0,1,0,Mid,1,72250.0,"Proactive Research Business Analyst - Roseville, CA *",Gainwell Technologies
1,1,3,9,0,5.0,0.0,0.0,0,0,0,0,0,1,1,0,0,0,High,2,147424.0,Senior AI Deep Learning Engineer - REMOTE,Perficient
1,1,3,9,0,5.0,0.0,0.0,0,0,0,0,0,1,1,0,0,0,High,2,147424.0,Senior AI Deep Learning Engineer - REMOTE,Perficient
0,1,1,8,0,2.0,0.0,0.0,0,0,0,0,0,0,0,0,0,0,Mid,1,76788.0,ASSOCIATE GOVERNMENTAL PROGRAM ANALYST,Employment Development Department
0,1,3,8,0,3.0,0.0,0.0,1,1,1,1,1,0,0,0,0,0,Mid,1,110000.0,"Sr Analyst, Marketing Analytics",Exact Sciences
0,1,1,8,0,4.0,0.0,0.0,0,0,0,0,0,0,0,0,0,0,Low,0,57400.0,Threat Detection and Response - Experienced Analyst - SDC/VC4 - Location OPEN,EY
0,1,3,5,0,4.0,0.0,0.0,0,0,1,0,0,0,0,0,0,0,Mid,1,85250.0,"Senior Financial Analyst, Business Analytics - Planning &  Strategy",Paramount
1,1,1,8,0,5.0,0.0,0.0,1,0,1,0,0,1,1,0,0,0,High,2,142500.0,Infrastructure Engineer (Data),Angi
1,1,1,8,0,4.0,0.0,0.0,1,0,1,0,0,1,1,0,0,0,High,2,142500.0,Infrastructure Engineer (Data),Angi
0,1,3,8,0,4.0,0.0,0.0,0,0,1,0,0,0,0,0,0,0,High,2,120000.0,Scientist – Protein and Antibody Purification,Piper Companies
0,1,3,8,0,2.0,0.0,0.0,0,0,1,0,0,0,0,0,0,0,Mid,1,87500.0,Formulation Scientist,Astrix
1,1,3,2,0,13.0,2.0,0.1429,1,1,0,0,1,1,0,0,0,0,High,2,177500.0,Senior Data Engineer,"TSR Consulting Services, Inc."
0,1,1,7,0,4.0,0.0,0.0,1,0,0,0,0,1,0,0,0,0,High,2,127500.0,Machine Learning Engineer,Boulder Imaging
1,1,3,2,0,8.0,0.0,0.0,0,1,1,0,0,0,0,0,0,0,Mid,1,116150.0,Senior Data Engineer,Oracle
1,1,1,8,0,3.0,0.0,0.0,0,0,1,0,0,0,1,0,0,0,Mid,1,101000.0,Data Use Agreement (DUA) Officer,Stanford University
0,1,1,8,0,3.0,0.0,0.0,0,0,0,0,0,0,0,0,0,0,High,2,130500.0,Foreign Military Sales Analyst,Deloitte
0,0,1,8,0,2.0,0.0,0.0,0,0,0,0,0,0,0,0,0,0,Mid,1,67600.0,Asset Management Analyst,Planet Technology
0,1,3,8,0,5.0,2.0,0.3333,1,1,0,1,1,0,0,0,0,0,Mid,1,114300.0,Business Intelligence Developer,Insight Global
0,1,3,8,0,2.0,0.0,0.0,0,0,0,0,0,0,0,0,0,0,Mid,1,72800.0,Analytical Development Scientist,Planet Pharma
1,0,2,8,0,17.0,4.0,0.2222,0,0,0,0,0,0,0,0,0,0,Mid,1,102500.0,Business Intelligence Consultant,Insight Global
1,0,3,6,0,2.0,0.0,0.0,0,1,0,0,0,0,0,0,0,0,High,2,123760.0,Remote Product Manager (Managed Data projects),"Yoh, A Day & Zimmermann Company"
0,1,1,8,0,3.0,0.0,0.0,0,0,1,0,0,0,0,0,0,0,Low,0,53580.0,Accounting Analyst,"Graphic Packaging International, LLC"
1,1,4,4,0,5.0,0.0,0.0,0,0,1,0,0,0,0,0,0,0,High,2,215600.0,Director Data Center Design and Construction,Oracle
0,1,2,0,0,2.0,1.0,0.3333,1,1,0,0,0,0,0,0,0,1,Mid,1,85000.0,Business Analyst,Tech Mahindra Business Process Services
0,1,1,8,0,2.0,1.0,0.3333,0,0,1,0,0,0,0,0,0,0,Mid,1,85595.0,Administrative Assistant (Entry Level- Data Entry & Administrative),Macrae
0,1,1,5,0,4.0,0.0,0.0,0,0,1,0,0,0,0,0,0,0,Mid,1,67500.0,Financial Analyst,Columbia University Irving Medical Center
1,1,3,6,0,3.0,0.0,0.0,0,1,1,0,0,0,0,0,0,0,Mid,1,106880.0,Technical Project Manager (Data),Yum! Brands
1,0,2,0,0,2.0,0.0,0.0,0,0,1,0,0,0,0,0,0,0,Mid,1,87360.0,Business Analyst/Project Coordinator,TekWissen ®
0,1,3,8,0,6.0,0.0,0.0,0,0,1,0,1,0,0,0,0,0,Mid,1,85000.0,Sustainability Analyst,Bumble Bee Foods
0,1,2,8,0,2.0,0.0,0.0,0,0,1,0,0,0,0,0,0,0,Mid,1,79500.0,Margin Analyst,Dexian
0,1,1,8,0,5.0,0.0,0.0,0,0,1,0,0,0,1,0,0,0,High,2,163750.0,Product Master Data IT - Functional Analyst,Hewlett Packard Enterprise
0,1,1,8,0,1.0,0.0,0.0,0,0,0,0,0,0,1,0,0,0,Mid,1,79921.5,"IT Lead Analyst, Support Desk",Price Chopper Supermarkets-Market 32
1,1,1,8,0,4.0,0.0,0.0,1,0,1,0,0,1,1,0,0,0,High,2,142500.0,Infrastructure Engineer (Data),Angi
1,1,2,1,0,9.0,2.0,0.2,0,1,1,1,1,1,1,0,0,0,Mid,1,90000.0,Data Analyst,Emeritus
0,0,2,8,0,3.0,0.0,0.0,0,0,0,0,0,0,0,0,0,0,Low,0,55120.0,Quality Control Analyst I (Microbiology)  ,Aequor
1,0,3,8,0,12.0,3.0,0.2308,1,0,1,0,0,1,1,1,0,0,High,2,130000.0,Data Platform Engineer,Bayside Solutions
0,1,3,3,0,3.0,0.0,0.0,1,1,0,0,0,0,1,0,0,1,High,2,145000.0,Senior Data Scientist,Insight Global
0,1,1,8,0,4.0,0.0,0.0,0,0,0,0,0,0,0,0,0,0,Mid,1,110000.0,Cyber Security Analyst,Piper Companies
0,1,3,8,0,2.0,0.0,0.0,0,0,1,0,0,0,0,0,0,0,Low,0,42640.0,Sales Support Analyst,Insight Global
0,1,1,2,0,24.0,11.0,0.44,1,1,0,0,1,0,0,0,0,0,Mid,1,117500.0,Data Engineer-SQL/ Python/ Data Analysis,American Express
0,1,1,8,0,6.0,0.0,0.0,0,0,1,0,0,0,1,0,0,0,Mid,1,85000.0,"Product Analyst, Vendor Management",American Express
0,0,3,2,0,18.0,5.0,0.2632,1,1,0,0,0,1,1,1,1,0,High,2,140400.0,"000198 - W2 Only - Data Engineer (Python, React, Hadoop & Cloud)",New Millenium Consulting
0,1,3,8,0,12.0,3.0,0.2308,0,1,1,0,0,1,0,1,0,0,High,2,214500.0,Staff Software Engineer - Backend (Data & Classification),Walmart Global Tech
0,0,3,2,0,15.0,4.0,0.25,1,1,0,0,0,1,1,1,1,0,High,2,140400.0,"NMC_000198 - W2 - Data Engineer (React, Python, Hadoop, Cloud))",New Millenium Consulting
1,1,1,0,0,6.0,0.0,0.0,0,0,1,0,0,0,0,0,0,0,Mid,1,75550.0,Business Analyst II,Centene Corporation
0,1,3,8,0,4.0,0.0,0.0,0,0,1,0,0,0,0,0,0,0,High,2,150500.0,"Scientist II, Translational Aging Target Validation",Calico Life Sciences
1,1,3,8,0,4.0,0.0,0.0,0,0,1,0,0,0,0,0,0,0,Mid,1,71590.0,Banking Product Support - Deposit Origination Analyst,FIS
0,1,3,9,0,4.0,0.0,0.0,0,0,1,0,0,0,0,0,0,0,Mid,1,100000.0,Senior Scientist - Biomarker,Altasciences
0,1,3,8,0,4.0,0.0,0.0,0,0,1,0,0,0,0,0,0,0,Low,0,57336.0,STAFF SERVICES ANALYST,California Department of Social Services
0,0,2,8,0,4.0,0.0,0.0,0,0,0,0,0,0,0,0,0,0,Mid,1,85000.0,Protein Expression Scientist,Insight Global
0,0,3,8,0,6.0,0.0,0.0,0,0,0,0,0,0,1,0,0,0,Mid,1,83200.0,Quality Analyst,Russell Tobin
0,1,3,8,0,5.0,0.0,0.0,0,0,1,0,0,0,0,0,0,0,Mid,1,99405.0,Banking Product Support - Deposit Origination Analyst,FIS
0,1,1,8,0,4.0,0.0,0.0,0,0,0,0,0,0,0,0,0,0,Mid,1,90650.0,Device Interoperability Test Engineer I,DISH Network
0,0,3,8,0,34.0,11.0,0.3143,0,1,0,0,0,1,1,0,0,0,High,2,145600.0,Analytics Engineer ,Optomi
1,0,3,1,0,29.0,6.0,0.2,0,1,1,0,0,0,0,0,0,0,High,2,150800.0,Contract Business Systems Data Analyst (Treasury focus),Vaco
0,0,3,9,0,29.0,6.0,0.2,0,0,0,1,1,0,0,0,0,0,Mid,1,109200.0,Senior Business Intelligence Developer,Parin Technologies
0,1,3,8,0,2.0,0.0,0.0,0,0,0,0,0,0,0,0,0,0,Mid,1,94411.0,Environmental Policy Analyst - Housing and Community Development,City of Baltimore
0,0,3,9,0,4.0,0.0,0.0,1,1,1,1,0,0,1,1,0,1,High,2,134160.0,Senior Technical Analyst,Russell Tobin
0,1,3,8,0,8.0,0.0,0.0,0,0,1,0,0,0,1,0,0,0,Mid,1,112500.0,"Scientist, In Vitro / In Vivo Model Development",Allogene Therapeutics
0,1,3,8,0,4.0,0.0,0.0,0,0,1,0,0,0,0,0,0,0,Mid,1,93500.0,Scientist II - Flow Cytometry,Altasciences
0,0,3,2,0,24.0,10.0,0.4,1,1,0,0,0,0,0,1,1,0,High,2,130000.0,Senior Data Engineer,DRISHTICON
0,1,1,8,0,7.0,0.0,0.0,0,0,1,0,0,0,0,0,0,0,Mid,1,78000.0,"Analyst, Materials Planning SIOP",Raytheon
0,0,3,8,0,2.0,0.0,0.0,0,0,0,0,0,0,0,0,0,0,Mid,1,89440.0,Quality Analyst,swipejobs
0,1,1,8,0,3.0,0.0,0.0,0,0,1,0,0,0,0,0,0,0,Mid,1,69700.895,Ascentium Credit Analyst,Regions Bank
0,1,3,5,0,5.0,0.0,0.0,0,1,0,0,1,0,0,0,0,0,Mid,1,101000.0,Sr Financial Analyst I (Commercial),Tandem Diabetes Care
1,1,1,6,0,5.0,0.0,0.0,1,1,0,0,0,0,0,0,1,0,High,2,183450.0,Credit Risk Analytics Manager,PayPal
0,1,2,8,0,14.0,0.0,0.0,1,1,0,1,0,1,0,0,0,1,Mid,1,85000.0,Data and Strategy Analyst- Washington State University,Another Source
0,1,3,8,0,4.0,0.0,0.0,0,0,1,0,0,0,0,0,0,0,Mid,1,112500.0,Sr. Payroll Technology Analyst,Tandem Diabetes Care
0,0,1,8,0,4.0,0.0,0.0,0,0,1,0,0,0,0,0,0,0,Mid,1,62306.4,Tax Analyst,Russell Tobin
0,1,3,6,0,5.0,0.0,0.0,0,0,0,0,0,0,0,0,0,0,Mid,1,105000.0,Technical Training Manager - Engineered Materials,UL Solutions
1,0,3,2,0,8.0,3.0,0.3333,1,1,0,0,0,0,1,1,0,0,High,2,156000.0,"(W2 only, c2h)  Senior AWS Data Engineer, Python",Eliassen Group
1,0,3,0,0,3.0,0.0,0.0,0,0,1,0,0,0,0,0,0,0,Mid,1,96720.0,Business Analyst II,EPITEC
0,1,1,8,0,3.0,0.0,0.0,0,0,1,0,0,0,0,0,0,0,Mid,1,76575.0,A/P & Contract Analyst II - Information Technology,DISH Network
0,1,1,8,0,3.0,0.0,0.0,0,1,1,0,0,0,0,0,0,0,Mid,1,80000.0,Enterprise Resources Planning Support Analyst-Infor ,Hercules Industries
0,0,2,5,0,5.0,0.0,0.0,0,0,1,0,0,0,0,0,0,0,Mid,1,101700.0,Financial Analyst,"University of California, Davis"
0,0,3,8,0,4.0,0.0,0.0,0,0,1,0,0,0,0,0,0,0,Mid,1,97988.8,Clinical Laboratory Scientist II - Clinical Lab,Sherman Oaks Hospital
0,1,1,0,0,4.0,0.0,0.0,0,1,0,0,1,0,0,0,0,0,High,2,127750.0,Sr. Business Analyst 1,"Skyworks Solutions, Inc."
1,1,3,8,0,6.0,0.0,0.0,0,0,0,0,0,0,1,0,0,0,High,2,183790.5,Data Governance Lead (Remote),ICF
1,1,2,8,0,6.0,1.0,0.1429,0,0,1,0,0,0,0,0,0,0,Low,0,45000.0,Secondary Market Analyst,Guaranteed Rate
0,1,3,9,0,4.0,0.0,0.0,1,0,0,0,0,0,0,0,0,0,High,2,193400.0,Senior Site Reliability Engineer,Atlassian
0,1,3,6,0,3.0,0.0,0.0,0,1,1,0,0,0,0,0,0,0,High,2,190000.0,Data Product Manager,Hillview Consulting Solutions
0,1,1,8,0,6.0,1.0,0.1429,0,0,0,0,0,0,0,0,0,0,Mid,1,64500.0,Credit Analyst,UMB Bank
0,1,1,8,0,4.0,0.0,0.0,0,0,1,0,0,0,0,0,0,0,Low,0,52156.0,Group CDS - Data Quality,Desert Valley Hospital & Medical Group
0,0,3,8,0,2.0,0.0,0.0,0,1,1,0,1,0,0,1,0,0,High,2,124800.0,Data Team Lead,Ehub Global Inc
1,0,2,0,0,5.0,0.0,0.0,0,0,0,0,0,0,0,0,0,0,Mid,1,70720.0,Associate Business Analyst,Aditi Consulting
0,1,3,5,0,4.0,0.0,0.0,0,0,1,0,0,0,0,0,0,0,Mid,1,84305.0,10632 – Sr. Financial Analyst I,Hyundai AutoEver America
0,1,2,8,0,2.0,0.0,0.0,0,0,1,1,0,0,1,0,0,0,Mid,1,100309.67,Product Marketing and Dealer Support Analyst II,Toyo Tires
0,0,2,8,0,5.0,2.0,0.3333,0,0,1,0,0,0,0,0,0,0,Mid,1,72800.0,Billing Analyst,Apex Systems
1,1,3,6,0,3.0,0.0,0.0,0,0,1,0,0,0,0,0,0,0,Mid,1,110000.0,Platform Product Manager (API/Data Mapping),Prosum
1,0,3,8,0,0.0,0.0,0.0,0,0,0,0,0,0,0,0,0,0,High,2,130000.0,ServiceNow Asset Management Analyst (Security),Insight Global
0,1,1,8,0,5.0,1.0,0.1667,0,0,1,0,0,0,0,0,0,0,Mid,1,105000.0,Nanoparticle Formulation Library Scientist,Rampart Bioscience
0,1,3,8,0,1.0,0.0,0.0,0,0,1,0,0,0,0,0,0,0,High,2,152500.0,Principal Reliability Engineer,Insight Global
0,1,3,2,0,5.0,0.0,0.0,1,1,1,0,0,1,1,0,0,0,High,2,163550.0,Sr. Data Engineer,bioMérieux
0,0,3,8,0,2.0,0.0,0.0,0,0,1,0,0,0,0,0,0,0,Mid,1,72800.0,Billing Analyst,APR Consulting
0,1,2,9,0,3.0,0.0,0.0,0,0,1,0,0,0,1,0,0,1,Mid,1,102000.0,Senior Compensation Analyst,Yakima Valley Farm Workers Clinic
0,1,1,8,0,4.0,0.0,0.0,0,0,0,0,0,0,0,0,0,0,Mid,1,84000.0,Board Certified Behavior Analyst (BCBA),The Job Network
0,1,3,6,0,2.0,0.0,0.0,0,0,1,0,0,0,0,0,0,0,High,2,130000.0,"Manager or Sr. Analyst, SEC & Technical Reporting",Building Products Company
0,1,1,9,0,2.0,0.0,0.0,0,0,0,0,0,0,0,0,0,0,Mid,1,117500.0,"Senior Scientist, Pharmacology Lead, Pharmacology / Toxicology",Rampart Bioscience
0,1,3,2,0,3.0,0.0,0.0,1,1,0,0,0,1,1,0,0,0,High,2,187500.0,Senior Data Engineer,Intelletec
0,1,3,9,0,4.0,0.0,0.0,0,0,1,0,0,0,0,0,0,0,Mid,1,85000.0,Senior Lease Analyst (140994),Atrium
0,1,1,8,0,5.0,1.0,0.1667,0,0,0,0,0,0,0,0,0,0,Mid,1,105000.0,"Scientist, Molecular Biology Lead, Gene Delivery Technology",Rampart Bioscience
0,1,2,8,0,0.0,0.0,0.0,0,1,1,1,0,0,0,0,0,0,Mid,1,82870.0,Data Systems Administrator,Albertsons Companies
0,1,2,9,0,2.0,0.0,0.0,0,0,1,0,0,0,0,0,0,0,High,2,130000.0,Private Equity - Portfolio Analytics Senior Associate,"Cyperus Group, Inc"
0,1,3,8,0,4.0,0.0,0.0,1,1,1,1,1,0,0,0,0,1,High,2,121750.0,LEAD IT SYSTEMS ANALYST,Lumen Technologies
0,1,3,8,0,5.0,1.0,0.1667,0,0,0,0,0,0,0,0,0,0,High,2,130633.5,Oracle Database Administrator III,L.A. Care Health Plan
0,1,1,8,0,7.0,0.0,0.0,0,0,0,0,0,0,0,0,0,0,Mid,1,76788.0,ASSOCIATE GOVERNMENTAL PROGRAM ANALYST,Employment Development Department
0,0,1,7,0,4.0,0.0,0.0,0,0,1,0,0,0,0,0,0,0,Mid,1,83200.0,AML EDD Analyst,Experis
0,1,1,6,0,3.0,0.0,0.0,0,0,1,1,0,0,0,0,0,0,Mid,1,115000.0,"Program Manager, Data Analytics and Health Care Compliance",Piper Companies
0,0,0,8,0,5.0,0.0,0.0,0,0,1,0,0,0,0,0,0,0,Mid,1,60320.0,Data Training Specialist,Easterseals Southern California
0,1,3,8,0,4.0,0.0,0.0,0,0,0,0,0,0,0,0,0,0,Mid,1,94632.5,Surround Systems Configuration Analyst I,L.A. Care Health Plan
0,1,3,9,0,6.0,0.0,0.0,0,0,0,0,0,0,0,0,0,0,Mid,1,101000.0,Senior Revenue Analyst,Guidewire Software
0,1,1,8,0,23.0,2.0,0.0833,0,0,1,0,0,0,0,0,0,0,Mid,1,76500.0,Project Delivery Analyst - Epic Training Coordinator,Deloitte
0,1,1,9,0,3.0,0.0,0.0,0,0,0,0,0,0,1,0,0,0,High,2,175300.0,Senior Electrical Distribution Engineer - Datacenter Engineering,Microsoft
1,1,1,8,0,10.0,0.0,0.0,0,0,1,0,0,0,1,0,0,0,Low,0,56500.0,Employee Benefits Amendment Analyst,Equitable
0,1,4,4,0,4.0,0.0,0.0,0,0,0,0,0,0,0,0,0,0,High,2,122300.0,"Director Database Marketing, Gaming",Delaware North
0,1,1,8,0,8.0,0.0,0.0,0,0,1,0,0,0,0,0,0,0,Mid,1,72875.555,Capital Markets Real Estate Portfolio Analyst,Regions Bank
0,1,3,8,0,5.0,0.0,0.0,0,0,0,0,0,0,0,0,0,0,Mid,1,76788.0,Budget Analyst,California Air Resources Board
1,1,3,8,0,21.0,2.0,0.0909,0,0,0,0,0,0,0,0,0,0,Mid,1,84365.0,Business System Analyst I,FIS
1,1,3,5,0,11.0,0.0,0.0,0,0,1,0,0,0,0,0,0,0,High,2,120000.0,Principal Program Control Financial Analyst (Remote),Raytheon
0,1,3,9,0,4.0,0.0,0.0,1,1,1,1,0,1,1,0,0,1,Mid,1,102500.0,Senior Data Science Analyst (multiple openings) - IHM,Discover Financial Services
0,1,3,9,0,4.0,0.0,0.0,0,0,1,0,0,0,0,0,0,0,Mid,1,96250.0,"Senior HRIS Analyst, Workday Benefits",HelloFresh
0,0,3,8,0,5.0,0.0,0.0,0,0,1,0,0,0,0,0,0,0,Mid,1,95680.0,GRC Specialist – Quality Analyst (Financial),Russell Tobin
0,1,3,8,0,4.0,0.0,0.0,0,0,1,0,0,0,0,0,0,0,High,2,129480.0,PD Clinical Lab Scientist- ACC Blood Bank- Variable Shift,UCI Health
0,0,1,8,0,4.0,0.0,0.0,0,0,0,0,0,0,0,0,0,1,High,2,171600.0,Mainframe CICS Engineer,Russell Tobin
0,0,3,8,0,5.0,0.0,0.0,0,0,1,0,0,0,0,0,0,0,Mid,1,62400.0,Non-IT Project Analyst,Russell Tobin
0,1,3,9,0,5.0,0.0,0.0,0,1,0,0,0,0,0,0,0,0,Mid,1,117155.0,Senior Site Reliability Engineer - Base24,Worldpay
1,1,1,8,0,5.0,0.0,0.0,0,0,1,0,0,0,0,0,0,0,High,2,158850.0,Principal Database Engineer,Oracle
0,1,1,8,0,4.0,0.0,0.0,0,0,1,0,0,0,0,0,0,0,Mid,1,72500.0,Health & Benefits Analyst - Placement Specialist,WTW
1,1,3,9,0,4.0,0.0,0.0,1,0,0,0,0,0,0,0,0,0,High,2,193400.0,Senior Site Reliability Engineer,Atlassian
0,1,1,8,0,5.0,0.0,0.0,0,0,0,0,0,0,0,0,0,0,Mid,1,118350.0,Cyber Threat Intelligence Technical Analyst,Bank of America
0,1,3,8,0,3.0,0.0,0.0,1,1,1,1,0,1,0,0,0,0,Mid,1,87500.0,Retail Business Scientist I,Skechers
1,1,3,8,0,11.0,0.0,0.0,0,0,1,0,0,0,0,0,0,0,Mid,1,99405.0,Banking Product Support - Deposit Origination Analyst,FIS
0,1,1,9,0,7.0,0.0,0.0,0,0,1,0,0,0,0,0,0,0,High,2,145000.0,"Analyst, Senior",RBC
0,1,1,8,0,7.0,0.0,0.0,0,0,1,0,0,0,0,0,0,0,Mid,1,73983.54500000001,Capital Markets Insurance Analyst- Commercial Properties,Regions Bank
0,1,1,8,0,2.0,0.0,0.0,0,0,0,0,0,0,0,0,0,0,Low,0,47500.0,Service Analyst,Insight Global
0,1,1,8,0,4.0,0.0,0.0,0,0,0,0,0,0,0,0,0,0,Mid,1,77000.0,Board Certified Behavior Analyst (BCBA),The Job Network
0,1,1,3,0,4.0,0.0,0.0,1,1,0,0,0,1,0,0,0,1,Mid,1,78665.5,Data Scientist,U.S. Department of Labor
0,1,1,5,0,4.0,0.0,0.0,0,0,1,1,1,0,0,0,0,0,Mid,1,114200.0,Lead Financial Analyst,Deloitte
0,1,1,8,0,4.0,0.0,0.0,0,0,1,0,0,0,0,0,0,0,Mid,1,101000.0,State Regulatory Sr. Analyst,Deloitte
0,1,1,8,0,4.0,0.0,0.0,0,0,1,0,0,0,0,0,0,0,Mid,1,84000.0,"Scientist II, Bioprocessing",Thermo Fisher Scientific
0,1,3,8,0,6.0,0.0,0.0,1,1,0,1,1,0,0,0,0,0,Mid,1,107050.0,Data Sr Analyst,Cox Automotive Inc.
0,1,3,8,0,4.0,0.0,0.0,0,0,1,0,0,0,0,0,0,0,High,2,124987.2,Clinical Lab Scientist- Blood Bank- FT Variable Shift,UCI Health
0,1,3,6,0,5.0,0.0,0.0,0,0,0,0,0,1,1,0,0,1,High,2,151900.0,Manager Data Science,Discover Financial Services
0,0,2,1,0,1.0,0.0,0.0,0,0,1,0,0,0,0,0,0,0,Low,0,47840.0,Data Analyst,Randstad Digital
0,1,3,9,0,5.0,0.0,0.0,1,0,1,0,0,0,1,0,0,0,Mid,1,99850.0,"Senior Associate, SIEM Solution Developer / Cybersecurity Analytics",myGwork - LGBTQ+ Business Community
0,1,3,9,0,1.0,0.0,0.0,1,1,0,0,0,0,0,1,0,0,High,2,227500.0,Senior Site Reliability Engineer,Selby Jennings
1,1,3,9,0,2.0,0.0,0.0,1,1,1,0,1,0,1,0,0,0,Mid,1,91000.0,Senior PowerBI Engineer,Ascendion
0,1,1,8,0,4.0,0.0,0.0,0,0,1,0,1,0,0,0,0,1,Mid,1,103250.0,Sr Analyst- Treasury,Arkansas Electric Cooperative Corporation
0,1,3,8,0,4.0,0.0,0.0,1,1,1,1,0,0,0,0,0,0,Low,0,49500.0,"Analyst, Marketing Science",Hearts & Science
0,1,1,8,0,1.0,0.0,0.0,0,0,1,0,0,0,0,0,0,0,Mid,1,81500.0,Board Certified Behavior Analyst,"Visions, LLC Behavioral Consulting"
0,1,1,8,0,4.0,0.0,0.0,0,0,0,0,0,0,0,0,0,0,Mid,1,86500.0,Board Certified Behavior Analyst (BCBA),The Job Network
1,1,3,2,0,1.0,0.0,0.0,1,1,1,0,1,1,1,1,0,0,Mid,1,92000.0,Senior Azure Cloud Data Engineer,Ascendion
0,1,4,4,0,3.0,0.0,0.0,0,0,1,0,0,0,0,0,0,0,High,2,175000.0,"Senior Director, Media Analytics",Hearts & Science
0,1,1,8,0,3.0,0.0,0.0,0,0,0,0,0,0,0,0,0,0,Mid,1,79500.0,Board Certified Behavior Analyst (BCBA),The Job Network
1,0,3,0,0,11.0,2.0,0.1667,0,0,1,0,0,0,0,0,0,0,High,2,150000.0,Workday Compensation Business Analyst,Insight Global
1,0,3,6,0,3.0,0.0,0.0,0,0,1,0,0,0,1,0,0,0,Mid,1,114400.0,Data Governance Manager,Insight Global
1,1,2,8,0,8.0,1.0,0.1111,0,0,1,0,0,0,0,0,0,0,Low,0,37440.0,Data Entry Specialist,Dexian
0,0,2,8,0,8.0,0.0,0.0,0,0,1,0,0,0,0,0,0,0,Mid,1,78000.0,Employee Relations Associate Analyst,Dexian
0,1,2,8,0,3.0,0.0,0.0,0,0,1,0,0,0,1,0,0,0,Mid,1,92500.0,Program Analyst,DNI (Delaware Nation Industries)
0,0,3,8,0,6.0,0.0,0.0,0,0,0,0,0,0,0,0,0,0,Mid,1,108160.0,Business Systems Analysts ,"The Emery Company, LLC"
0,0,2,9,0,3.0,0.0,0.0,0,1,0,0,0,0,0,0,0,1,High,2,124800.0,Senior Oracle Database Administrator ,TekWissen ®
1,1,3,8,0,3.0,0.0,0.0,0,1,1,0,0,0,0,0,0,0,Mid,1,88400.0,SQL Application Engineer Lead,Gainwell Technologies
1,0,3,8,0,16.0,0.0,0.0,0,1,0,0,0,0,1,0,0,0,Mid,1,119600.0,Datacap Developer,Brooksource
0,1,3,8,0,1.0,0.0,0.0,0,0,1,0,0,0,1,0,0,0,Mid,1,60000.0,Billing Analyst,Ledgent
0,0,2,0,0,10.0,2.0,0.1818,0,1,1,0,0,0,0,0,0,0,High,2,134451.2,Business Analyst IV,JustinBradley
0,0,2,8,0,6.0,0.0,0.0,0,1,0,1,0,0,0,0,0,0,Mid,1,114400.0,Design Analytics Specialist,Insight Global
0,0,3,8,0,4.0,0.0,0.0,1,0,1,0,0,0,1,0,0,0,High,2,136240.0,Oracle Database Administrator,Akkodis
0,1,3,8,0,3.0,0.0,0.0,0,0,0,0,0,0,0,0,0,0,Mid,1,95000.0,Aircraft Engine Engineer,Insight Global
1,0,3,8,0,10.0,1.0,0.0909,0,0,0,0,0,0,0,0,0,0,High,2,130000.0,Lead Vulnerability Management Analyst,Insight Global
0,1,1,8,0,1.0,0.0,0.0,0,0,1,0,0,0,0,0,0,0,Low,0,37440.0,Intake/Data Entry Specialist,Dexian
0,1,2,5,0,4.0,0.0,0.0,0,1,1,0,0,0,0,0,0,0,Mid,1,95000.0,Financial Analyst,Apex Systems
1,1,1,8,0,2.0,0.0,0.0,0,0,0,0,0,0,0,0,0,1,Low,0,50000.0,SEO Analyst,Liquid Instruments
0,1,3,8,0,1.0,0.0,0.0,1,0,0,0,0,0,0,0,0,0,High,2,145600.0,Site Reliability Engineer,Optomi
0,1,3,8,0,1.0,0.0,0.0,1,0,1,0,0,0,1,0,0,0,High,2,197734.5,Lead GenAI Orchestration Engineer,3M
0,0,2,8,0,4.0,0.0,0.0,0,0,0,0,0,0,0,0,0,0,Mid,1,98500.0,Maintenance Engineer,Akkodis
0,1,3,8,0,2.0,0.0,0.0,0,1,0,0,0,0,0,0,0,0,Mid,1,111748.0,Applications Analyst III,Sutter Health
1,1,3,1,0,3.0,0.0,0.0,0,0,1,1,0,0,0,0,0,0,Mid,1,86500.0,Sr. Operations Data Analyst - Provider - (SAS Required) - Remote,EmblemHealth
0,1,3,1,0,1.0,0.0,0.0,0,1,0,0,0,0,0,0,0,0,High,2,122500.0,IT Team Lead / Sr. Servicing Product Owner / Sr. SQL Data Analyst  (Onsite Required) ,CGS Business Solutions | INC 5000 Company
0,0,1,8,0,6.0,0.0,0.0,0,0,1,0,0,0,0,0,0,0,Low,0,37440.0,Data Entry Clerk,nTech Workforce
0,1,1,8,0,4.0,0.0,0.0,0,0,0,0,0,0,0,0,0,0,Low,0,35900.8,Artificial Intelligence (AI) College Intern,Ohio Department of Administrative Services
0,1,2,8,0,2.0,0.0,0.0,0,0,1,0,0,0,1,0,0,0,Mid,1,76000.0,Analyst Aircraft Engineering,JetBlue
0,0,0,8,0,3.0,0.0,0.0,0,0,1,0,0,0,0,0,0,0,Mid,1,72800.0,2025 Investment Banking Summer Analyst - Healthcare,Ziegler
0,0,2,1,0,10.0,4.0,0.3636,0,0,1,0,0,0,0,0,0,1,Mid,1,61880.0,Data Analyst,Kelly
0,0,2,8,0,3.0,0.0,0.0,0,0,1,0,0,0,0,0,0,0,Mid,1,67600.0,Collaboration Analyst/Telephony Analyst,Brooksource
1,0,3,9,0,4.0,0.0,0.0,0,1,1,0,0,0,0,0,0,0,Mid,1,116480.0,Senior Quality Analyst,Equity Staffing Group
0,0,3,8,0,6.0,0.0,0.0,0,0,0,0,0,0,0,0,0,0,High,2,150800.0,Reliability Engineer,CTS Complete Technical Services
0,1,1,8,0,0.0,0.0,0.0,0,0,1,0,0,0,0,0,0,0,Low,0,58500.0,Assistant Staff Engineer/Geologist/Scientist,Trihydro Corporation
0,1,1,8,0,2.0,0.0,0.0,1,1,1,0,0,0,0,0,0,0,Mid,1,91520.0,Data Curation Engineer,Planet Pharma
0,0,3,8,0,4.0,0.0,0.0,1,1,1,1,0,0,0,0,0,1,Mid,1,119600.0,NMC_000220 - W2 - Sr. Analyst-Retail Performance,New Millenium Consulting
1,1,3,8,0,3.0,0.0,0.0,0,1,0,0,0,0,0,0,0,0,Mid,1,86091.015,"Sr Analyst, Benefits Config Info Mgmt- QNXT",Molina Healthcare
1,1,1,8,0,3.0,0.0,0.0,0,0,0,0,0,0,0,0,0,1,Mid,1,64681.45,Associate Actuarial Analyst - New Grad (Remote),Molina Healthcare
1,1,1,6,0,3.0,0.0,0.0,1,0,0,0,0,0,1,0,0,0,High,2,231350.0,Principal Site Reliability Engineering Manager,Microsoft
1,1,1,9,0,3.0,0.0,0.0,1,1,0,1,1,0,1,0,0,0,High,2,143400.0,"Senior Supply Planner, Datacenter Capacity Management",Microsoft
1,0,2,5,0,3.0,0.0,0.0,0,0,1,0,0,0,0,0,0,0,Mid,1,92560.0,Financial Analyst - 79476,Swoon
1,1,3,8,0,2.0,0.0,0.0,0,1,0,0,0,0,0,0,0,0,Mid,1,78264.56,"Analyst, QNXT Contract Config Info Mgmt (Remote)",Molina Healthcare
1,0,3,8,0,9.0,1.0,0.1,0,0,1,0,0,0,0,0,0,0,High,2,150800.0,Database Administrator,Insight Global
0,1,1,8,0,4.0,0.0,0.0,0,0,0,0,0,0,1,0,0,0,Mid,1,60000.0,Digital Forensics Analyst,Forensic Discovery LLC
0,1,1,8,0,3.0,0.0,0.0,0,0,1,0,0,0,0,0,0,0,Low,0,50960.0,Operations Analyst,EPITEC
0,0,3,1,0,3.0,0.0,0.0,0,1,1,0,0,0,0,0,0,0,Mid,1,67600.0,NMC_000221 - Data Analyst (W2),New Millenium Consulting
0,1,1,2,0,3.0,0.0,0.0,1,1,0,0,1,0,0,0,0,0,High,2,145000.0,Enterprise Data Engineer,Piper Companies
0,1,3,9,0,2.0,0.0,0.0,0,0,1,0,0,0,0,0,0,0,Mid,1,80000.0,Senior Scientist,Beauty Quest Group
0,1,3,2,0,3.0,1.0,0.25,0,0,1,0,0,0,0,0,0,0,High,2,177500.0,Senior Data Engineer,Provision People
0,1,3,0,0,1.0,0.0,0.0,0,0,1,0,0,0,0,0,0,0,High,2,127500.0,Sr. SAP SD/LE Business Analyst,"The ProSource Group, Inc."
0,0,1,8,0,2.0,0.0,0.0,0,0,0,0,0,0,0,0,0,0,Mid,1,71760.0,Food Scientist,"Denken Solutions, Inc."
1,1,1,8,0,2.0,0.0,0.0,0,0,0,0,0,0,0,0,0,1,Mid,1,64681.45,Associate Actuarial Analyst - New Grad (REMOTE),Molina Healthcare
1,1,1,8,0,2.0,0.0,0.0,0,1,1,0,0,0,0,0,0,0,Mid,1,78264.56,"Analyst, Claims and Configuration - QNXT",Molina Healthcare
0,1,5,8,0,3.0,0.0,0.0,0,0,0,0,1,1,1,0,0,0,High,2,222500.0,"Vice President, Finance – Data Science & Visualization Analytics",American Express
0,1,1,3,0,5.0,0.0,0.0,1,0,0,0,0,0,0,0,0,0,Mid,1,88400.0,Jr. Data Scientist (Hybrid),Piper Companies
1,1,3,1,0,2.0,0.0,0.0,1,1,1,1,1,0,0,0,0,0,Mid,1,104000.0,Senior Data Analyst- Scientist,Insight Global
0,1,2,8,0,6.0,1.0,0.1429,0,0,0,0,0,0,0,0,0,0,Mid,1,60000.0,"SOC Analyst (Night Shift, Career Opportunity)",Insight Global
1,1,3,8,0,178.0,32.0,0.1788,0,0,1,0,0,0,1,0,0,0,Mid,1,78500.0,"Calculations Analyst, Actuarial",John Hancock
1,1,3,8,0,76.0,10.0,0.1299,0,0,1,0,0,0,0,0,0,0,Mid,1,70000.0,Client Service Analyst,Circana
1,1,1,1,0,9.0,0.0,0.0,0,1,0,0,0,0,0,0,0,1,Mid,1,109465.93,Sr. Healthcare Data Analyst,Vail Health
0,1,1,8,0,15.0,0.0,0.0,0,0,0,0,0,0,0,0,0,0,Mid,1,119600.0,Mainframe z/OS Physical and Logical DB2 Database Administrator (DBA),Eclaro
0,1,5,4,0,19.0,1.0,0.05,0,0,1,0,0,0,0,0,0,0,High,2,203500.0,Director - Planning & Analytics,Vuori
1,1,1,8,0,10.0,0.0,0.0,0,1,1,0,0,0,0,0,0,0,Low,0,57500.0,Technical Support Analyst - US,VertexOne
0,1,3,6,0,21.0,2.0,0.0909,0,0,1,0,0,0,0,0,0,0,Mid,1,70000.0,Environmental Analyst - Project Manager,"Relevante, Inc."
0,0,3,8,0,9.0,0.0,0.0,0,0,1,0,0,0,0,0,0,0,Mid,1,100672.0,Workday Testing Analyst,Confidential
0,1,3,8,0,8.0,1.0,0.1111,0,0,1,0,0,0,0,0,0,0,Mid,1,79750.0,Change Management Analyst,CACI International Inc
0,1,3,9,0,17.0,2.0,0.1111,0,0,1,0,0,1,1,0,0,0,Mid,1,91400.0,Senior Data Product Specialist,Crum & Forster
0,0,2,8,0,50.0,7.0,0.1373,0,0,0,0,0,0,0,0,0,0,Low,0,52000.0,Help Desk Analyst,Akkodis
0,1,3,9,0,4.0,0.0,0.0,0,0,0,0,0,0,0,0,0,0,Mid,1,99750.0,Senior Service Desk Analyst,CACI International Inc
0,1,1,8,0,320.0,66.0,0.2056,0,0,0,0,0,0,0,0,0,1,Mid,1,65000.0,Analyst,Sony Music Entertainment
0,1,1,8,0,12.0,0.0,0.0,0,0,1,0,0,0,1,0,0,0,Mid,1,90000.0,Credit Analyst,LaundryLux
0,1,3,8,0,69.0,11.0,0.1571,0,0,1,0,0,0,1,0,0,0,Mid,1,72000.0,Casino Business Operations Analyst,FanDuel
0,0,1,8,0,40.0,3.0,0.0732,1,1,0,1,0,0,1,0,0,0,Mid,1,109200.0,Systems Analyst - Hybrid in Austin -50-55ph Contract W2,Oscar
0,0,1,8,1,117.0,38.0,0.322,0,0,0,0,0,0,0,0,0,0,High,2,127920.0,Data Governance Analyst,Collabera
0,1,2,8,0,26.0,2.0,0.0741,0,1,1,0,0,0,0,0,0,0,Mid,1,91500.0,IT Housing Applications / ERP Analyst,"Century Communities, Inc. (NYSE:CCS)"
0,1,1,8,0,4.0,0.0,0.0,0,0,1,0,1,0,0,0,0,0,Mid,1,95871.5,Master Data PIM Analyst (Item Master),Helen of Troy
0,0,3,3,0,39.0,5.0,0.125,1,0,1,0,0,1,0,0,0,1,High,2,166700.0,Sr. Data Scientist (Modeling),CACI International Inc
0,1,1,8,0,15.0,1.0,0.0625,0,0,1,0,0,0,0,0,0,0,High,2,133000.0,Biological Analyst,CACI International Inc
0,1,1,8,0,97.0,17.0,0.1735,0,0,0,0,0,0,0,0,0,0,Mid,1,60000.0,Management Analyst,Georgia Department of Audits and Accounts
1,0,3,8,0,960.0,158.0,0.1644,0,0,0,0,0,0,0,0,0,0,Mid,1,105040.0,Procurement Analyst,Akkodis
0,1,3,8,0,6.0,0.0,0.0,0,0,0,0,0,0,0,0,0,0,High,2,122000.0,Farsi Operational Language Analyst,CACI International Inc
0,1,1,5,0,11.0,1.0,0.0833,0,0,1,0,0,0,0,0,0,0,Mid,1,85176.0,Financial Analyst I,Gesa Credit Union
0,1,3,9,0,8.0,0.0,0.0,0,0,0,0,0,0,0,0,0,0,Mid,1,93250.0,Product Technology Senior Analyst,"Church Mutual Insurance Company, S.I."
1,1,2,8,0,61.0,15.0,0.2419,1,1,1,0,0,0,0,0,0,1,Mid,1,65000.0,"Product Analyst, Property Analytics",PURE Insurance
0,1,3,8,0,42.0,10.0,0.2326,0,1,0,0,0,0,0,0,0,1,Mid,1,84000.0,Data Reporting Analyst,Cambia Health Solutions
1,1,3,8,0,179.0,0.0,0.0,0,0,0,0,0,1,0,0,0,0,High,2,207580.0,"Research Scientist, Mosaic",Allen Institute for AI (AI2)
1,1,1,8,0,49.0,10.0,0.2,1,1,1,0,0,0,0,0,0,1,Mid,1,77250.0,Medicaid Business Intelligence Engineer,Humana
0,1,3,9,0,18.0,0.0,0.0,0,1,0,0,0,0,0,0,0,0,Mid,1,85000.0,SENIOR CLINICAL ANALYST,Montefiore Health System
1,1,3,8,0,15.0,0.0,0.0,0,0,1,0,0,0,1,0,0,0,High,2,124000.0,Epic Beacon Applications Analyst III-Digital and Technology Partners - Remote,Mount Sinai Health System
0,1,3,1,0,162.0,57.0,0.3497,0,1,1,0,0,0,0,0,0,1,High,2,164500.0,Senior Data Analyst,Navan
0,1,1,8,0,36.0,1.0,0.027,0,0,1,0,0,0,0,0,0,1,Mid,1,70720.0,Data Validator,Haley & Aldrich
0,1,3,8,0,6.0,0.0,0.0,0,0,1,0,0,0,0,0,0,0,High,2,194250.0,Sr Principal Scientist DMPK,Exelixis
0,0,3,8,0,5.0,0.0,0.0,0,1,1,0,1,0,0,0,0,0,Mid,1,111750.0,Product Insights & Analytics PM,Bluehawk Consulting
1,1,1,8,0,803.0,59.0,0.0734,1,1,0,1,1,0,0,0,0,0,High,2,124550.0,Business Intelligence Lead,Humana
0,1,1,8,0,15.0,0.0,0.0,0,0,0,0,0,0,0,1,0,0,High,2,138000.0,"Sales Specialist, Cloud Data Analytics",Google
0,1,3,9,0,157.0,59.0,0.3734,0,0,1,0,0,0,1,0,0,0,High,2,135937.5,"Senior Analyst, Strategic Finance",OneTrust
0,1,3,9,0,6.0,0.0,0.0,0,1,0,1,1,0,0,0,0,1,Mid,1,83133.0,"Analyst, IT Senior Reporting",Austin Community College
0,1,3,9,0,9.0,0.0,0.0,0,1,0,0,0,0,0,0,0,0,Mid,1,85000.0,SENIOR CLINICAL ANALYST,Montefiore Health System
0,1,1,8,0,41.0,7.0,0.1667,1,0,1,0,0,1,0,0,0,0,High,2,132550.0,Software Engineer / Research Scientist,Parsons Corporation
0,1,3,0,0,54.0,10.0,0.1818,0,1,1,0,0,0,0,0,0,0,High,2,176800.0,IT Business Analyst,Michael Page
0,1,3,8,0,6.0,1.0,0.1429,0,0,0,0,0,0,1,0,0,0,Mid,1,98802.0,Traffic Analyst (Construction),Oregon Department of Transportation
0,1,1,1,0,364.0,92.0,0.2521,0,1,1,0,0,0,0,0,0,0,High,2,222650.0,Marketing Data Analyst,SAP
0,1,1,8,0,14.0,0.0,0.0,0,0,1,0,0,0,0,0,0,0,Mid,1,112500.0,RMF Cyber Analyst,Sev1Tech LLC
0,1,1,8,0,34.0,3.0,0.0857,0,0,1,0,0,0,1,0,0,0,Mid,1,75000.0,HR Delivery QA/QC Analyst,Citi
1,1,1,8,0,47.0,2.0,0.0417,0,1,1,1,1,0,0,0,0,1,Mid,1,70300.0,Medicaid RPA Analyst,Humana
0,1,3,8,0,12.0,0.0,0.0,0,0,1,0,0,0,1,0,0,0,Mid,1,84560.0,Core Scientist - Shared Research Resources,Mount Sinai Health System
0,1,3,3,0,51.0,4.0,0.0769,1,1,1,0,0,1,0,0,0,1,High,2,186500.0,"Senior Data Scientist, Google Cloud Support",Google
0,1,1,9,0,4.0,0.0,0.0,0,0,0,0,0,0,0,0,0,0,High,2,144182.0,Digital Software Engineer Senior Analyst,Citi
1,1,3,8,0,10.0,2.0,0.1818,0,0,0,0,0,0,0,0,0,0,Mid,1,106288.0,Epic Cupid Application Analyst III,Samaritan Health Services
0,1,1,9,0,28.0,4.0,0.1379,0,0,1,0,0,0,0,0,0,0,High,2,132500.0,Senior Associate - Mobility Engineer,New York Life Insurance Company
1,0,2,8,0,31.0,8.0,0.25,0,0,1,0,0,0,0,0,0,0,Mid,1,78000.0,Operations & Support Analyst [74518],Onward Search
0,1,2,8,0,18.0,2.0,0.1053,0,0,0,0,0,0,0,0,0,0,High,2,132200.0,STRATEGIC SOURCING ANALYST IV,TE Connectivity
0,1,1,3,0,16.0,0.0,0.0,0,1,1,0,0,0,1,0,1,1,High,2,193500.0,Principal Data Scientist - Statistical Programming,4D Molecular Therapeutics
0,1,1,9,0,33.0,4.0,0.1176,0,1,0,0,0,0,0,0,0,0,High,2,173500.0,Applications Development Senior Programmer Analyst,Citi
0,0,2,8,0,83.0,31.0,0.369,0,0,1,0,0,0,0,0,0,0,Low,0,43680.0,Data Entry Specialist,Mastech Digital
0,1,1,8,0,52.0,3.0,0.0566,0,0,1,0,0,0,1,0,0,0,High,2,177900.0,Cyber Security Fusion Center - Emerging Threat Analyst- VP,Citi
1,1,3,8,0,75.0,3.0,0.0395,0,0,0,0,0,0,0,0,0,0,High,2,190300.0,Head (VP) of Data Center Smart Infrastructure - (REMOTE Major US City),Siemens
0,1,1,8,0,9.0,0.0,0.0,0,0,0,0,0,0,0,0,0,0,High,2,142300.0,Treasury/Liquidity Sr Analyst - C13/VP,Citi
0,0,3,8,0,5.0,1.0,0.1667,1,0,0,0,0,0,0,0,0,0,High,2,140400.0,Security Operations Center Analyst,SSi People
0,0,3,9,0,41.0,17.0,0.4048,1,0,0,0,0,0,1,0,0,0,High,2,179920.0,"Senior DevOps Engineer (VueJS, Node.js, IoT Devices, Lambda, AWS, medical device domain)",Cube Hub Inc.
1,1,2,8,0,434.0,36.0,0.0828,0,0,1,0,0,0,0,0,0,0,Mid,1,67500.0,Life Cycle Assessment Analyst,Climate Earth
0,1,3,8,0,5.0,1.0,0.1667,0,0,0,0,0,0,1,0,0,0,High,2,140000.0,D365 Sr. Solutions Analyst,Ledgent Technology
0,1,3,8,0,23.0,7.0,0.2917,0,0,1,0,0,0,0,0,0,0,Mid,1,69200.0,Business Technology Procurement Analyst,Bimbo Bakeries USA
1,1,3,8,0,59.0,9.0,0.15,0,0,1,0,0,0,0,0,0,0,Mid,1,74700.0,Operations Analyst,Principal Financial Group
0,1,3,8,0,29.0,4.0,0.1333,0,0,0,0,0,0,0,0,0,0,Mid,1,98000.0,Data Center Engineer/ Electrical,Ascendion
0,1,3,8,0,9.0,0.0,0.0,0,0,0,0,0,0,0,0,0,0,High,2,160305.5,Management and Program Analyst,ATF
1,1,3,9,0,27.0,0.0,0.0,0,0,1,0,0,0,0,0,0,0,Mid,1,90000.0,Senior Life Cycle Assessment Analyst,Climate Earth
0,1,1,2,0,12.0,1.0,0.0769,1,1,0,1,0,0,1,0,0,0,Mid,1,104032.5,Sr IT Data Engineering Associate,Gilead Sciences
0,1,3,5,0,8.0,1.0,0.1111,0,0,1,1,0,0,0,0,0,0,Mid,1,65000.0,Senior Financial Analyst,Century Group
0,1,1,8,0,27.0,0.0,0.0,0,0,1,0,0,0,1,0,0,0,High,2,253695.0,"Principal Scientist I, Clinical Pharmacology",Gilead Sciences
0,1,3,8,0,26.0,8.0,0.2963,1,1,1,1,0,0,0,1,0,0,High,2,235000.0,Principal Data Information Engineer,AllSTEM Connections
0,1,3,7,0,45.0,19.0,0.413,1,1,0,0,0,1,0,0,0,1,High,2,170000.0,Sr. Machine Learning Engineer ,PubMatic
0,0,3,8,0,15.0,2.0,0.125,0,0,1,0,0,0,0,0,0,0,Mid,1,101920.0,RCSA Compliance Analyst,Apex Systems
1,1,1,1,0,20.0,7.0,0.3333,0,0,1,1,1,0,0,0,0,1,Mid,1,87500.0,Data Analyst,Carallel
1,1,1,1,0,99.0,54.0,0.54,1,1,1,0,0,1,0,1,0,1,Mid,1,75000.0,Associate Data Analyst,Zest AI
0,1,3,1,0,8.0,1.0,0.1111,0,0,0,0,0,0,0,0,0,0,Mid,1,88400.0,Master Data Analyst,Korn Ferry
0,0,1,8,0,4.0,0.0,0.0,0,0,1,0,0,0,0,0,0,0,Low,0,58240.0,Environmental Technical Analyst,Comrise
0,1,4,9,0,5.0,0.0,0.0,0,0,0,0,0,1,0,0,0,1,High,2,260000.0,"Senior Manager, AI Engineering - Marketplace Monetization AI",LinkedIn
0,1,2,8,0,43.0,11.0,0.25,0,0,0,0,0,0,0,0,0,0,Mid,1,90000.0,"Research Associate II or Associate Scientist, Cancer Biology",Apertor Pharmaceuticals
0,1,3,8,0,21.0,0.0,0.0,0,0,1,0,0,0,0,0,0,0,Mid,1,73000.0,Land Acquisition Analyst,New Home Co.
1,0,2,8,0,31.0,4.0,0.125,0,0,0,0,0,0,0,0,0,0,High,2,156000.0,Application Support Analyst,Robert Half
0,0,3,8,0,15.0,1.0,0.0625,0,0,1,0,0,0,0,0,0,0,Mid,1,75920.0,Business Process Analyst,Cypress HCM
1,1,3,8,0,27.0,8.0,0.2857,0,0,0,0,0,0,0,0,0,0,Mid,1,79040.0,Major Incident Management Analyst,Precise Solutions
0,0,1,8,0,4.0,0.0,0.0,0,0,1,0,0,0,0,0,0,0,Low,0,31200.0,Data Entry Clerk,The Reserves Network
0,0,2,8,0,21.0,0.0,0.0,0,0,0,0,0,0,0,0,0,0,Mid,1,110240.0,Clinical Lab Scientist - Part Time 24 hours,Labcorp
0,1,2,9,0,16.0,0.0,0.0,0,0,1,0,0,0,1,0,0,0,Mid,1,106250.0,Senior Tax Analyst,Adecco Permanent Recruitment
0,1,3,9,0,28.0,1.0,0.0345,0,0,0,0,0,0,1,0,0,0,High,2,138600.0,Senior Manager Data Risk Management,Discover Financial Services
0,1,2,8,0,14.0,1.0,0.0667,0,0,1,0,0,0,0,0,0,0,Low,0,55000.0,Accounts Receivable Analyst,UG2
0,1,1,8,0,38.0,9.0,0.2308,0,0,1,0,0,0,0,0,0,0,Mid,1,70000.0,Investor Relations Marketing Analyst,Brasa Capital Management
0,0,3,8,0,13.0,1.0,0.0714,0,0,0,0,0,0,0,0,0,0,Mid,1,93600.0,Quality Control Scientist,Randstad Life Sciences US
0,1,3,8,0,15.0,3.0,0.1875,0,1,1,0,0,0,1,0,0,0,High,2,128500.0,Database Administrator,"Northwest Administrators, Inc"
0,1,3,6,0,26.0,6.0,0.2222,0,0,1,0,0,0,0,0,0,0,High,2,164000.0,"Sr. Manager, Engineering and Maintenance",Planet Pharma
0,1,3,9,0,6.0,0.0,0.0,1,1,1,0,0,0,0,0,0,0,High,2,255000.0,Senior Database Administrator,Culver Careers (CulverCareers.com)
0,1,2,8,0,5.0,1.0,0.1667,0,0,1,0,0,0,0,0,0,0,Mid,1,63440.0,Billing Analyst,LHH
1,1,2,0,0,121.0,52.0,0.4262,0,0,0,0,0,0,0,0,0,0,Mid,1,81120.0,Jr. Technical Business Analyst,Aquent
0,1,1,8,0,9.0,1.0,0.1,0,0,1,0,0,0,0,0,0,0,Mid,1,72500.0,Credit and Collections Analyst,Zoetis
0,1,1,8,0,21.0,4.0,0.1818,0,0,1,0,0,0,0,0,0,1,Mid,1,110000.0,Portfolio Analyst,"CarterPierce, INC."
1,1,3,6,0,130.0,51.0,0.3893,1,0,0,0,0,1,0,0,0,1,High,2,147500.0,Clinical Data Manager,Eliassen Group
0,0,0,8,0,63.0,19.0,0.2969,1,0,1,0,0,0,1,0,1,0,Low,0,44720.0,"Intern, Data Science and Analytics (Cloud Infrastructure)",Razorfish
0,0,2,8,0,17.0,5.0,0.2778,0,0,1,0,0,0,0,0,0,0,Low,0,49920.0,Logistics Analyst 1,TekWissen ®
1,0,2,8,0,812.0,236.0,0.2903,0,0,1,0,0,0,0,0,0,0,Low,0,35000.0,Data Entry Specialist,Insight Global
0,1,2,8,0,10.0,3.0,0.2727,0,0,1,0,0,0,0,0,0,0,Low,0,49920.0,Inventory Analyst,EPITEC
0,1,1,8,0,19.0,3.0,0.15,0,1,1,1,1,0,0,0,0,1,Mid,1,77893.5,Business Intelligence Developer I,Northeast Ohio Regional Sewer District
0,1,3,9,0,7.0,1.0,0.125,0,0,1,0,0,0,1,0,0,0,Mid,1,73250.0,"Senior Analyst, Commerce",Starcom
0,0,0,8,0,30.0,4.0,0.129,0,0,1,0,0,0,0,0,0,0,Mid,1,100000.0,Investment Banking Analyst,Ziegler
0,1,4,4,0,12.0,0.0,0.0,0,0,1,0,0,0,1,0,0,0,High,2,190000.0,Director of Product Strategy & Analystics,INSPYR Solutions
0,1,2,8,0,13.0,5.0,0.3571,0,0,0,0,0,0,0,0,0,0,Mid,1,110905.6,Medical Laboratory Scientist,Randstad Life Sciences US
0,0,1,8,0,51.0,14.0,0.2692,0,0,1,0,0,0,0,0,0,0,Mid,1,88400.0,Product Engineer I (Biomedical Engineering),Aequor
1,1,1,1,0,64.0,28.0,0.4308,1,1,1,1,0,0,0,0,0,1,Mid,1,72800.0,Reporting and Data Analyst,Ventegra
0,1,1,8,0,14.0,0.0,0.0,0,1,1,0,0,0,0,0,0,0,Mid,1,105000.0,Database Architect,Fremont Solutions Group
0,0,1,8,0,4.0,0.0,0.0,0,0,0,0,0,0,0,0,0,0,Mid,1,62400.0,Clinical Laboratory Scientist,"LanceSoft, Inc."
0,0,3,8,0,5.0,0.0,0.0,0,0,0,0,0,0,0,0,0,0,Mid,1,66560.0,Data Center Decommission Technician ,Brooksource
0,1,2,9,0,2.0,0.0,0.0,0,0,1,0,0,0,0,0,0,0,Mid,1,112100.0,Senior Benefits Analyst,Philip Morris International
1,0,3,8,0,18.0,1.0,0.0526,1,1,1,0,0,0,0,0,0,0,High,2,120640.0,SQL Support Engineer,Advantis Global is becoming INSPYR Solutions
0,0,1,5,0,35.0,3.0,0.0833,0,0,1,0,0,0,0,0,0,0,High,2,156000.0,Financial Analyst Consultant - Phoenix,Vaco
0,0,1,8,0,3.0,0.0,0.0,0,0,0,0,0,0,0,0,0,0,Mid,1,94640.0,Facilities Maintenance Engineer,Experis
0,1,1,1,0,3.0,0.0,0.0,0,1,1,0,1,0,0,0,0,0,Mid,1,85550.0,Financial Data Analyst,RSM US LLP
0,1,3,8,0,3.0,0.0,0.0,1,1,0,0,0,0,0,0,0,1,Mid,1,72800.0,Credit Risk Analyst,Piper Companies
0,1,3,1,0,8.0,2.0,0.2222,1,1,1,1,0,0,0,0,0,0,Mid,1,93600.0,Business Data Analyst,Piper Companies
0,1,1,2,0,7.0,1.0,0.125,0,0,0,0,0,0,1,0,0,0,High,2,125000.0,Data Engineer,Brighton Jones
0,0,1,3,0,6.0,0.0,0.0,1,0,0,0,0,0,1,0,0,0,High,2,171600.0,Data Scientist V,Experis
0,1,1,2,0,5.0,0.0,0.0,1,1,0,0,0,0,1,1,0,0,High,2,140000.0,Data Engineer,Piper Companies
0,1,1,8,0,4.0,0.0,0.0,0,0,0,0,0,0,0,0,0,0,Mid,1,74880.0,QC Micro Analyst II,Piper Companies
0,0,1,8,0,3.0,0.0,0.0,0,0,0,0,0,0,0,0,0,0,Mid,1,94640.0,Facilities Maintenance Engineer,Experis
0,1,3,8,0,2.0,0.0,0.0,0,0,1,0,0,0,0,0,0,0,Mid,1,77000.0,Vendor Management Analyst II,GM Financial
1,0,3,3,0,3.0,0.0,0.0,0,0,0,0,0,0,1,0,0,1,Mid,1,114400.0,Data Scientist / AI,Irvine Technology Corporation
0,1,1,9,0,3.0,0.0,0.0,0,0,1,0,0,0,0,0,0,0,Mid,1,80000.0,Senior Analyst – Branded Environments,American Express
0,1,1,2,0,3.0,0.0,0.0,1,1,0,0,1,0,0,0,0,0,High,2,145000.0,Enterprise Data Engineer (Onsite),Piper Companies
0,1,1,8,0,4.0,0.0,0.0,0,0,0,0,0,0,0,0,0,0,Mid,1,79040.0,Quality Control Microbiology Analyst,Piper Companies
0,1,1,9,0,2.0,0.0,0.0,0,0,0,0,1,0,0,0,0,1,Mid,1,98409.2,Senior Program Evaluation Analyst (Senior Management Analyst),King County Housing Authority
0,1,2,8,0,1.0,0.0,0.0,0,0,1,0,0,0,0,0,0,0,Mid,1,70000.0,Sales Operations Analyst,LV Search Partners
0,1,3,5,0,1.0,0.0,0.0,0,0,1,0,0,0,0,0,0,0,Mid,1,113360.0,Financial Analyst,Insight Global
0,1,1,8,0,4.0,0.0,0.0,0,0,0,0,0,0,0,0,0,0,Mid,1,115000.0,Systems Analyst II - System Administration,ONEOK
0,1,3,5,0,2.0,0.0,0.0,0,0,1,0,0,0,0,0,0,0,Mid,1,91500.0,Program Financial Analyst,"Sealing Technologies, a Parsons Company"
0,1,5,9,0,4.0,0.0,0.0,0,0,1,0,0,0,0,0,0,0,Mid,1,85000.0,Senior Analyst - R&D Product Strategy – CTO Organization,American Express
1,1,1,6,0,4.0,0.0,0.0,1,1,1,0,0,0,1,0,0,0,High,2,140000.0,Product Manager - Data Products,Cloudbeds
0,0,1,8,0,5.0,0.0,0.0,1,0,0,0,0,1,0,0,0,0,High,2,171600.0,Lead Python Software Engineer,FUSTIS LLC
1,1,1,6,0,2.0,0.0,0.0,1,1,1,0,0,0,1,0,0,0,High,2,140000.0,Product Manager - Data Products,Cloudbeds
0,1,3,8,0,0.0,0.0,0.0,0,1,0,0,0,0,1,0,0,0,High,2,240000.0,Site Reliability Engineer/Ops Mgr,Culver Careers (CulverCareers.com)
0,0,3,6,0,2.0,0.0,0.0,0,0,0,0,0,0,0,0,0,0,High,2,197600.0, Sr. Database Query Enterprise Project Manager ,ACL Digital
1,1,1,8,0,4.0,0.0,0.0,0,0,0,0,0,0,0,0,0,0,Mid,1,99216.0,Landscape Remote Sensing Scientist,California Air Resources Board
1,1,3,8,0,5.0,0.0,0.0,0,0,1,0,0,0,0,0,0,0,Mid,1,84365.0,Junior Application Security Analyst - Must have knowledge of API's,FIS
0,1,3,8,0,2.0,0.0,0.0,0,1,1,1,0,0,0,0,0,0,High,2,158750.0,Data Visualization Architect,FIS
0,1,1,8,0,3.0,0.0,0.0,0,0,1,0,0,0,0,0,0,0,Mid,1,96000.0,Materials Analyst (Onsite),Pratt & Whitney
0,1,3,5,0,2.0,0.0,0.0,0,0,1,0,0,0,0,0,0,0,Mid,1,82500.0,Financial Analyst,Flintrock Builders
0,1,3,5,0,3.0,0.0,0.0,0,0,1,0,0,0,0,0,0,0,Mid,1,70000.0,Financial Analyst,Henkel
0,0,3,8,0,2.0,0.0,0.0,0,0,0,0,0,0,0,0,0,0,Mid,1,109200.0,Gaming Theorist or Digital Social Scientist for Global Automotive R&D Team,OSI Engineering
0,0,2,8,0,1.0,0.0,0.0,1,1,0,0,0,0,0,0,0,0,Mid,1,66560.0,Smart Connected Warehouse Analyst,TekWissen ®
0,1,3,9,0,4.0,0.0,0.0,0,0,0,0,0,0,0,0,0,0,High,2,168900.0,Cyber Threat Intelligence Senior Technical Analyst,Bank of America
0,1,1,8,0,4.0,0.0,0.0,0,0,1,0,0,0,1,0,0,0,Mid,1,69470.0,Engineering Mfg Liaison,General Atomics
0,0,3,8,0,1.0,0.0,0.0,0,0,1,0,0,0,0,0,0,0,High,2,135200.0,Change Management Analyst,Prairie Consulting Services
1,1,3,2,0,2.0,0.0,0.0,0,1,1,1,0,0,0,0,0,0,High,2,126500.0,Senior Data Engineer,Oracle
0,1,3,8,0,5.0,0.0,0.0,0,0,0,0,0,0,0,0,0,0,Mid,1,76000.0,Institutional Sales Analyst (Seattle or New York),Russell Investments
0,1,2,0,0,3.0,0.0,0.0,0,0,1,0,0,0,0,0,0,0,High,2,150800.0,Business Analyst/QA - Trading Systems,Harris Allied
0,1,3,8,0,10.0,0.0,0.0,0,0,0,0,0,0,0,0,0,0,High,2,125000.0,Field Application Scientist – Next Generation Sequencing,myGwork - LGBTQ+ Business Community
0,1,3,8,0,2.0,0.0,0.0,0,1,0,0,0,0,0,0,0,0,Low,0,54545.0,Business System Analyst,Insight Global
0,0,1,1,0,4.0,0.0,0.0,0,1,1,0,0,0,0,0,0,0,Mid,1,109200.0,Data Analyst (BANKING DOMAIN ONLY),Fixity Technologies
0,1,1,8,0,4.0,0.0,0.0,0,0,1,0,0,0,0,0,0,0,Mid,1,78000.0,Analyst – Accounting and Controllership (Hybrid),Collins Aerospace
0,1,1,8,0,4.0,0.0,0.0,0,0,1,0,0,0,0,0,0,0,Mid,1,74500.0,Industrial Engineer - Ambient DC,BJ's Wholesale Club
1,1,1,8,0,3.0,0.0,0.0,1,0,1,0,0,0,1,0,0,0,High,2,148450.0,Site Reliability Engineer - SaaS Infrastructure - Oracle Health,Oracle
0,1,1,8,0,5.0,0.0,0.0,0,0,0,0,0,0,0,0,0,0,Mid,1,85508.8,OEM Technical Analyst 3 - Support,Oracle
0,0,1,1,0,0.0,0.0,0.0,0,0,1,0,0,0,1,0,0,0,Mid,1,81120.0,Data Analyst,Dexian
0,1,1,9,0,2.0,0.0,0.0,0,0,1,0,0,0,0,0,0,0,High,2,125000.0,Scientist/Senior Scientist,SystImmune
0,1,1,8,0,5.0,0.0,0.0,0,0,0,0,0,0,1,0,0,0,Low,0,37440.0,Maintenance Engineer - DoubleTree by Hilton Syracuse,Remington Hospitality
0,1,2,8,0,2.0,0.0,0.0,1,0,1,0,1,0,0,0,0,0,Mid,1,102500.0,"Analyst, Pricing ",DoubleLine
0,1,3,8,0,2.0,0.0,0.0,1,0,1,0,0,1,0,0,0,0,High,2,197500.0,Principal Applied AI Engineer,Alaffia Health
0,1,1,8,0,0.0,0.0,0.0,0,0,0,0,0,0,0,0,0,0,Mid,1,65000.0,Risk Analyst,Ascendion
0,1,1,8,0,2.0,0.0,0.0,0,0,0,0,0,0,0,0,0,0,Mid,1,79923.0,Risk Analyst - City of Modesto,City of Modesto
1,0,3,8,0,2.0,0.0,0.0,1,1,1,0,1,0,1,0,0,0,High,2,148720.0,BI Analyst,Ledgent Technology
0,1,2,8,0,2.0,0.0,0.0,0,0,1,0,0,0,0,0,0,0,Low,0,58000.0,IT Service Analyst,Encore Talent Solutions
0,1,3,8,0,0.0,0.0,0.0,0,0,1,0,0,0,1,0,0,0,Low,0,56075.12,Human Resource Analyst,Tucson Unified School District (TUSD1.org)
0,0,1,8,0,4.0,0.0,0.0,0,0,0,0,0,0,0,0,0,0,Low,0,52000.0,Data Entry,The Reserves Network
0,1,1,2,0,5.0,0.0,0.0,1,0,0,0,0,0,0,1,0,1,Mid,1,111571.2,Data Engineer I/II (Health Network),Cincinnati Children's
0,0,3,8,0,7.0,2.0,0.25,0,1,0,1,0,0,1,1,0,0,High,2,161200.0,Big Data Architect – FX Trading,First Derivative
1,1,1,3,0,436.0,204.0,0.4668,1,1,0,0,0,1,1,0,0,1,High,2,140000.0,Data Scientist,Tetricus Labs
0,0,3,8,0,29.0,3.0,0.1,0,0,1,0,0,0,0,0,0,0,Mid,1,77500.0,W2 locals only - Quality Control Analyst - Energy Efficiency domain,New York Technology Partners
0,0,3,8,0,30.0,7.0,0.2258,0,1,0,1,0,0,1,1,0,0,High,2,161200.0,Big Data Architect – FX Trading,First Derivative
0,0,3,8,0,11.0,1.0,0.0833,0,1,0,1,0,0,1,1,0,0,High,2,161200.0,Big Data Architect – FX Trading,First Derivative
0,1,2,8,0,5.0,0.0,0.0,0,0,0,0,0,0,0,0,0,0,Mid,1,77000.0,Epic Beaker Analyst,Bluebird Staffing
1,1,3,8,0,34.0,10.0,0.2857,0,1,1,0,0,0,1,0,0,0,High,2,180000.0,Data Architect,Nesco Resource
0,1,1,8,0,13.0,1.0,0.0714,0,0,0,0,0,0,0,0,0,0,Mid,1,83125.0,Board Certified Behavior Analyst,Westside Children's Therapy
0,1,3,5,0,16.0,3.0,0.1765,0,1,1,0,1,0,0,0,0,0,Mid,1,86430.0,Financial Analyst,"Bechtel Plant Machinery, Inc. (BPMI)"
1,1,1,8,0,36.0,8.0,0.2162,0,0,1,0,0,0,1,0,0,0,Mid,1,95015.79,"Epic Application Analyst, Resolute PB",Health Choice Network
0,0,3,8,0,178.0,52.0,0.2905,0,0,1,0,0,0,0,0,0,0,High,2,134160.0,Business Process Analyst,GForce Life Sciences
0,1,4,4,0,3.0,0.0,0.0,1,1,1,0,1,0,0,0,0,0,High,2,235000.0,Director of Portfolio Analytics (Full Stack Development),Source One Technical Solutions
0,1,2,9,0,159.0,77.0,0.4812,1,1,1,0,0,0,1,0,0,1,Mid,1,95000.0,"Senior Analyst, Data Science",Mediahub Worldwide
0,1,2,5,0,41.0,13.0,0.3095,0,0,1,0,0,0,0,0,0,0,Mid,1,82500.0,Financial Analyst,Coda Search│Staffing
0,1,3,8,0,28.0,2.0,0.069,0,0,1,0,0,0,0,0,0,0,Mid,1,90562.5,Research Scientist 2 - 12276,New York State Department of Health
0,0,3,1,0,49.0,11.0,0.22,0,0,1,0,0,0,0,0,0,0,Mid,1,61150.0,Research Data Analyst,The Johns Hopkins University
0,1,1,8,0,8.0,0.0,0.0,0,0,1,0,0,0,0,0,0,0,Mid,1,63440.0,Entry-Level FMV Intel Analyst,Gridiron IT
0,0,2,8,0,19.0,0.0,0.0,0,0,1,0,0,0,0,0,0,0,Mid,1,90480.0,IT SOX Analyst,QSI
0,0,3,8,0,30.0,6.0,0.1935,0,0,1,0,0,0,0,0,0,0,Mid,1,83200.0,IAM Security Analyst,LaSalle Network
1,1,1,2,0,231.0,114.0,0.4914,1,1,1,0,0,1,0,0,0,0,High,2,138500.0,Data Engineer,CAI
0,1,3,8,0,16.0,1.0,0.0588,0,0,0,0,0,0,0,0,0,0,Mid,1,77500.0,Epic Beaker Analyst,Bluebird Staffing
0,1,3,8,0,20.0,1.0,0.0476,0,0,0,0,0,0,0,0,0,0,Mid,1,77500.0,Epic Optime Analyst,Bluebird Staffing
0,0,0,8,0,20.0,12.0,0.5714,0,1,0,0,0,0,0,0,0,1,Low,0,41600.0,Data Analytics Internship,Surge Staffing
0,1,3,9,0,16.0,4.0,0.2353,0,0,1,0,0,0,0,0,0,0,Mid,1,90000.0,Senior Accounting Analyst,Robert Half
0,1,1,8,0,37.0,3.0,0.0789,1,1,1,0,0,1,0,0,1,0,Mid,1,66000.0,Postdoctoral Research Scientist,Fordham University
0,1,3,8,0,15.0,1.0,0.0625,0,0,0,0,0,0,0,0,0,1,Mid,1,96246.0,RESEARCH SCIENTIST II (EPIDEMIOLOGY/BIOSTATISTICS) JC-427321,California Department of Public Health
0,0,2,8,0,41.0,3.0,0.0714,0,0,0,0,0,0,0,0,0,0,Mid,1,68640.0,Sales Analyst,Randstad USA
1,1,1,6,0,29.0,6.0,0.2,1,1,0,0,0,1,1,0,0,0,High,2,168500.0,Technical Product Manager II - Data Systems,Torc Robotics
0,1,2,8,0,4.0,1.0,0.2,1,1,1,0,0,0,0,0,0,0,Mid,1,100000.0,Modeling Analyst,Unknown Company
0,1,4,4,0,54.0,6.0,0.1091,0,0,1,0,0,1,0,0,0,0,High,2,221500.0,"Director, Sustaining Engineering","Element Science, Inc."
0,1,1,8,0,30.0,3.0,0.0968,0,0,1,0,0,0,0,0,0,0,Mid,1,110000.0,Compliance Analyst,Atlantic Group
0,1,3,8,0,5.0,0.0,0.0,0,0,0,0,0,0,0,0,0,0,High,2,120000.0,Advanced Acquisition Analyst,"Modern Technology Solutions, Inc. (MTSI)"
1,1,3,8,0,120.0,10.0,0.0826,0,0,0,0,0,0,0,0,0,0,Mid,1,113810.0,Data Team Lead,Inclusively
0,1,3,8,0,6.0,0.0,0.0,0,0,0,0,0,0,0,0,0,0,Mid,1,85000.0,Epic Beaker Analyst,Bluebird Staffing
1,1,3,6,0,6.0,1.0,0.1429,1,1,0,0,0,0,0,0,0,0,High,2,200000.0,"Staff Product Manager - Pricing Strategy, Monetization, and Analytics",SingleStore
0,0,1,8,0,8.0,0.0,0.0,0,0,1,0,0,0,0,0,0,0,Mid,1,77552.79999999999,Bench Scientist,eTeam
0,1,2,8,0,62.0,29.0,0.4603,0,0,1,0,0,0,0,0,0,0,Mid,1,80000.0,Financial Operations Analyst,Davis Polk & Wardwell LLP
0,0,1,8,0,11.0,1.0,0.0833,0,0,1,0,0,0,0,0,0,1,Mid,1,95680.0,"RESEARCH SCIENTIST/ACADEMIC Civil,Architectural and Environmental Engineering #00090902",Missouri University of Science and Technology
0,1,2,0,0,12.0,7.0,0.5385,0,0,1,0,0,0,0,0,0,0,Mid,1,105000.0,IT Software Business Analyst + UAT (Onsite in Arlington),Trident Maritime Systems
0,1,3,8,0,9.0,1.0,0.1,0,0,1,0,1,0,0,0,0,0,Mid,1,86760.0,Sales and Market Analyst,"Samuel, Son & Co."
0,1,1,9,0,11.0,2.0,0.1667,1,0,1,0,0,1,0,0,0,0,High,2,153000.0,Senior Research Scientist- Computed Tomography (CT),Philips
0,1,3,8,0,18.0,4.0,0.2105,0,0,0,0,0,0,0,0,0,0,Mid,1,70720.0,IT Operations Analyst,Astrix
1,0,3,1,0,555.0,242.0,0.4353,0,1,0,1,0,0,0,0,0,0,High,2,135200.0,Data Analyst,Akkodis
0,0,1,2,1,457.0,178.0,0.3886,0,1,0,0,0,1,1,0,0,0,High,2,130000.0,Data Engineer,Collabera
0,1,2,8,0,32.0,4.0,0.1212,0,0,1,0,0,0,0,0,0,1,Mid,1,70000.0,Sales and Customer Service Analyst,LHH
1,1,3,9,0,10.0,1.0,0.0909,0,0,1,0,0,0,1,0,0,0,Mid,1,117500.0,Senior Project Control Analyst,Westat
0,0,2,0,0,226.0,76.0,0.3348,0,0,0,1,0,0,0,0,0,0,Mid,1,72800.0,Business Analyst,Randstad USA
0,1,1,8,0,75.0,22.0,0.2895,1,1,0,1,0,1,0,0,1,0,Mid,1,68500.0,"Data Consultant - No experience required, salaried training",Kubrick Group
0,1,3,8,0,20.0,2.0,0.0952,0,0,0,0,0,0,0,0,0,0,Mid,1,67600.0,"Quality Control Analyst, HPLC - 219755",Medix™
1,0,3,2,0,227.0,60.0,0.2632,1,1,0,0,0,0,1,1,0,0,Mid,1,119600.0,Lead Data Engineer (W2) (REMOTE),Quess US
0,1,3,8,0,15.0,6.0,0.375,1,1,1,1,0,0,0,1,0,0,High,2,235000.0,Principal Data Information Architect,AllSTEM Connections
0,0,3,1,0,96.0,24.0,0.2474,0,1,1,0,0,0,1,0,0,0,High,2,175760.0,Transformation Data Analyst - Financial Services,"TSR Consulting Services, Inc."
1,0,2,8,0,110.0,21.0,0.1892,0,0,1,0,0,0,0,0,0,0,Mid,1,65520.0,Equity Analyst,Maxonic
0,0,1,8,0,28.0,5.0,0.1724,0,0,1,0,0,0,0,0,0,0,Low,0,40560.0,Junior Analyst,ApTask
0,0,1,5,0,40.0,8.0,0.1951,0,0,1,0,0,0,0,0,0,0,Low,0,46800.0,Financial Analyst,Russell Tobin
0,0,2,5,0,36.0,5.0,0.1351,0,0,1,0,1,0,0,0,0,0,Mid,1,97947.2,Financial Analyst II,Akkodis
0,1,3,8,0,10.0,0.0,0.0,1,0,1,0,0,0,1,1,0,0,High,2,210000.0,Data Streaming Technical Lead,AllSTEM Connections
1,1,2,1,0,360.0,198.0,0.5485,1,1,1,0,0,1,0,0,1,1,Mid,1,115000.0,Data Analyst,Straight Arrow News
1,0,3,8,0,250.0,90.0,0.3586,0,1,0,0,0,0,0,0,0,0,High,2,153920.0,SQL Database Administrator,Apex Systems
0,1,1,2,0,43.0,11.0,0.25,1,0,0,0,0,0,0,0,0,0,Mid,1,94000.0,"Data Engineer (TS/SCI,Python,Elasticsearch) Full Time","TechnoSphere, Inc."
0,1,3,7,0,50.0,8.0,0.1569,1,1,1,0,0,1,0,1,0,0,High,2,190720.0,AI/ML Engineering Manager ,SEPHORA
1,0,1,8,1,70.0,14.0,0.1972,1,1,1,1,0,0,0,0,0,1,High,2,136323.2,Business Intelligence Engineer,Collabera
1,1,3,9,0,50.0,15.0,0.2941,0,1,0,0,0,0,0,0,0,0,Mid,1,112000.0,Senior Oracle Database Developer,Karsun Solutions
0,1,2,8,0,13.0,1.0,0.0714,0,0,0,0,0,0,0,0,0,0,Mid,1,76788.0,Associate Governmental Program Analyst (JC-427102),Caltrans
0,1,3,1,0,59.0,29.0,0.4833,1,1,1,1,1,1,0,0,0,1,Mid,1,85000.0,Senior Data Analyst,"Groundswell, Inc."
0,0,3,1,0,411.0,185.0,0.449,1,1,1,1,1,0,0,0,0,0,High,2,146640.0,Data Analyst,EPITEC
0,1,1,8,0,48.0,9.0,0.1837,0,0,1,0,0,0,0,0,0,1,Mid,1,70000.0,Economic Analyst,Nouvelle Analytics
0,1,3,8,0,81.0,32.0,0.3902,0,1,1,0,0,0,0,0,0,0,Mid,1,105000.0,Database Developer,Ria Money Transfer
0,1,1,8,0,8.0,1.0,0.1111,0,1,1,0,0,0,0,0,0,0,Mid,1,75458.5,Programmer Analyst (10319-2024284),LifeNet Health
0,1,3,9,0,15.0,4.0,0.25,1,0,1,0,0,1,1,0,0,0,High,2,251100.0,"Senior Staff Engineer - Generative AI(Handson Coding, L7)",Cohesity
1,1,3,4,0,15.0,0.0,0.0,1,1,1,1,1,1,1,0,0,0,Mid,1,115000.0,"Associate Director, Data Analysis",Wpromote
0,1,3,3,0,48.0,16.0,0.3265,1,0,1,0,0,1,0,0,0,1,High,2,166400.0,Data Scientist,STONE Resource Group
0,1,2,0,0,46.0,22.0,0.4681,1,0,1,0,0,0,1,0,0,0,High,2,125000.0,Business Analyst with DevOps,Best High Technologies LLC (BHT)
0,1,1,8,0,8.0,2.0,0.2222,0,0,1,0,0,0,1,0,0,0,Mid,1,111280.0,Accessibility Analyst,INSPYR Solutions
1,1,3,2,0,34.0,17.0,0.4857,1,1,0,0,0,0,1,1,1,0,High,2,140000.0,Senior Data Engineer,VideoAmp
0,1,3,8,0,10.0,1.0,0.0909,0,0,1,0,0,0,0,0,0,0,Mid,1,85000.0,Board Certified Behavior Analyst,"The Behavior Exchange, Inc."
0,1,3,1,0,30.0,10.0,0.3226,0,0,0,0,0,0,0,0,0,0,High,2,145600.0,Sr. Data Analyst,INSPYR Solutions
0,1,1,8,0,3.0,0.0,0.0,0,0,0,0,0,0,0,0,0,0,High,2,158063.0,CDnA - Commercial Analytics Sr Mgr,Amgen
0,1,1,8,0,12.0,0.0,0.0,0,0,0,0,0,0,0,0,0,0,Mid,1,118198.0,Process Development Scientist (Formulation & Drug Product Development),Amgen
0,1,2,1,0,63.0,29.0,0.4531,0,0,0,0,0,0,0,0,0,0,Mid,1,85000.0,Data Analyst,NMR Consulting
1,1,3,8,0,10.0,3.0,0.2727,0,0,1,0,0,0,0,0,0,0,Mid,1,97500.0,Sr. FP&A Analyst,Creative Financial Staffing (CFS)
0,1,2,8,0,178.0,24.0,0.1341,0,0,1,0,0,0,0,0,0,0,High,2,162500.0,Hedge Fund Investment Analyst Industrials ,Long Ridge Partners
0,1,1,5,0,441.0,13.0,0.0294,0,0,1,0,0,0,0,0,0,0,Mid,1,74072.55,Financial Analyst,Under Armour
1,1,1,8,0,5.0,0.0,0.0,0,0,1,0,0,0,0,0,0,0,Mid,1,71500.0,"PMO Analyst, Junior",Booz Allen Hamilton
1,1,3,8,0,50.0,6.0,0.1176,0,0,1,0,0,0,0,0,0,1,Mid,1,97975.3,HR Specialist Analyst,Nisga'a CIOPS
1,0,3,8,0,29.0,2.0,0.0667,0,0,1,0,0,0,0,0,0,0,High,2,149760.0,Project Engineer – Fossil-Co-Generation-Combined Heat and Power,US Tech Solutions
1,1,1,8,0,6.0,2.0,0.2857,0,0,1,0,0,0,0,0,0,0,High,2,123800.0,Data Governance and Standards Specialist,Booz Allen Hamilton
0,0,2,8,0,28.0,3.0,0.1034,0,0,1,0,0,0,0,0,0,0,Mid,1,78000.0,Project Analyst,eTeam
0,1,3,8,0,5.0,0.0,0.0,0,0,1,0,0,0,0,0,0,0,Low,0,41080.0,Billing Analyst,Creative Financial Staffing (CFS)
1,1,0,1,0,71.0,18.0,0.25,0,0,1,1,1,0,1,0,0,0,Low,0,52000.0,"Intern, Data Analyst (Projects) IOAO Supply Chain",Viatris
0,1,3,9,0,29.0,9.0,0.3,0,0,1,0,0,0,0,0,0,0,Mid,1,110000.0,Senior Strategic Pricing Analyst,Cordia Resources by Cherry Bekaert
1,0,3,3,0,5.0,0.0,0.0,0,0,0,0,0,1,0,0,0,1,High,2,157049.0,Supervisory Data Scientist - Technology Transformation Service,GSA
1,1,3,8,0,181.0,35.0,0.1923,0,0,0,0,0,0,0,0,0,0,High,2,164500.0,Strategic & Commercial Finance Analyst,Waymo
0,1,1,9,0,4.0,0.0,0.0,1,0,0,1,0,0,0,0,0,1,High,2,158855.0,Economist / Quantitative Risk Analyst Senior,USAA
0,1,3,9,0,8.0,1.0,0.1111,1,1,1,1,0,0,0,0,0,0,High,2,144345.0,Business Strategy Analyst Senior (P&C Member  Forecasting),USAA
0,1,1,8,0,10.0,0.0,0.0,0,1,0,0,0,0,0,1,0,0,High,2,173676.0,Applications Development Technical Lead Analyst,Citi
0,1,2,9,0,56.0,16.0,0.2807,0,0,1,0,0,0,0,0,0,0,High,2,137500.0,Real Estate Asset Management Senior Analyst,Long Ridge Partners
0,1,3,7,0,9.0,0.0,0.0,0,0,0,0,0,0,0,0,0,0,Mid,1,73559.19999999998,AML Due Diligence Analyst,Pacific Premier Bank
0,1,1,9,0,5.0,0.0,0.0,1,0,0,1,0,0,0,0,0,1,High,2,158855.0,Economist / Quantitative Risk Analyst Senior,USAA
0,1,2,8,0,6.0,0.0,0.0,0,0,1,0,0,0,0,0,0,0,Mid,1,80646.0,Associate Accounting Analyst,California Governor's Office of Emergency Services
1,0,2,8,0,28.0,7.0,0.2414,0,0,1,0,0,0,0,0,0,0,Mid,1,72800.0,HR Operations Analyst,The Oakleaf Group
0,1,3,9,0,9.0,0.0,0.0,1,1,1,1,0,0,0,0,0,0,High,2,144345.0,Business Strategy Analyst Senior (P&C Member  Forecasting),USAA
0,1,3,8,0,7.0,0.0,0.0,0,0,0,0,0,0,0,0,0,0,Mid,1,119030.0,HRIS Analyst (Mid-Level) - Workday Recruiting Configuration,USAA
0,1,1,9,0,7.0,0.0,0.0,1,0,0,1,0,0,0,0,0,1,High,2,158855.0,Economist / Quantitative Risk Analyst Senior,USAA
0,1,1,8,0,12.0,0.0,0.0,0,0,1,1,0,0,0,0,0,0,High,2,162300.0,Vice President – Lending Analytics(Hybrid),Citi
1,1,1,8,0,10.0,0.0,0.0,0,0,1,0,0,0,1,1,0,0,High,2,150000.0,Databricks Architect,Bravens Inc.
1,1,2,8,0,17.0,1.0,0.0556,0,0,1,0,0,0,0,0,0,0,Low,0,55000.0,"RECOVERY ANALYST I (FULL-TIME, REMOTE)",Trend Health Partners
1,1,3,9,0,20.0,6.0,0.2857,0,0,0,0,0,0,0,0,0,0,High,2,170000.0,"Senior Manager, Data Management ",CG Oncology
0,1,3,9,0,7.0,0.0,0.0,0,0,1,0,0,0,0,0,0,0,Mid,1,65000.0,Senior Desktop Support Analyst,Morgan Properties
0,1,3,7,0,5.0,0.0,0.0,1,0,1,0,0,0,1,0,0,0,High,2,178100.0,Sr. Systems Development Eng (AWS Generative AI & ML Servers),Amazon Web Services (AWS)
0,1,1,2,0,8.0,2.0,0.2222,1,1,1,0,0,0,1,1,0,0,High,2,155650.0,"Data Engineer , People Analytics, Technology, Operational Excellence team (PATOE)",Amazon
0,1,3,7,0,3.0,0.0,0.0,1,0,0,0,0,1,1,0,0,0,High,2,169300.0,"Compiler Engineer II - Machine Learning, Annapurna Labs",Amazon Web Services (AWS)
0,0,2,8,0,9.0,0.0,0.0,0,0,1,0,1,0,0,0,0,0,Low,0,56160.0,Materials Management Analyst,Airswift
1,1,1,8,0,10.0,3.0,0.2727,0,0,1,0,0,0,0,0,0,0,Mid,1,109200.0,Systems Analyst - TX Residents only  $50ph+ -Remote,Oscar
1,0,3,8,0,15.0,1.0,0.0625,0,0,1,0,0,0,0,0,0,0,Mid,1,109200.0,Workday Analyst,Synchro
1,1,3,8,0,5.0,0.0,0.0,0,0,1,0,0,0,0,0,0,0,Mid,1,73000.0,Culinary Systems Analyst - West Region ,SSP America
0,0,1,8,0,4.0,0.0,0.0,0,0,1,0,0,0,0,0,0,0,Mid,1,88400.0,Cyber Security Analyst,Collabera
1,1,3,1,0,5.0,2.0,0.3333,1,1,1,1,1,0,1,0,0,0,High,2,130000.0,Data Analyst Strategist & Technology Engineer,Stearns Bank N.A.
0,1,2,8,0,0.0,0.0,0.0,0,0,0,0,0,0,0,0,0,0,Mid,1,70000.0,Anti-Money Laundering Analyst,Turn2Partners
0,1,2,8,0,0.0,0.0,0.0,0,0,1,0,0,0,0,0,0,0,Mid,1,82500.0,Design & Release Engineer - Powertrain,Optimal Staffing
0,0,2,8,0,0.0,0.0,0.0,0,0,1,0,0,0,0,0,0,0,Mid,1,72800.0,Project Analyst,SSi People
0,1,2,8,0,5.0,0.0,0.0,0,0,1,1,1,0,0,0,0,0,Mid,1,70000.0,Supply Chain Analyst,Dunlop Sports Americas
0,0,2,8,0,2.0,0.0,0.0,0,0,1,0,0,0,0,0,0,0,Low,0,47840.0,Data Collection Staff,My3Tech
1,1,1,3,0,2.0,0.0,0.0,1,0,1,1,0,1,0,0,0,1,Mid,1,101000.0,Junior data scientist/java programmer,SynergisticIT
0,0,1,8,0,1.0,0.0,0.0,0,0,1,0,0,0,0,0,0,0,Mid,1,89440.0,Deal Desk Analyst 3,Russell Tobin
1,1,3,7,0,2.0,0.0,0.0,0,0,1,0,0,1,0,0,0,0,High,2,225000.0,Lead MLOps Engineer,Oliver James
1,1,3,8,0,3.0,0.0,0.0,1,0,0,0,0,0,0,0,0,0,Mid,1,100000.0,"Vulnerability Management Analyst, (Remote, MST & PST)",CrowdStrike
1,1,3,7,0,0.0,0.0,0.0,0,0,1,0,0,1,0,0,0,0,High,2,225000.0,Lead MLOps Engineer,Oliver James
0,1,3,8,0,4.0,0.0,0.0,0,0,1,0,0,0,0,0,0,0,Mid,1,75000.0,Accounts Receivable Analyst,Robert Half
0,1,3,8,0,5.0,0.0,0.0,0,0,0,0,0,0,1,0,0,0,Mid,1,115000.0,Compliance Analyst,Millennium
0,0,1,8,0,2.0,0.0,0.0,0,0,1,0,0,0,0,0,0,0,Mid,1,89440.0,Deal Approval Analyst,Russell Tobin
0,1,3,8,0,1.0,0.0,0.0,0,0,0,0,0,0,0,0,0,0,High,2,200000.0,Data Architect,Glocomms
1,1,1,8,0,3.0,0.0,0.0,0,0,1,0,0,0,0,0,0,0,Mid,1,87500.0,"Insider Risk Analyst (Remote, MST & PST)",CrowdStrike
0,1,2,9,0,2.0,0.0,0.0,0,0,0,0,0,0,0,0,0,0,Mid,1,87500.0,Senior Analyst/ Consultant,NewGen Strategies & Solutions
0,0,3,8,0,4.0,1.0,0.2,0,0,0,0,0,0,0,0,0,0,Mid,1,88400.0,Business Continuity Analyst [74528],Onward Search
1,1,1,3,0,1.0,0.0,0.0,1,0,1,0,0,0,0,0,0,0,High,2,185000.0,Data Scientist II,Oliver James
1,1,1,8,0,1.0,0.0,0.0,0,0,1,0,0,0,0,0,0,0,High,2,180000.0,Security Research Engineer - Blockchain,Confidencial
0,1,2,8,0,2.0,0.0,0.0,0,0,0,0,0,0,1,0,0,0,Mid,1,75000.0,Payroll Analyst,Robert Half
0,1,3,6,0,3.0,0.0,0.0,0,0,1,0,0,0,0,0,0,0,High,2,120000.0,Customer Data Manager,KnitWell Group
0,1,2,8,0,9.0,3.0,0.3,1,1,1,0,0,0,0,0,0,0,High,2,140000.0,Quantitative Analyst,Zendr
1,1,4,4,0,4.0,0.0,0.0,0,0,0,1,1,0,0,0,0,0,High,2,205000.0,"Director, Business Intelligence (Remote)",CrowdStrike
0,0,1,8,0,4.0,0.0,0.0,0,0,1,0,0,0,0,0,0,1,Mid,1,95680.0,"RESEARCH SCIENTIST/ACADEMIC - Civil, Architectural and Environmental Engineering #00090903",Missouri University of Science and Technology
0,1,3,0,0,4.0,0.0,0.0,0,0,1,0,0,0,1,0,0,0,Mid,1,89700.0,Financial Systems Business Analyst-Jr,Guidehouse
0,0,3,8,0,6.0,0.0,0.0,0,0,1,0,0,0,0,0,0,0,Mid,1,83200.0,Analyst 3 - Laboratory Quality Control,US Tech Solutions
0,1,3,6,0,3.0,0.0,0.0,0,0,1,1,0,0,0,0,0,1,Mid,1,105000.0,"Manager, Data Reporting & Analytics",UW School of Medicine and Public Health
0,1,3,2,0,4.0,0.0,0.0,1,1,0,0,0,0,0,0,0,0,High,2,132467.5,Senior Data Engineer,Altice USA
1,1,3,8,0,4.0,0.0,0.0,1,0,0,0,0,0,0,0,0,0,High,2,120000.0,Falcon Launch Sr. Analyst (Remote),CrowdStrike
0,1,3,8,0,1.0,0.0,0.0,0,0,1,0,0,0,1,0,0,0,Mid,1,109200.0,Compliance Analyst,Innova Solutions
0,1,3,7,0,2.0,0.0,0.0,0,0,0,0,0,0,0,0,0,0,High,2,130000.0,AML Advisory Team Lead,"Madison-Davis, LLC"
1,1,3,8,0,4.0,0.0,0.0,0,1,0,1,0,0,0,0,0,0,High,2,120000.0,"Business Intelligence Analyst, Product Telemetry (Remote)",CrowdStrike
1,1,1,1,0,18.0,4.0,0.2105,1,1,0,1,0,0,0,1,0,0,High,2,127500.0,Data Analyst,Flock Safety
1,1,3,9,0,3.0,0.0,0.0,0,0,0,0,0,0,1,0,0,0,High,2,170000.0,Senior Site Reliability Engineer,Flock Safety
0,1,2,7,0,0.0,0.0,0.0,0,0,0,0,0,0,0,0,0,0,Mid,1,105000.0,AML Escalations & Enhanced Due Diligence Associate ,"Madison-Davis, LLC"
0,1,2,8,0,9.0,1.0,0.1,0,0,0,0,0,0,0,0,0,0,Mid,1,60000.0,Data Entry Specialist,Robert Half
0,1,3,8,0,5.0,0.0,0.0,0,0,1,0,0,0,0,0,0,1,Mid,1,75000.0,Regulatory Scientist,UW School of Medicine and Public Health
1,1,3,8,0,4.0,0.0,0.0,0,0,1,0,0,0,0,0,0,0,Mid,1,89700.0,Healthcare Revenue Cycle- Automation and Analytics Consultant,Guidehouse
0,1,2,8,0,2.0,0.0,0.0,0,1,1,0,0,0,0,0,0,1,Mid,1,80000.0,Associate Database Administrator (226109),Medix Technology
0,1,2,7,0,3.0,0.0,0.0,0,0,0,0,0,0,0,0,0,0,Mid,1,105000.0,AML Escalations & Enhanced Due Diligence Associate ,"Madison-Davis, LLC"
0,1,1,8,0,3.0,0.0,0.0,0,0,0,0,0,0,0,0,0,0,Low,0,59450.0,Assistant Research Scientist *Must have Flow Cytometry Experience*,NYU Langone Health
1,1,3,2,0,5.0,0.0,0.0,0,1,0,0,1,0,0,0,0,0,High,2,125000.0,Data Engineer (D365 F&O) - Up to $130k base + benefits USD - Remote (USA) - Global manufacturing organization,Conspicuous
0,1,3,8,0,5.0,0.0,0.0,0,0,1,0,0,0,1,0,0,0,Mid,1,72373.185,Compliance Analyst - Complaint Management Oversight,Flagstar Bank
0,1,1,8,0,5.0,1.0,0.1667,0,0,1,0,0,0,0,0,0,0,Low,0,45760.0,#13644 - Data Collection Associate,Qualitest
1,1,1,8,0,4.0,0.0,0.0,0,0,1,0,0,0,0,0,0,0,Mid,1,82160.0,Mobile Engineer,Cushman & Wakefield
0,1,3,8,0,4.0,0.0,0.0,0,1,1,0,0,0,0,0,0,1,Mid,1,100000.0,Retail Analyst - B2C Focus | Customer Loyalty Programs,CyberCoders
0,1,5,8,0,2.0,0.0,0.0,0,0,0,0,0,0,0,0,0,0,Mid,1,106080.0,Board Certified Behavior Analyst - ES,Maxim Healthcare Staffing
0,1,3,8,0,3.0,0.0,0.0,0,0,1,0,0,0,0,0,0,0,Mid,1,87500.0,"Formulation Scientist, Technical Operations",Astrix
0,1,1,8,0,2.0,0.0,0.0,0,0,1,0,0,0,1,0,0,0,Mid,1,102500.0,SAP MM Functional Analyst,Applied Medical
0,1,2,8,0,2.0,0.0,0.0,0,0,1,0,0,0,0,0,0,0,Mid,1,93940.0,Associate BPAC Analyst,New York Power Authority
0,1,3,8,0,4.0,0.0,0.0,0,0,1,0,0,0,0,0,0,0,Mid,1,72500.0,Staff / Project Engineer or Scientist,SLR Consulting
0,1,1,1,0,3.0,1.0,0.25,0,0,0,0,0,0,0,0,0,0,Mid,1,115650.0,ArcGIS Data Analyst,CACI International Inc
0,1,4,2,0,3.0,0.0,0.0,0,0,0,1,0,0,1,0,0,0,High,2,224500.0,Data Engineering Director,FanDuel
0,1,3,8,0,4.0,0.0,0.0,0,0,1,0,0,0,0,0,0,0,Mid,1,106050.0,SAP Financial Functional Analyst,CACI International Inc
0,1,3,8,0,2.0,0.0,0.0,0,0,1,0,0,0,0,0,0,0,Mid,1,101825.0,Project Engineer I - e-Mobility,New York Power Authority
0,1,1,8,0,3.0,0.0,0.0,0,0,1,0,0,0,0,0,0,0,High,2,146350.0,SATCOM Analyst,CACI International Inc
1,1,1,8,0,2.0,0.0,0.0,0,0,0,0,0,0,0,0,1,0,Mid,1,86000.0,Board Certified Behavior Analyst,Reliatus Behavioral Health
0,1,3,8,0,2.0,0.0,0.0,0,0,0,0,0,0,1,0,0,0,Mid,1,85000.0,"Scientist II, Quality Control",Amneal Pharmaceuticals
0,1,4,2,0,7.0,1.0,0.125,0,0,0,1,0,0,1,0,0,0,High,2,224500.0,Data Engineering Director,FanDuel
0,1,5,8,0,4.0,0.0,0.0,0,0,0,0,0,0,0,0,0,0,Mid,1,119600.0,Board Certified Behavior Analyst - ES,Maxim Healthcare Staffing
0,1,3,8,0,5.0,0.0,0.0,0,0,1,0,0,0,0,0,0,0,High,2,122000.0,Operations Officer / C5ISR Analyst,CACI International Inc
0,1,3,8,0,4.0,0.0,0.0,0,0,1,0,0,0,0,0,0,0,High,2,151250.0,Sr. Deal Desk Analyst,Zuora
0,1,3,8,0,2.0,0.0,0.0,0,0,1,0,0,0,0,0,0,0,Mid,1,78725.0,Treasury Analyst I,New York Power Authority
0,1,3,6,0,2.0,0.0,0.0,0,0,1,0,0,0,0,0,0,0,High,2,133000.0,Program Finance Analyst Manager,CACI International Inc
0,0,2,5,0,3.0,0.0,0.0,0,0,1,0,0,0,0,0,0,0,Mid,1,83500.0,Reinsurance Financial Analyst II,Zurich North America
0,1,3,9,0,4.0,0.0,0.0,1,1,1,0,0,1,1,0,0,0,High,2,146350.0,Senior Systems Analyst,CACI International Inc
1,0,3,1,0,12.0,4.0,0.3077,1,1,1,0,0,0,1,0,0,0,Mid,1,98800.0,Data Analyst - Python/AWS (W2) (REMOTE),Quess US
0,1,1,8,0,5.0,0.0,0.0,0,0,1,0,0,0,0,0,0,0,Low,0,39520.0,Electronic Health Records Data Quality Coordinator,Jobot
0,1,3,8,0,4.0,0.0,0.0,0,0,1,0,0,0,0,0,0,0,Mid,1,90000.0,Market Research & Pricing Analyst,Global Payments Inc.
0,1,1,8,0,3.0,0.0,0.0,0,0,1,0,0,0,0,0,0,0,Low,0,37440.0,Data Entry Specialist,Rang Technologies Inc
1,1,1,8,0,4.0,0.0,0.0,1,1,0,1,1,1,0,1,0,0,High,2,124550.0,Business Intelligence Lead - Medicaid,Humana
0,1,1,3,0,4.0,0.0,0.0,0,1,1,0,0,0,1,0,0,1,High,2,182000.0,Data Scientist II,INSPYR Solutions
0,1,1,8,0,3.0,0.0,0.0,1,0,0,0,0,0,1,0,0,0,Mid,1,90480.0,Data Center Engineering Intern,Viasat
0,1,2,8,0,1.0,0.0,0.0,0,0,0,0,0,0,0,0,0,0,Mid,1,60000.0,Talent Acquisition Analyst,BIP.Monticello
0,1,1,8,0,18.0,0.0,0.0,0,0,1,0,0,0,0,0,0,0,Mid,1,82273.7,"Professional, Field Test Analyst",Under Armour
0,1,3,8,0,4.0,0.0,0.0,0,0,1,0,0,0,0,0,0,0,Mid,1,82500.0,Supply Chain Engineer,"Ryder System, Inc."
0,1,1,8,0,4.0,0.0,0.0,0,0,1,0,0,0,0,0,0,0,Mid,1,78000.0,"Analyst, Finance Change Management",Sumitomo Mitsui Banking Corporation – SMBC Group
0,1,3,9,0,4.0,0.0,0.0,0,1,1,0,0,0,0,0,0,0,Mid,1,114138.0,Senior Data Modeler,CalPERS
1,1,1,8,0,3.0,0.0,0.0,0,1,1,1,1,0,0,0,0,1,Mid,1,113250.0,"HEDIS Data and Reporting Lead, Medicaid Quality",Humana
0,1,1,8,0,4.0,0.0,0.0,0,0,1,0,0,0,0,0,0,0,Low,0,58000.0,Entry BioCAD Engineer,3D Systems Corporation
0,1,3,9,0,4.0,0.0,0.0,0,0,1,0,0,0,1,0,0,0,Mid,1,92500.0,Senior Benefits Analyst,"Burlington Stores, Inc."
0,1,1,8,0,3.0,0.0,0.0,0,0,0,0,0,0,0,0,0,0,Mid,1,90000.0,Java Developer-Analyst,Sumitomo Mitsui Banking Corporation – SMBC Group
1,1,4,3,0,11.0,1.0,0.0833,1,0,0,0,0,1,0,0,0,1,High,2,167818.0,Data Scientist (CYBERSECURITY) - Technology Transformation Service,GSA
0,1,1,0,0,4.0,0.0,0.0,0,1,0,0,0,0,0,0,0,0,High,2,151500.0,Senior Business Analyst,Sumitomo Mitsui Banking Corporation – SMBC Group
0,1,1,8,0,4.0,0.0,0.0,0,0,1,0,0,0,1,0,0,0,Low,0,33696.0,TM-Supply Chain Data Entry Clerk,"Peckham, Inc."
0,1,3,7,0,5.0,0.0,0.0,0,0,0,0,0,0,0,0,0,0,High,2,200000.0,Lead Software Engineer - ML Infrastructure,DeepScribe
0,1,3,8,0,4.0,0.0,0.0,0,0,1,0,0,0,0,0,0,0,Mid,1,82500.0,Supply Chain Engineer,"Ryder System, Inc."
1,0,1,8,0,2.0,0.0,0.0,0,0,0,0,0,0,0,0,0,0,Mid,1,70720.0,Search Engine Optimization Analyst,Rang Technologies Inc
0,1,1,7,0,4.0,0.0,0.0,0,0,1,0,0,0,0,0,0,0,High,2,129900.0,"VP, AML Compliance Officer - Risk and Control (Hybrid)",Citi
1,1,3,0,0,15.0,2.0,0.125,0,0,1,0,0,0,1,0,0,0,Mid,1,75100.0,Telesales Business Analyst,Florida Blue
0,1,3,8,0,4.0,0.0,0.0,0,0,1,0,0,0,0,0,0,0,Low,0,57500.0,International Treasury Analyst,"Burlington Stores, Inc."
0,1,1,8,0,7.0,0.0,0.0,0,0,1,0,0,0,0,0,0,0,Mid,1,114550.0,CI Cyber Threat Analyst,Parsons Corporation
0,1,2,5,0,7.0,0.0,0.0,0,0,1,0,0,0,0,0,0,0,Mid,1,86800.0,Financial Analyst,KLA
0,1,3,9,0,7.0,1.0,0.125,0,0,1,0,0,0,0,0,0,0,Mid,1,115000.0,Senior Software Test Automation Engineer (Mobile),EPAM Systems
1,1,1,9,0,5.0,0.0,0.0,0,0,1,0,0,0,0,0,0,1,High,2,143300.0,"HR Reporting & Data Analytics, Senior Consultant",Parsons Corporation
0,1,1,8,0,8.0,1.0,0.1111,0,0,0,0,0,0,0,0,0,0,Mid,1,85000.0,Private Equity Secondaries Analyst,Apogem Capital
0,1,1,8,0,4.0,0.0,0.0,0,0,1,0,0,0,0,0,0,1,Mid,1,70720.0,Data Validator,Haley & Aldrich
0,1,1,8,0,4.0,0.0,0.0,0,0,1,0,0,0,0,0,0,0,Mid,1,60000.0,Finance Analyst,The Bonadio Group
0,1,1,8,0,4.0,0.0,0.0,1,0,0,0,0,0,0,0,0,0,High,2,179100.0,"Applied Scientist, Artificial General Intelligence",Amazon
0,1,3,0,0,5.0,0.0,0.0,0,1,1,1,0,0,0,0,0,0,High,2,163450.0,"Business Analyst Manager, Visual Innovation Services",Amazon
0,1,1,6,0,6.0,0.0,0.0,1,1,1,0,0,0,0,0,0,1,High,2,150000.0,"Technical Program Manager, Structuring Analyst, Data Centers",Google
1,1,4,3,0,4.0,0.0,0.0,1,0,0,0,0,1,0,0,0,1,High,2,167818.0,Data Scientist (CYBERSECURITY) - Technology Transformation Service,GSA
0,0,1,8,0,5.0,0.0,0.0,0,0,0,0,0,0,0,0,0,0,Mid,1,96000.0,Client Onboarding Analyst (TEMP),Sumitomo Mitsui Banking Corporation – SMBC Group
0,1,3,8,0,5.0,0.0,0.0,0,0,1,0,0,0,0,0,0,0,Mid,1,82500.0,Supply Chain Engineer,"Ryder System, Inc."
0,1,3,6,0,5.0,0.0,0.0,0,1,1,0,0,0,0,0,0,0,Mid,1,77350.0,"Program Manager, Planning, Analytics, and Workforce Strategies",Amazon
0,1,3,8,0,3.0,0.0,0.0,0,0,0,0,0,0,0,0,0,0,Mid,1,88306.4,Medical Lab Scientist Lab Coordinator,Intermountain Health
0,1,1,8,0,3.0,0.0,0.0,0,0,0,0,0,0,0,0,0,0,Low,0,38480.0,Maintenance Engineer,Driftwood Hospitality Management
0,1,1,7,0,4.0,0.0,0.0,1,1,0,0,0,1,1,0,0,1,High,2,142300.0,"VP, Senior AML Expert Statistician Officer",Citi
0,0,2,0,0,2.0,0.0,0.0,0,1,0,0,0,0,0,0,0,0,Mid,1,100713.6,"Business Analyst Quality Assurance/Database Tester (Only local in Phoenix, AZ)",Sharp Decisions
0,1,1,8,0,4.0,0.0,0.0,1,0,0,0,0,1,0,0,0,0,High,2,168450.0,"Research Scientist , Selling Partner Experience Science Team",Amazon
0,1,3,9,0,5.0,0.0,0.0,1,1,1,1,1,0,1,0,0,1,High,2,138750.0,"Senior Program Manager, Optimization and Analytics, TOMY Driving Strategy",Amazon
0,1,1,8,0,3.0,0.0,0.0,1,0,0,0,0,0,0,0,0,0,High,2,179100.0,"Applied Scientist, Artificial General Intelligence",Amazon
1,1,3,8,0,4.0,0.0,0.0,0,0,0,0,0,0,1,0,0,0,High,2,220000.0,Staff Site Reliability Engineer (Remote),DuckDuckGo
1,0,2,8,0,4.0,0.0,0.0,0,0,1,0,0,0,0,0,0,0,Mid,1,65520.0,Equity/Accounting Analyst Level I,Russell Tobin
0,1,1,2,0,4.0,1.0,0.2,1,1,0,0,0,0,1,0,0,0,Mid,1,99000.0,"Data Engineer - Enterprise Data and Analytics, Human Resources Stream",Principal Financial Group
0,1,3,8,0,3.0,0.0,0.0,0,0,1,0,0,0,0,0,0,0,High,2,205000.0,Execution Services - Content Analyst,Millennium
0,1,3,9,0,4.0,0.0,0.0,0,0,1,0,0,0,0,0,0,0,Mid,1,80500.0,Treasury Senior Analyst,Corebridge Financial
1,1,1,8,0,7.0,1.0,0.125,1,0,0,0,0,0,1,0,0,0,High,2,211500.0,"Frontend Engineer, Extensibility",Airbyte
0,1,1,2,0,2.0,0.0,0.0,1,1,0,0,0,0,1,1,0,0,High,2,168300.0,Data Engineer II,GSK
0,1,1,8,0,5.0,1.0,0.1667,0,0,1,0,0,0,0,0,0,0,Mid,1,76788.0,Quality Assurance Analyst - Hybrid Option,California Department of Aging
0,1,2,8,0,3.0,0.0,0.0,0,0,1,0,0,0,0,0,0,0,Mid,1,72000.0,Data Center Technician IV,Equinix
0,1,3,8,0,5.0,2.0,0.3333,1,1,1,0,0,0,0,0,0,1,Mid,1,66200.0,CRM Analyst,Ann Taylor
0,1,1,8,0,6.0,0.0,0.0,0,0,0,0,0,0,0,0,0,0,Mid,1,111664.8,"Maintenance Engineer - Facilities Management (1.0 FTE, Days)",Stanford Children's Health | Lucile Packard Children's Hospital Stanford
1,1,1,0,0,4.0,0.0,0.0,0,0,0,0,0,0,0,0,0,0,Mid,1,76000.0,Quality Business Analyst - Nationwide,Cardinal Health
1,1,3,8,0,5.0,0.0,0.0,0,1,1,0,0,0,0,0,0,0,Mid,1,109000.0,Lead Marketing Technology Analyst,Bounteous
0,1,3,8,0,6.0,0.0,0.0,0,0,0,0,0,0,1,0,0,0,Low,0,47580.0,Draw Administrator Analyst,Flagstar Bank
1,1,1,0,0,8.0,1.0,0.1111,0,0,0,0,0,0,0,0,0,0,Mid,1,76000.0,Quality Business Analyst - Nationwide,Cardinal Health
0,1,3,8,0,6.0,0.0,0.0,0,0,0,0,0,0,0,0,0,0,Mid,1,68640.0,Operations Analyst,TEKsystems
0,1,3,7,0,8.0,0.0,0.0,1,0,0,0,0,1,0,0,0,1,High,2,141650.0,"Senior Scientist I, Computational Biology & Machine Learning","Arsenal Biosciences, Inc."
0,1,3,8,0,31.0,6.0,0.1875,1,1,1,1,0,0,0,0,0,1,Mid,1,92500.0,Supply Chain Analyst II,Weee!
0,1,1,5,0,3.0,0.0,0.0,0,0,1,0,1,0,0,0,0,0,Mid,1,82500.0,Financial Analyst,Creative Financial Staffing (CFS)
0,0,1,8,0,27.0,8.0,0.2857,1,1,0,0,0,1,0,0,0,1,Mid,1,114400.0,Data Science Intern (Ads),"Reddit, Inc."
0,1,1,8,0,4.0,0.0,0.0,0,0,0,0,0,0,1,0,0,0,Mid,1,115403.6,Clinical Lab Scientist II / HLA,Children's Hospital Los Angeles (CHLA)
1,1,1,8,0,4.0,0.0,0.0,1,1,0,0,0,1,0,1,0,1,High,2,147100.0,Lead Research Scientist,Humana
0,1,3,5,0,4.0,0.0,0.0,0,0,0,0,0,0,1,0,0,0,High,2,193319.0,Senior Financial Analyst,Micron Technology
0,1,3,0,0,3.0,0.0,0.0,0,0,0,0,0,0,0,0,0,0,Mid,1,80000.0,Business Analyst,Creative Financial Staffing (CFS)
1,1,3,5,0,3.0,0.0,0.0,0,0,1,0,0,0,0,0,0,0,Mid,1,97500.0,Senior Financial Analyst,Creative Financial Staffing (CFS)
1,1,3,9,0,4.0,0.0,0.0,0,0,0,0,0,0,1,0,0,0,High,2,132550.0,Senior Security Analyst (Remote),Parsons Corporation
1,1,1,4,0,4.0,0.0,0.0,0,0,0,0,0,1,0,0,0,0,High,2,150650.0,"Associate Director, Site Reliability Engineering - Automation Office",Humana
0,1,1,5,0,4.0,0.0,0.0,0,0,1,0,0,0,0,0,0,0,Mid,1,95000.0,Financial Analyst,Creative Financial Staffing (CFS)
0,1,3,8,0,2.0,0.0,0.0,1,1,0,0,0,1,1,0,0,0,High,2,172900.0,Gen-AI Full Stack Lead Engineer,Energy Jobline
0,1,1,9,0,4.0,0.0,0.0,1,1,1,1,1,0,0,0,0,0,Mid,1,108433.44,Senior Marketing Analyst,NYU Langone Health
0,1,3,8,0,4.0,0.0,0.0,0,0,1,0,0,0,0,0,0,0,Mid,1,74413.04000000001,Global Treasury Management Sales Analyst,Banc of California
0,1,3,7,0,3.0,0.0,0.0,1,1,1,0,0,1,1,0,0,1,High,2,174500.0,Lead Machine Learning Engineer,QBE Insurance
0,1,1,8,0,3.0,0.0,0.0,0,0,1,0,0,0,0,0,0,0,Mid,1,78918.94,Analyst II - Patient Connected Care (Hybrid),NYU Langone Health
0,1,3,7,0,4.0,0.0,0.0,1,1,1,0,0,1,1,0,0,1,High,2,174500.0,Lead Machine Learning Engineer,QBE North America
0,1,3,8,0,4.0,0.0,0.0,0,0,0,0,0,0,0,0,0,0,Mid,1,110000.0,Maintenance Engineer,Rise Technical
1,1,1,3,0,4.0,0.0,0.0,1,0,1,0,0,1,0,1,0,1,High,2,208000.0,Staff Data Scientist,Jobot Consulting
0,1,1,8,0,4.0,0.0,0.0,0,0,0,0,0,0,1,0,0,0,Mid,1,111250.0,Lead Security Analyst,Gartner
0,1,3,9,0,3.0,0.0,0.0,0,0,1,0,1,0,1,0,0,0,Mid,1,92500.0,"Global Merchandise Planning Senior Analyst, Apparel & Accessories - Calvin Klein",Energy Jobline
0,1,1,3,0,4.0,0.0,0.0,1,1,0,0,0,1,0,0,0,1,High,2,162200.0,"Language Data Scientist, Artificial General Intelligence (AGI)",Amazon
0,1,3,6,0,4.0,0.0,0.0,0,0,1,0,0,0,0,0,0,0,High,2,158350.0,"Sr. Product Manager, Fleet Technology Products & Analytics (FTPA)",Amazon
0,1,3,2,0,5.0,0.0,0.0,1,1,0,0,0,0,1,1,1,0,High,2,182100.0,"Senior Data Engineer, WWDE",Amazon
0,1,1,8,0,4.0,0.0,0.0,1,0,1,0,0,0,1,0,0,0,High,2,179100.0,"Applied Scientist, Control Stack, AWS Center for Quantum Computing",Amazon Web Services (AWS)
0,1,3,9,0,4.0,0.0,0.0,1,0,1,0,0,1,0,1,0,1,High,2,198000.0,"Senior Applied Scientist, Conversational AI ModEling and Learning",Amazon
0,1,1,3,0,5.0,0.0,0.0,1,1,0,0,0,1,0,0,0,1,High,2,162200.0,"Language Data Scientist, Artificial General Intelligence (AGI)",Amazon
0,1,3,8,0,4.0,0.0,0.0,1,1,1,0,0,1,1,1,1,0,High,2,178100.0,"Sr. System Development Engineer, Open Data Analytics Fundamentals team",Amazon Web Services (AWS)
0,1,3,8,0,4.0,0.0,0.0,1,0,1,0,0,0,1,0,1,0,High,2,191800.0,"Sr. Security Engineer, AWS Security Vulnerability Management",Amazon Web Services (AWS)
0,1,3,9,0,4.0,0.0,0.0,0,0,0,0,0,0,1,1,0,0,High,2,180950.0,"Senior Solutions Architect - Analytics & AI, AGS-NAMER-US-COV-SPEC-SA-Data&AI-Analytics",Amazon Web Services (AWS)
0,1,3,2,0,4.0,0.0,0.0,1,1,0,0,0,0,0,1,1,1,High,2,182100.0,"Sr Data Engineer , Customer Engagement Technology Generative AI",Amazon
1,1,5,8,0,1.0,0.0,0.0,0,0,1,0,0,0,0,0,0,0,High,2,237500.0,Data Center Project Executive ,LVI Associates
0,0,3,7,0,0.0,0.0,0.0,0,0,0,0,0,1,0,0,0,0,High,2,176800.0,Machine Learning Engineer,eTeam
0,1,3,8,0,1.0,0.0,0.0,0,0,0,0,0,0,0,0,0,0,Mid,1,107500.0,Data Governance & Record Retention AVP,Bank of China USA
1,0,3,8,0,5.0,0.0,0.0,0,1,0,0,0,0,0,0,0,0,Mid,1,115440.0,Sr. Business Systems Analyst - 100% Remote - Contract (W2),Akkodis
0,0,2,8,0,4.0,0.0,0.0,0,0,1,0,0,0,0,0,0,0,Low,0,44720.0,Data Collection Staff (Court),My3Tech
0,1,1,3,0,4.0,1.0,0.2,0,0,0,0,0,1,1,0,0,0,High,2,139500.0,Data Scientist,Takeda
0,0,3,8,0,2.0,0.0,0.0,0,0,1,0,0,0,0,0,0,0,Mid,1,112320.0,Product Development Scientist,Computech Corporation
0,1,2,8,0,1.0,0.0,0.0,0,0,0,0,0,0,0,0,0,0,Low,0,43680.0,Credit Adjustment Analyst,Allied Personnel Services
0,1,3,9,0,3.0,0.0,0.0,0,0,1,0,0,0,0,0,0,0,High,2,375000.0,Senior Technical Program Manager (Data Center Construction Development),LVI Associates
0,0,3,8,0,4.0,0.0,0.0,0,0,0,0,0,0,0,0,0,0,High,2,176800.0,Data Capability Development Lead | Remote,North Highland
0,1,3,8,0,4.0,1.0,0.2,0,1,1,1,0,0,0,0,0,0,Mid,1,100000.0,BI Report Developer / Analyst,Actalent
0,1,3,2,0,89.0,40.0,0.4444,1,0,1,0,0,0,1,1,0,0,High,2,200000.0,Senior Data Engineer,Unknown Company
1,0,3,8,0,283.0,78.0,0.2746,1,1,0,0,0,0,0,0,0,0,High,2,140400.0,Technology Analyst,Synergy Interactive
0,0,3,8,0,5.0,0.0,0.0,0,1,1,1,0,0,0,0,0,0,High,2,135200.0,Business Systems Analyst,"Hired by Matrix, Inc"
0,0,3,3,0,40.0,15.0,0.3659,1,1,0,1,0,0,0,0,1,1,High,2,171600.0,Senior Data Scientist,Vertisystem
0,1,2,9,0,6.0,0.0,0.0,0,1,0,0,0,0,1,0,0,1,Mid,1,85250.0,Reinsurance Senior Analyst,Aon
0,1,1,8,0,9.0,0.0,0.0,0,0,1,0,0,0,0,0,0,0,Mid,1,109297.5,Credit Analyst 6,U.S. Bank
1,1,4,8,0,33.0,3.0,0.0882,0,0,1,0,0,0,1,0,0,0,High,2,177894.0,Observability Engineering (Technical Product Owner),Marriott International
0,1,3,9,0,37.0,4.0,0.1053,0,0,0,0,0,0,0,0,0,0,High,2,167000.0,Social Media Business Intelligence Senior Manager,Verizon
0,1,2,8,0,6.0,0.0,0.0,0,0,0,0,0,0,0,0,0,0,Low,0,45000.0,"Board Certified Behavior Analyst (BCBA) - $10,000 Sign On Bonus",RightWorks
0,1,2,8,0,10.0,0.0,0.0,0,0,0,0,0,0,0,0,0,0,Mid,1,85000.0,Board Certified Behavior Analyst (BCBA),RightWorks
0,1,3,0,0,32.0,12.0,0.3636,1,0,0,0,0,0,0,0,0,0,Mid,1,90000.0,Sr. Business Analyst,Fuse3 Solutions
1,1,1,8,0,243.0,48.0,0.1967,0,0,1,0,0,0,0,0,0,0,Mid,1,68250.0,Sales Support Analyst,VSP Vision Care
0,1,1,6,0,25.0,4.0,0.1538,0,0,1,0,0,0,0,0,0,0,Mid,1,97000.0,Program Manager For City Data Alliance,The Johns Hopkins University
0,1,1,3,0,82.0,23.0,0.2771,1,1,1,0,0,1,0,0,0,1,High,2,122500.0,Data Scientist,NORC at the University of Chicago
0,1,2,8,0,87.0,12.0,0.1364,0,1,1,0,0,0,1,0,0,1,Mid,1,97500.0,Credit & Guaranty Analytics - Sr. Analyst,Aon
0,1,2,9,0,17.0,2.0,0.1111,0,0,1,0,0,0,0,0,0,0,Mid,1,92500.0,Senior Sourcing Analyst,FIJI Water
1,1,1,8,0,15.0,5.0,0.3125,1,1,0,0,0,0,1,0,0,0,Mid,1,107500.0,Partner Success Analyst,WattTime.org
1,1,3,8,0,198.0,56.0,0.2814,0,0,1,0,0,0,0,0,0,0,Mid,1,80000.0,Revenue Operations Analyst,Go1
0,1,3,9,0,29.0,2.0,0.0667,0,0,0,0,0,0,0,0,0,0,High,2,167000.0,Social Media Business Intelligence Senior Manager,Verizon
0,1,1,0,0,118.0,23.0,0.1933,0,0,1,1,1,0,0,0,0,1,High,2,150500.0,Lead IT Business Analyst - Marketing Data & Analytics,"Mattel, Inc."
1,1,1,3,0,159.0,51.0,0.3188,1,1,1,0,0,1,0,0,0,0,High,2,132500.0,Senior Data Scientist - Virtual,Alight Solutions
0,1,1,5,0,19.0,0.0,0.0,0,0,1,0,0,0,1,0,0,0,High,2,153920.0,"Financial Analyst, Principal",AeroVironment
0,1,3,8,0,67.0,7.0,0.1029,0,0,1,0,0,0,0,0,0,0,Mid,1,110000.0,"Analyst, Channel Strategy & Execution",Franklin Templeton
0,0,1,8,0,10.0,0.0,0.0,0,0,0,0,0,0,0,0,0,0,Low,0,38480.0,Field Data Collector - MCBS,NORC at the University of Chicago
0,1,2,8,0,10.0,0.0,0.0,1,1,1,0,0,0,1,0,0,0,Mid,1,95000.0,Cyber Catastrophe Modeling - Sr. Analyst,Aon
0,1,3,8,0,10.0,1.0,0.0909,0,0,1,0,0,0,0,0,0,0,Mid,1,107500.0,Audit Analyst,Fuse3 Solutions
0,1,2,8,0,92.0,25.0,0.2688,0,1,1,1,0,0,0,0,0,0,High,2,137000.0,Lead Business Intelligence Analyst,Verizon
0,1,3,5,1,6.0,0.0,0.0,0,0,1,0,0,0,1,0,0,0,Mid,1,97500.0,GOGO squeeZ-Senior Financial Analyst,Bel Brands USA Foodservice
0,1,3,8,0,47.0,7.0,0.1458,0,0,1,0,0,0,0,0,0,0,High,2,127500.0,Scientist 2,Eikon Therapeutics
1,1,3,9,0,25.0,1.0,0.0385,0,0,1,0,0,0,0,0,0,0,Mid,1,116786.5,SENIOR EPIC HIM ANALYST,"OCHIN, Inc."
1,0,3,8,0,155.0,49.0,0.3141,0,0,1,0,0,0,0,0,0,0,High,2,175760.0,Database Administrator,LeadStack Inc.
0,0,1,8,0,14.0,0.0,0.0,0,0,1,0,0,0,1,0,0,0,Mid,1,68640.0,Lab Computing Analyst,"Pyramid Consulting, Inc"
0,1,3,0,0,12.0,1.0,0.0769,0,0,0,0,0,0,0,0,0,0,Mid,1,85000.0,IT Business Analyst - Public Sector Projects,Public Consulting Group
0,1,3,9,0,17.0,2.0,0.1111,0,0,0,0,0,0,0,0,0,0,Mid,1,100000.0,Senior Governance and Risk Analyst,Allied OneSource
0,0,3,9,0,8.0,0.0,0.0,0,0,1,0,0,0,1,0,0,0,Mid,1,94347.5,"Partnership Management Analyst, Senior (Contracts and Reporting)",ENGIE North America Inc.
0,1,1,8,0,8.0,1.0,0.1111,0,0,1,0,0,0,0,0,0,0,Mid,1,74413.04000000001,Global Treasury Management Sales Analyst,Banc of California
0,0,2,5,0,20.0,6.0,0.2857,0,0,0,0,0,0,0,0,0,0,Mid,1,88400.0,"Financial Analyst - Denver, Colorado  ","Centurion Consulting Group, LLC"
1,1,3,8,0,6.0,0.0,0.0,0,0,0,0,0,0,0,0,0,0,Mid,1,74550.0,Equity in Procurement Analyst,California Governor's Office of Business and Economic Development (GO-Biz)
0,1,1,8,0,17.0,2.0,0.1111,0,0,0,0,0,0,0,0,0,0,Mid,1,76788.0,Associate Governmental Program Analyst,CalRecycle
0,1,3,1,0,42.0,8.0,0.186,0,1,1,0,1,0,0,0,0,1,Mid,1,107400.0,Sr Data Analyst,Northwestern Mutual
1,1,1,8,0,355.0,78.0,0.2191,0,0,0,0,0,0,1,0,0,0,Mid,1,86200.0,"Analyst III, Compliance Operations (Remote)",TruStage
1,1,3,6,0,765.0,58.0,0.0757,0,1,1,1,1,0,1,0,0,1,High,2,122000.0,"Manager, People Analytics",Chobani
1,1,3,9,0,135.0,22.0,0.1618,1,1,0,0,0,0,0,0,0,1,High,2,270000.0,Senior Manager of Data Science,Ontra
0,1,1,8,0,4.0,0.0,0.0,1,0,1,0,0,0,0,0,0,1,Mid,1,102500.0,Investment Banking Analyst Program - Full-Time Y2 - Client Advisory Group,Societe Generale
0,1,3,8,0,5.0,1.0,0.1667,0,0,1,0,0,0,0,0,0,1,High,2,266217.5,Planner/ Data Sales Analyst,24 Seven Talent
1,1,1,4,0,92.0,12.0,0.129,1,1,1,1,1,0,0,0,0,1,High,2,181000.0,"Sr Director, Business Intelligence",Blue Yonder
0,1,1,8,0,343.0,125.0,0.3634,1,0,0,0,0,1,0,0,0,0,Mid,1,63000.0,"Data Science Intern, Summer 2024",Edwards Lifesciences
0,1,3,8,0,57.0,5.0,0.0862,0,0,1,0,0,0,0,0,0,0,High,2,121125.0,Business Intelligence Unit - Assistant Vice President,Deutsche Bank
0,1,1,8,0,115.0,8.0,0.069,1,0,1,0,0,0,0,0,0,1,High,2,178500.0,"Fundamental Equities - Vice President, Equity Quant Research Analyst (Income & Value Investment Team)",BlackRock
0,1,1,8,0,6.0,0.0,0.0,0,0,0,0,0,1,0,0,0,0,Mid,1,90000.0,Data Center Technician,Lambda
0,1,3,9,0,33.0,2.0,0.0588,0,0,0,0,0,0,0,0,0,0,Mid,1,112320.0,Senior Business Program Analyst (US),TD
0,1,3,6,0,8.0,0.0,0.0,0,0,1,0,0,0,1,0,0,0,Mid,1,110315.0,Audit Manager II Data Risk,TD
0,1,3,8,0,9.0,0.0,0.0,0,0,0,0,0,0,0,0,0,0,Low,0,57336.0,Staff Services Analyst - Finance,California Department of Forestry and Fire Protection (CAL FIRE)
0,1,1,5,0,43.0,6.0,0.1364,0,0,1,1,0,0,0,0,0,0,Mid,1,104000.0,"Financial Analyst, Sr.",Qualcomm
0,1,1,8,0,3.0,0.0,0.0,0,0,1,0,0,0,0,0,0,0,Mid,1,65000.0,"Asset & Wealth Management, GS Ayco, Wealth Strategies Group, Insurance Client Support Analyst - Albany, NY",Goldman Sachs
1,1,3,9,0,18.0,3.0,0.1579,0,0,1,0,0,0,1,0,0,0,Low,0,52488.8,"Senior Billing Analyst, Revenue Operations",PAR Technology
0,1,3,9,0,28.0,2.0,0.069,1,0,0,0,0,0,0,0,0,0,High,2,245500.0,Senior Staff Software Engineer - Autonomy Data: MP Data Engine,Aurora
0,1,1,8,0,6.0,1.0,0.1429,0,0,1,0,0,0,1,0,0,0,Mid,1,96426.0,Data Ops Specialist (Hybrid Option),California Department of Health Care Services
0,1,1,8,0,19.0,2.0,0.1,0,0,1,0,0,0,0,0,0,0,Mid,1,76300.0,"Logistics Operations Analyst (Local to Chicago Required), Meraki",Cisco
0,1,3,8,0,21.0,0.0,0.0,0,0,1,0,0,0,0,0,0,0,Mid,1,97682.0,Transformation Program Analyst,Sherwin-Williams
1,1,2,0,0,77.0,15.0,0.1923,0,0,1,0,0,0,1,0,0,0,Mid,1,102000.0,Business Analyst,Thomson Reuters
0,1,3,9,0,16.0,1.0,0.0588,0,0,1,0,0,0,0,0,0,0,High,2,123750.0,"Compensation Analyst, Senior",Blue Shield of California
0,1,3,8,0,10.0,1.0,0.0909,0,0,1,0,0,0,0,0,0,0,High,2,142692.0,Business Intelligence Branch Chief (Hybrid Option),California Department of Health Care Services
1,1,3,6,0,75.0,13.0,0.1711,0,1,0,1,0,0,0,0,0,0,Mid,1,107000.0,People Analytics Manager,Ontra
0,1,3,8,0,14.0,0.0,0.0,0,0,1,0,0,0,1,0,0,0,High,2,233650.0,"Associate General Counsel, Data Governance",The Trade Desk
0,0,3,8,0,15.0,0.0,0.0,0,0,1,0,0,0,0,0,0,0,Mid,1,76788.0,Pharmacy Contracts Analyst,California Department of Health Care Services
0,1,2,6,0,18.0,3.0,0.1579,0,0,1,0,0,0,0,0,1,0,Mid,1,102241.0,Housing System Analyst & Data Manager,"California State University, Chico"
0,1,2,8,0,29.0,11.0,0.3667,0,1,1,0,0,0,0,0,0,0,Low,0,55000.0,Software Production Support Analyst,CPS Recruitment
0,1,5,8,0,7.0,0.0,0.0,0,0,1,0,0,0,0,0,0,0,Mid,1,86000.0,Board Certified Behavior Analyst (BCBA) Center Based $10K Signing Bonus,Centria Autism
0,1,2,5,0,177.0,39.0,0.2191,0,0,1,0,0,0,0,0,0,0,Mid,1,105000.0,Financial Analyst / Fund Accountant ,Voy Ventures
0,1,1,8,0,7.0,0.0,0.0,0,0,0,0,0,0,0,0,0,0,Low,0,57336.0,Office of Program Accountability Support Analyst,California Department of Forestry and Fire Protection (CAL FIRE)
0,1,1,8,0,11.0,4.0,0.3333,0,0,1,0,0,0,1,0,0,0,High,2,131000.0,Business Systems Analyst-HRIS Workday,Illumio
0,1,1,8,0,18.0,4.0,0.2105,0,0,1,0,0,0,1,0,0,0,High,2,131000.0,Business Systems Analyst-Workday,Illumio
0,1,3,0,0,25.0,3.0,0.1154,0,0,0,0,0,0,0,0,0,0,Mid,1,95555.2,Project/Business Analyst-Senior,Intermountain Health
0,1,3,8,0,18.0,4.0,0.2105,0,0,1,0,0,0,1,0,0,0,High,2,233650.0,"Associate General Counsel, Data Governance",The Trade Desk
0,1,1,8,0,4.0,0.0,0.0,0,0,0,0,0,0,0,0,0,0,Mid,1,80646.0,Associate Accounting Analyst,California Department of Forestry and Fire Protection (CAL FIRE)
0,1,3,8,0,40.0,0.0,0.0,1,1,1,1,0,0,0,0,1,1,Mid,1,103500.0,Carbon and Renewable Energy Analyst,"3Degrees Group, Inc."
1,1,1,8,0,65.0,18.0,0.2727,0,0,1,0,0,0,0,0,0,0,High,2,125000.0,Security Analyst,Donelson Christian Academy
0,1,1,8,0,30.0,3.0,0.0968,0,0,1,0,0,0,1,0,0,0,Mid,1,90000.0,Retail Account Analyst - Latin America & the Caribbean,PIMCO
0,1,1,8,0,8.0,0.0,0.0,0,0,1,0,0,0,0,0,0,0,Low,0,59997.6,Support Services Analyst II,Cathay Bank
0,1,3,5,0,33.0,4.0,0.1176,0,0,1,0,0,0,1,0,0,0,Mid,1,110000.0,Sr. Financial Analyst - LIHTC (Low Income Housing Tax Credit),Berkadia
1,0,3,8,0,26.0,7.0,0.2593,0,0,1,0,0,0,0,0,0,0,High,2,176800.0,NEO4J Database Administrator Level 3,Flexton Inc.
0,0,3,8,0,33.0,1.0,0.0294,0,0,0,0,0,0,0,0,0,0,High,2,124800.0,Cabin Design Engineer,Bee Talent Solutions
0,1,1,8,0,6.0,2.0,0.2857,0,0,0,0,0,0,0,0,0,1,Mid,1,77500.0,Epidemiologist/Biostatistician,Columbia University Irving Medical Center
0,1,3,8,0,41.0,2.0,0.0476,0,1,1,0,0,0,0,0,0,0,Mid,1,90785.5,Database Administrator,United States Olympic & Paralympic Committee
0,0,3,8,0,14.0,0.0,0.0,0,0,1,0,0,0,1,0,0,0,Mid,1,73840.0,Operational Risk Analyst I/II,Navy Federal Credit Union
0,0,3,7,0,13.0,0.0,0.0,0,0,1,0,0,0,0,0,0,0,Low,0,54080.0,Training Instructor I/MLO,Navy Federal Credit Union
0,1,3,6,0,17.0,0.0,0.0,0,0,1,0,0,0,0,0,0,0,Mid,1,97500.0,Data Center Facilities Manager,Backblaze
1,1,4,8,0,32.0,5.0,0.1515,0,0,0,0,0,0,0,0,0,0,High,2,195700.0,Sr Practice Principal - Data/Analytics/AI,DXC Technology
0,1,2,8,0,23.0,6.0,0.25,0,0,1,0,1,0,0,0,0,0,Mid,1,65000.0,Freight Analyst,Boulo Solutions
0,1,3,6,0,30.0,4.0,0.129,0,1,0,0,0,1,0,0,0,1,High,2,214250.0,"Manager II, Data Science",Uber
0,1,3,6,0,17.0,0.0,0.0,0,0,1,0,0,1,0,0,0,0,Mid,1,80000.0,"Account Manager, SaaS/Health Data/Analytics (Signal)",PulsePoint
0,0,0,8,0,65.0,18.0,0.2727,1,0,1,0,1,0,0,0,0,0,Low,0,56160.0,Data Analytics Intern,"RxSight, Inc."
0,1,3,9,0,23.0,5.0,0.2083,0,0,0,0,0,0,1,0,0,0,High,2,142150.0,Senior Security Risk Governance Analyst,Chime
0,1,1,8,0,38.0,6.0,0.1538,0,0,1,0,0,0,0,0,0,0,Mid,1,110000.0,2025 Corporate & IB Summer Analyst Program – Credit,TD
0,1,3,8,0,16.0,0.0,0.0,0,0,1,0,0,0,0,0,0,0,High,2,123500.0,DATA MANAGEMENT LEAD,Kenvue
0,1,1,8,0,24.0,6.0,0.24,1,1,0,0,0,0,1,0,0,0,High,2,134100.0,Site Reliability Engineer - Federal - 2nd Shift,ServiceNow
1,1,1,8,0,93.0,26.0,0.2766,0,0,1,0,0,0,0,0,0,0,Low,0,56500.0,Geographic Information Systems Analyst,"Geographic Services, Inc."
0,1,1,8,0,40.0,19.0,0.4634,0,0,1,0,0,0,0,0,0,0,Mid,1,70000.0,Business Development and Operations Analyst,Towne & Country Management
0,1,3,0,0,14.0,0.0,0.0,0,1,1,1,1,0,1,0,0,0,High,2,166150.0,Sr Business Analyst IT Digital Workplace,Intuitive
1,1,3,8,0,169.0,18.0,0.1059,0,0,1,0,0,0,1,0,0,0,Mid,1,90500.0,Sr Analyst - Ethics & Compliance,The Wendy's Company
0,1,3,9,0,14.0,2.0,0.1333,0,0,1,0,0,0,0,0,0,0,High,2,120000.0,"Senior Microbiology Scientist, Qpex BioPharma, wholly-owned subsidiary of Shionogi Inc. in San Diego, CA",Qpex Biopharma
0,1,3,8,0,20.0,0.0,0.0,0,0,0,0,0,0,1,0,0,0,Mid,1,73828.5,Program Analyst 1 (Cannabis) VID 156629,New York State Office of Cannabis Management
0,1,1,8,0,20.0,4.0,0.1905,0,0,1,0,0,0,0,0,0,0,Mid,1,95305.0,"Threat Hunting Analyst /Information Technology Specialist 3 (Information Security), ref 5774M-10BR",NYS Office of Information Technology Services
0,1,1,3,0,27.0,10.0,0.3571,1,1,1,1,1,1,0,0,0,0,High,2,121898.4,Data Scientist,Scripps Health
1,1,1,8,0,7.0,0.0,0.0,0,0,1,0,0,0,0,0,0,0,Mid,1,71625.0,ASSISTANT APPLICATION ANALYST MIT,Montefiore Information Technology
0,1,3,9,0,8.0,0.0,0.0,0,0,0,0,0,0,0,0,0,1,Mid,1,73828.5,Senior Health Care Fiscal Analyst (NY HELPS) - 51036,New York State Department of Health
0,1,1,8,0,123.0,31.0,0.25,0,0,1,0,0,0,0,0,0,0,Mid,1,65000.0,"Analyst, Insights & Measurement - Sports",NBCUniversal
0,0,0,8,0,50.0,11.0,0.2157,1,0,1,0,0,0,0,0,0,0,Mid,1,72800.0,"Intern, Information Security Analyst",SoFi
1,1,3,3,0,112.0,26.0,0.2301,1,0,0,0,0,1,0,1,0,1,High,2,180000.0,Senior Data Scientist,Dave
0,1,3,9,0,6.0,0.0,0.0,0,0,0,0,0,0,1,0,0,0,Mid,1,66390.0,"Senior Budgeting Analyst, G-18 or Budgeting Analyst Trainee 1/2, G-NS (NY HELPS-NO EXAM REQUIRED)",New York State Department of Motor Vehicles
1,1,2,3,0,89.0,45.0,0.5,1,0,1,0,0,1,0,1,0,1,Mid,1,100000.0,Data Scientist-FI Solutions,Vericast
0,1,1,8,0,9.0,2.0,0.2,1,1,1,1,0,0,0,1,0,0,High,2,227500.0,Site Reliability Engineer,"Global Technical Talent, an Inc. 5000 Company"
0,0,2,3,0,1.0,0.0,0.0,1,1,0,0,0,0,0,0,0,0,Mid,1,109200.0,Clinical data scientist,SSi People
0,1,2,7,0,6.0,0.0,0.0,0,0,0,0,0,0,0,0,0,0,Mid,1,70000.0,AML/KYC Analyst,Turn2Partners
0,1,3,8,0,1.0,0.0,0.0,0,0,0,0,0,0,0,0,0,0,High,2,137500.0,Scientist III (NGS),Delve Search - Global Search Consultants
0,0,3,8,0,9.0,1.0,0.1,0,1,0,0,0,0,0,0,0,0,High,2,145600.0,SQL Database Administrator (AWS Experience),Akkodis
0,1,2,8,0,3.0,0.0,0.0,0,0,1,0,0,0,0,0,0,1,Low,0,54080.0,Fraud and Disputes Analyst,Quavo Fraud & Disputes
0,1,1,8,0,2.0,0.0,0.0,0,0,0,0,0,0,0,0,0,0,Mid,1,66000.0,Data Governance & Record Retention Associate,Bank of China USA
0,1,3,5,0,4.0,0.0,0.0,0,0,1,0,0,0,0,0,0,0,Mid,1,100000.0,Senior Financial Analyst,Turn2Partners
0,1,2,8,0,2.0,0.0,0.0,0,0,1,0,1,0,1,0,0,0,Mid,1,77500.0,Special Project Analyst (Current CBP clearance),DAWSON
1,1,3,9,0,2.0,0.0,0.0,0,0,1,0,0,0,0,0,0,0,Mid,1,108900.0,Senior Contract Management Analyst,Guidehouse
0,0,1,8,0,1.0,0.0,0.0,0,0,0,0,0,0,0,0,0,0,Mid,1,68640.0,Medical Laboratory Scientist,Pride Health
0,1,2,8,0,2.0,0.0,0.0,0,0,0,0,0,0,0,0,0,0,Mid,1,62500.0,Accounting Analyst,Turn2Partners
0,1,3,1,0,3.0,1.0,0.25,0,0,1,0,0,0,0,0,0,0,Mid,1,115000.0,Data Analyst – Banking ,Genpact
0,1,2,8,0,1.0,0.0,0.0,0,0,1,0,0,0,0,0,0,0,Mid,1,67500.0,Financial Planning Analyst,Peoples Bank
0,1,3,8,0,2.0,0.0,0.0,0,1,0,0,0,0,0,0,0,0,Mid,1,97072.5,LEAD SYSTEMS ANALYST_APPLICATION DEVELOP(1902900),Miami-Dade County Public Schools
0,1,1,1,0,1.0,0.0,0.0,0,0,1,0,1,0,0,0,0,0,Mid,1,100000.0,Senior Data Analyst for Growth,Tide Cleaners
0,0,1,8,0,3.0,0.0,0.0,0,0,0,0,0,0,0,0,0,0,High,2,128960.0,Sanctions Analyst,Open Systems Technologies
0,1,1,8,0,3.0,0.0,0.0,0,0,0,0,0,0,0,0,0,0,High,2,140000.0,HCM Data Specialist,Open Systems Technologies
0,1,3,8,0,3.0,0.0,0.0,0,0,1,0,0,0,0,0,0,0,Mid,1,110000.0,OneStream Systems Analyst,Henderson Drake
0,1,1,8,0,1.0,0.0,0.0,0,0,0,0,0,0,0,0,0,0,Mid,1,65520.0,Medical Laboratory Scientist,Pride Health
0,1,3,8,0,3.0,0.0,0.0,0,0,0,0,0,0,0,0,0,0,High,2,145600.0,Business Intelligence Lead,Open Systems Technologies
0,0,1,1,0,3.0,0.0,0.0,0,0,0,0,0,0,0,0,0,0,Mid,1,99840.0,Data Analyst,Open Systems Technologies
0,0,1,8,0,3.0,0.0,0.0,0,0,0,0,0,0,0,0,0,0,High,2,145600.0,Data Storage & Protection Engineer,Open Systems Technologies
0,1,3,8,0,3.0,0.0,0.0,0,0,1,0,0,0,0,0,0,0,Mid,1,75000.0,Accounting Analyst,"FOGARTY KNAPP & ASSOCIATES, INC."
1,0,1,2,0,3.0,0.0,0.0,0,0,0,0,0,0,0,0,0,0,High,2,182000.0,Databricks Cloud Data Engineer,Open Systems Technologies
0,1,1,8,0,2.0,0.0,0.0,0,0,0,0,0,0,0,0,0,0,High,2,175000.0,Database Developer (DB2 preferred),Open Systems Technologies
1,0,3,9,0,3.0,0.0,0.0,0,1,0,0,0,0,0,0,0,0,Mid,1,109200.0,Senior Business System Analyst (with Testing Experience),Akkodis
0,0,3,8,0,1.0,0.0,0.0,0,0,0,0,0,0,0,0,0,0,Low,0,54080.0,Information Technology Support Analyst,Akkodis
0,0,1,8,0,3.0,0.0,0.0,0,0,0,0,0,0,0,0,0,1,High,2,189280.0,Mainframe Engineer,Open Systems Technologies
0,1,3,9,0,3.0,0.0,0.0,0,0,0,0,0,0,0,0,0,0,Mid,1,85000.0,Senior IT Analyst,Open Systems Technologies
0,1,1,8,0,4.0,0.0,0.0,1,1,1,0,0,0,1,1,0,0,High,2,137177.0,Cloud Analytics - Software Development Engineer,Intel Corporation
1,1,3,8,0,4.0,0.0,0.0,0,0,1,0,0,0,0,0,0,0,Mid,1,85000.0,Board Certified Behavior Analyst,"The Behavior Exchange, Inc."
0,1,3,8,0,4.0,0.0,0.0,0,0,0,0,0,0,0,0,0,0,High,2,172500.0,Data Operations Analyst,Open Systems Technologies
1,0,3,0,0,4.0,0.0,0.0,0,0,0,0,0,0,0,0,0,0,Mid,1,96720.0,Business Analyst,Open Systems Technologies
0,0,3,8,0,3.0,0.0,0.0,0,0,0,0,0,0,0,0,0,0,High,2,124800.0,Information Security Analyst,Open Systems Technologies
0,1,3,9,0,3.0,0.0,0.0,0,0,0,0,1,0,0,0,0,0,High,2,145000.0,Senior Software Engineer - Data Analytics,Open Systems Technologies
0,1,3,8,0,2.0,0.0,0.0,0,0,0,0,0,0,0,0,0,0,Mid,1,92500.0,Tax Compliance Analyst,Open Systems Technologies
1,1,3,0,0,1.0,0.0,0.0,0,0,0,0,0,0,0,0,0,0,High,2,130000.0,Senior Business Analyst,The Phoenix Group
0,1,1,8,0,19.0,0.0,0.0,1,0,0,0,0,1,0,0,0,1,High,2,147800.0,"Research Scientist, PLEX-SIA",Amazon
1,0,3,8,0,3.0,0.0,0.0,0,0,1,0,0,0,1,0,1,0,Mid,1,93600.0,Payroll Analyst,US Tech Solutions
0,1,3,9,0,5.0,0.0,0.0,0,0,0,0,0,1,1,0,0,1,High,2,180950.0,"Senior Industry Specialist - Data Science and GenAI, AWSI-M&E",Amazon Web Services (AWS)
0,1,1,8,0,3.0,0.0,0.0,0,0,1,0,0,0,0,0,0,0,Low,0,28672.0,Water Quality Assurance Analyst,NWG (Northumbrian Water Group)
0,1,1,8,0,16.0,1.0,0.0588,1,1,1,1,0,0,1,0,0,0,High,2,132300.0,Business Intelligence Analyst,Amazon Web Services (AWS)
0,1,3,2,0,13.0,0.0,0.0,1,1,0,0,0,1,1,0,1,0,High,2,182100.0,"Senior Data Engineer , Community Operations",Amazon
0,0,3,8,0,5.0,0.0,0.0,1,0,1,0,0,0,1,0,0,0,High,2,260000.0,Market Risk Analytics- Stress Testing,Artech L.L.C.
0,1,3,0,0,6.0,1.0,0.1429,0,0,0,1,0,0,1,0,0,1,Mid,1,101300.0,"Business Analyst II, AWS New Regions Data Center Planning",Amazon Web Services (AWS)
1,1,3,7,0,4.0,0.0,0.0,1,0,0,0,0,1,1,1,0,0,High,2,200000.0,Senior Machine Learning Engineer,Square One Resources
1,1,3,3,0,17.0,2.0,0.1111,1,0,1,0,0,1,1,0,0,1,High,2,180000.0,Senior Data Scientist,Norstella
0,0,2,8,0,9.0,0.0,0.0,0,0,0,0,0,0,0,0,0,0,Mid,1,64480.0,Supply Chain Analyst,SSi People
1,1,3,8,0,31.0,12.0,0.375,0,1,0,0,0,0,0,0,0,0,Mid,1,86100.0,Business Intelligence Analyst I,Principal Financial Group
0,1,3,6,0,8.0,0.0,0.0,0,0,0,0,0,0,0,0,0,0,High,2,160000.0,"VP, Market Risk Analytics Manager","Madison-Davis, LLC"
0,0,3,8,0,22.0,3.0,0.1304,0,0,0,0,0,0,0,0,0,0,High,2,161200.0,DataBricks Technical Lead,Mastech Digital
1,1,2,8,0,14.0,0.0,0.0,0,0,1,0,0,0,0,0,0,0,Mid,1,115000.0,Human Resources Information System Analyst,CLEAResult
0,1,1,8,0,35.0,2.0,0.0556,0,0,1,0,0,0,0,0,0,0,Mid,1,70000.0,DTC Sales Inventory Planning Analyst,Top Pick Global Inc.
0,0,1,8,0,4.0,0.0,0.0,0,0,1,0,0,0,1,0,0,0,High,2,120000.0,FinOps Analyst,Turnberry Solutions
0,1,1,8,0,5.0,0.0,0.0,0,0,1,0,0,0,0,0,0,0,Mid,1,79996.8,Mobile Operating Engineer,Cushman & Wakefield
0,0,3,8,0,3.0,0.0,0.0,0,0,0,0,0,0,0,0,0,0,Low,0,49920.0,Environmental Control Analyst - AM Shift,ManpowerGroup
0,1,1,3,0,8.0,1.0,0.1111,1,1,1,1,1,1,0,1,0,1,High,2,150100.0,Data Scientist,Adobe
1,1,2,8,0,3.0,0.0,0.0,0,1,1,0,1,1,0,0,0,0,Mid,1,97500.0,Business Intelligence Analyst,Copyright Clearance Center (CCC)
1,1,1,8,0,5.0,0.0,0.0,0,0,1,0,1,0,0,0,0,0,High,2,131765.0,Solution Analyst,Philips
0,1,1,8,0,2.0,0.0,0.0,0,0,0,0,0,0,0,0,0,0,Mid,1,90000.0,Drainage Engineer (Heavy Civil),"Dragados USA, Inc."
1,1,3,7,0,13.0,2.0,0.1429,1,0,1,0,0,0,0,0,0,0,Mid,1,104000.0,Junior AI/ML Engineer- 1939207,AMS Staffing Inc.
0,0,3,8,0,6.0,0.0,0.0,0,0,1,0,0,0,0,0,0,0,Mid,1,88400.0,IT Test Analyst,Computech Corporation
0,1,3,8,0,3.0,0.0,0.0,0,0,0,0,0,0,0,0,0,0,Mid,1,83300.0,Chinese Operational Language Analyst (OLA1),CACI International Inc
1,1,3,8,1,3.0,0.0,0.0,0,0,0,0,0,0,0,0,0,0,Low,0,55000.0,Prospect Research Analyst,RedBalloon
0,1,1,1,0,3.0,0.0,0.0,0,1,1,0,0,0,1,0,0,1,Mid,1,90650.0,"Data Analyst, Marketing",Crum & Forster
0,0,3,8,0,4.0,0.0,0.0,0,1,1,0,0,0,0,0,0,0,High,2,145600.0,Data Architect 1,My3Tech
0,1,1,1,0,2.0,0.0,0.0,0,1,1,0,0,0,1,0,0,1,Mid,1,90650.0,"Data Analyst, Operations",Crum & Forster
0,1,1,8,0,3.0,0.0,0.0,0,1,1,0,1,0,0,0,0,0,Mid,1,80395.0,Sales Operations Analyst-US Remote,Proofpoint
0,1,1,1,0,4.0,0.0,0.0,0,0,0,1,1,0,0,0,0,1,Mid,1,87600.0,Data Analyst - Office of Institutional Research & Analysis,Washington University in St. Louis
0,1,1,8,0,3.0,0.0,0.0,0,0,1,0,0,0,0,0,0,0,Mid,1,84678.0,Health Rates Analyst,CalPERS
0,1,3,3,0,6.0,1.0,0.1429,1,1,0,0,0,0,0,0,0,1,High,2,186500.0,"Senior Data Scientist, Research",Google
0,1,2,8,0,2.0,0.0,0.0,0,0,1,0,0,0,0,0,0,0,Mid,1,75000.0,Operations Billing Analyst,Bellwether Staffing Solutions
0,1,1,8,0,4.0,0.0,0.0,0,0,1,0,0,0,0,0,0,0,Mid,1,67500.0,Desktop Support Analyst,Leviton
0,1,4,4,0,4.0,0.0,0.0,0,0,1,0,0,0,1,0,0,0,High,2,190000.0,Director of Product Strategy &amp; Analytics,INSPYR Solutions
0,1,3,8,0,3.0,0.0,0.0,0,0,1,0,0,0,0,0,0,1,Low,0,54080.0,Research Marketing Analyst,"Nexstar Media Group, Inc."
0,1,3,9,0,2.0,0.0,0.0,0,0,0,0,0,0,0,0,0,0,High,2,200000.0,"Senior Software Engineer, Infrastructure, Google Cloud Data Management",Google
0,1,3,9,0,3.0,0.0,0.0,0,1,1,1,0,0,1,0,0,0,High,2,172672.5,"Senior Manager, Analytical Data Solutions - US Sales & Market Access",The Mom Project
0,1,1,8,0,2.0,0.0,0.0,1,1,1,0,0,0,0,0,0,1,High,2,133000.0,Trust and Safety Technical Analyst,Google
0,1,1,8,0,4.0,0.0,0.0,0,0,0,0,0,0,0,0,0,0,Mid,1,83250.0,"Data Center Facilities Technician, Electrical",Google
0,1,3,8,0,4.0,0.0,0.0,0,0,0,0,0,0,0,0,0,0,High,2,132450.0,Operational Risk Analyst - Investment Controls and Operational Risk,CalPERS
0,1,3,8,0,2.0,0.0,0.0,0,0,0,0,0,0,0,0,0,0,Mid,1,79438.5,Program Analyst,Transportation Security Administration (TSA)
0,1,1,8,0,3.0,0.0,0.0,1,0,0,0,0,0,0,0,0,0,Mid,1,83250.0,"Data Center Technician, Global Server Operations",Google
0,1,3,7,0,3.0,0.0,0.0,0,0,1,0,0,1,0,0,0,0,High,2,210000.0,"Senior Product Manager, Machine Learning Frameworks, Google Cloud",Google
0,1,1,0,0,4.0,0.0,0.0,0,0,1,0,0,0,0,0,0,0,High,2,123800.0,"Business Analyst, Senior",Booz Allen Hamilton
1,1,1,3,0,4.0,0.0,0.0,1,1,0,1,0,1,0,0,0,1,High,2,180000.0,Data Scientist,Booz Allen Hamilton
0,1,1,8,0,3.0,0.0,0.0,0,0,0,0,0,0,0,0,0,0,Mid,1,91500.0,Project Controls Specialist II (Cost Analyst),Vanir
1,1,1,5,0,5.0,0.0,0.0,0,1,1,0,0,0,1,0,0,0,Mid,1,95742.5,Financial Analyst III / TSRI Post Award/Research Finance / Full Time,Children's Hospital Los Angeles (CHLA)
1,1,3,8,0,4.0,0.0,0.0,0,0,1,0,0,0,1,0,0,0,Mid,1,74500.0,Sr ERP Analyst,University of South Florida
0,1,1,1,0,3.0,0.0,0.0,1,1,1,1,1,0,0,0,0,0,Mid,1,112500.0,Data Analyst (AVP Position),MUFG
0,1,1,8,0,2.0,0.0,0.0,0,0,0,0,0,0,0,0,0,0,Mid,1,97500.0,"Markets - Sales and Trading, Summer Analyst, Chicago - US, 2025",Citi
0,1,1,7,0,4.0,0.0,0.0,1,0,0,0,0,1,0,0,0,0,High,2,236500.0,"Software Engineering Manager, Machine Learning, Large Language Models",Google
0,1,3,8,0,3.0,0.0,0.0,0,0,1,1,0,0,0,0,0,0,Mid,1,110000.0,Sr. Financial Planning & Analysis Analyst,"FUJIFILM Sonosite, Inc."
1,1,3,8,0,4.0,0.0,0.0,1,1,1,0,0,0,1,1,0,0,High,2,162360.0,Remote Data Architect,Invitation Homes
0,1,1,8,0,2.0,0.0,0.0,0,0,0,0,0,0,0,0,0,0,Mid,1,97500.0,"Markets - Sales and Trading, Summer Analyst, New York City - US, 2025",Citi
0,1,1,8,0,4.0,0.0,0.0,0,0,1,0,0,0,0,0,0,0,High,2,177900.0,Cybersecurity Incident Response Analyst,Citi
0,1,1,8,0,4.0,0.0,0.0,0,0,0,0,0,0,0,0,0,0,Mid,1,83250.0,"Data Center Facilities Technician, Electrical",Google
0,1,2,8,0,4.0,0.0,0.0,0,0,1,0,0,0,0,0,0,0,Mid,1,76788.0,Associate Governmental Program Analyst,California Governor's Office of Emergency Services
0,1,3,8,0,4.0,0.0,0.0,1,1,0,0,0,1,0,0,0,1,Mid,1,82000.0,"Sr. Analyst, Credit Risk",OppFi
0,1,3,8,0,4.0,0.0,0.0,0,0,1,0,0,0,1,0,0,0,Mid,1,82500.0,Budget Analyst,University of South Florida
0,1,3,8,0,2.0,0.0,0.0,0,0,1,0,0,0,0,0,0,0,High,2,160150.0,Staff CXO Business Systems Analyst  - Strategic Partnerships ,BILL
0,1,1,8,0,6.0,0.0,0.0,1,1,0,0,0,0,0,0,0,0,Mid,1,98650.0,GEOINT Analyst,Booz Allen Hamilton
0,1,3,8,0,3.0,0.0,0.0,0,0,0,0,0,0,0,0,0,0,Mid,1,69500.0,AMER-Wires Risk Mgmt Analyst,MUFG
1,1,3,8,0,4.0,0.0,0.0,0,0,1,0,0,0,0,0,0,0,Mid,1,76112.5,Retirement Plan Compliance Analyst,Empower
0,1,1,8,0,2.0,0.0,0.0,1,1,1,0,0,0,0,0,0,1,High,2,162300.0,FP & A Lead Analyst - C13 - Model Development,Citi
0,0,1,8,0,4.0,0.0,0.0,0,0,1,0,0,0,0,0,0,0,High,2,142300.0,HRP&D Business Execution Analyst – Financial & Capacity Planning,Citi
0,1,3,8,0,4.0,0.0,0.0,0,0,0,0,0,0,0,0,0,0,Low,0,58000.0,Quality Analyst I,QuidelOrtho
0,1,1,9,0,3.0,0.0,0.0,0,0,1,0,0,0,1,0,0,0,High,2,123700.0,Compensation Senior Analyst - AVP,Citi
0,0,1,1,0,0.0,0.0,0.0,0,0,1,0,0,0,0,0,0,0,Mid,1,88400.0,Business Data Analyst,Infogain
1,0,1,9,0,10.0,0.0,0.0,0,0,0,0,0,0,1,0,0,0,Mid,1,81120.0,Technical Support Analyst - Senior,"Pyramid Consulting, Inc"
0,0,1,8,0,28.0,2.0,0.069,0,0,1,0,0,0,0,0,0,0,Mid,1,79040.0,Bench Scientist,Net2Source Inc.
0,1,3,8,0,4.0,0.0,0.0,0,0,0,0,0,0,1,0,0,0,High,2,170000.0,"Program Scientist, Climate",Schmidt Sciences
1,0,3,8,0,3.0,0.0,0.0,1,1,1,0,0,0,0,0,1,1,Mid,1,91520.0,Bioinformatics Scientist (Python/R Programming/PostgreSQL/Linux/BulkRNAseq),Rangam
0,1,3,5,0,8.0,1.0,0.1111,0,0,1,0,1,0,0,0,0,0,Mid,1,100000.0,Senior Financial Analyst,Ascendo Resources
1,1,3,8,0,15.0,3.0,0.1875,0,0,1,0,0,0,0,0,0,0,Low,0,47840.0,Search Analyst,Media Recruiting Group
0,1,2,8,0,29.0,10.0,0.3333,0,1,1,0,1,0,0,0,0,0,Mid,1,80000.0,Finance - FP&A Analyst,TransRe
0,0,3,7,0,64.0,14.0,0.2154,1,1,0,0,0,1,0,0,0,0,High,2,176800.0,AI - Machine Learning Architect with Azure ,Mindlance
0,1,3,3,0,29.0,0.0,0.0,1,1,0,1,1,1,1,0,0,1,High,2,155000.0,Senior Data Scientist ,BioMADE
0,0,3,1,0,40.0,19.0,0.4634,1,1,1,1,0,0,1,0,0,0,High,2,124800.0,Business Data Analyst,Rose International
1,1,3,8,0,14.0,0.0,0.0,0,0,1,0,0,0,0,0,0,0,Mid,1,100500.0,"Scientist, Global Methane",Environmental Defense Fund
0,1,1,8,0,113.0,26.0,0.2281,0,0,1,0,0,0,1,0,0,0,Mid,1,70000.0,Compliance Analyst,Neuberger Berman
0,1,2,8,0,42.0,5.0,0.1163,0,0,0,0,0,0,0,0,0,0,Low,0,46800.0,Production Scientist,MilliporeSigma
0,1,3,8,0,3.0,0.0,0.0,1,1,1,1,0,0,1,0,0,0,High,2,131475.0,Ops Performance & Design Consultant - Data & Strategic Information,Southwest Airlines
0,1,1,8,0,58.0,14.0,0.2373,0,1,0,0,0,0,0,1,0,0,High,2,164050.0,Professional- Big Data Software Engineer,AT&T
0,1,1,1,0,121.0,44.0,0.3607,1,0,0,1,1,0,0,0,1,0,High,2,165450.0,Senior Data Analyst,AT&T
0,0,1,8,0,11.0,0.0,0.0,0,0,0,0,0,0,1,0,0,0,Low,0,47840.0,Datacenter Technician,"Pyramid Consulting, Inc"
1,0,3,8,0,312.0,84.0,0.2684,0,1,0,0,0,0,0,0,0,0,Mid,1,110000.0,Programming Analyst,Revolution Technologies
1,1,3,8,0,8.0,0.0,0.0,0,0,0,0,0,0,0,0,0,0,Mid,1,116750.0,Lead Project Control Analyst,GE Vernova
0,1,3,8,0,6.0,0.0,0.0,0,0,0,0,0,0,0,0,0,0,Mid,1,101500.0,Lead Project Control Analyst,GE Vernova
0,1,1,8,0,4.0,0.0,0.0,0,0,1,0,0,0,0,0,0,0,Low,0,33280.0,Mailroom/Data Capture Clerk,Apex Systems
1,0,1,0,0,130.0,0.0,0.0,0,1,0,0,0,0,0,0,0,0,Mid,1,65520.0,Junior Business Analyst,Staffing Technologies
0,1,1,0,0,56.0,22.0,0.386,0,0,1,0,0,0,1,0,0,0,Mid,1,110000.0,Business Analyst E Commerce B2B,"Pyramid Consulting, Inc"
1,1,3,8,0,5.0,0.0,0.0,0,0,0,0,0,0,0,0,0,0,Mid,1,119500.0,"Lead Probabilistic Risk and Reliability Engineer (Remote Eligible, U.S.)",GE Vernova
0,1,3,0,0,31.0,8.0,0.25,0,0,1,0,0,0,0,0,0,0,High,2,145600.0,Business Analyst Data,Apex Systems
0,1,3,8,0,9.0,0.0,0.0,0,0,1,0,0,0,0,0,0,0,High,2,126800.0,Level 4 Sr. Principal Proposal Analyst with Security Clearance,ClearanceJobs
0,1,1,0,0,73.0,42.0,0.5676,0,0,1,0,0,0,0,0,0,0,Mid,1,75000.0,Business Analyst,Inrika Inc
1,0,3,8,0,77.0,21.0,0.2692,0,0,0,0,0,0,0,0,0,0,Mid,1,111280.0,Compliance Analyst,SPECTRAFORCE
0,0,3,2,0,17.0,2.0,0.1111,1,1,0,0,0,1,1,1,0,0,High,2,138800.0,"Data Engineer, Senior with Security Clearance",ClearanceJobs
0,1,3,0,0,15.0,0.0,0.0,1,0,0,0,0,0,0,0,0,0,Mid,1,108160.0,"IT Business Analyst - New Brunswick, NJ",Dice
0,1,1,5,0,22.0,2.0,0.087,0,0,1,0,0,0,0,0,0,0,Mid,1,80000.0,Financial Analyst II,ICE
0,1,3,8,0,24.0,3.0,0.12,0,0,1,0,0,0,1,0,0,0,Low,0,50024.0,Implementation Analyst I,Paylocity
0,1,1,8,0,18.0,2.0,0.1053,0,0,1,0,0,0,0,0,0,0,Mid,1,96200.0,"Analyst, Content Strategy and Acquisition",ICE
0,1,3,9,0,24.0,4.0,0.16,0,1,1,1,0,0,1,0,0,0,High,2,159750.0,Senior Tableau Engineer,Global Atlantic Financial Group
0,1,1,8,0,41.0,8.0,0.1905,0,1,1,0,0,0,0,0,0,0,Mid,1,82500.0,"Analyst, Business Operations",ICE
1,1,3,6,1,211.0,54.0,0.2547,1,1,1,0,0,0,0,0,0,1,High,2,150000.0,"Manager, Data Analytics",Sightline Payments
0,1,3,0,0,12.0,1.0,0.0769,0,1,1,0,0,0,0,0,0,0,Mid,1,79100.0,IT Business Analyst,University of Colorado
0,0,1,8,0,79.0,16.0,0.2,0,0,1,0,0,0,0,0,0,0,Low,0,39520.0,Technical Support Analyst,The Judge Group
0,1,3,8,0,6.0,0.0,0.0,0,0,0,0,0,0,0,0,0,0,High,2,136562.5,Sr. Architecture Analyst,"KBR, Inc."
1,1,1,8,1,40.0,8.0,0.1951,0,0,1,0,0,0,0,0,0,0,Low,0,57500.0,Deltek Vision/VantagePoint Billing Analyst - Remote Opportunity!,DeSimone Consulting Engineering
1,0,3,5,0,16.0,2.0,0.1176,0,0,1,0,0,0,0,0,0,0,Mid,1,98800.0,Sr. Financial Analyst,Robert Half
0,1,1,8,0,5.0,0.0,0.0,0,0,0,0,0,0,0,0,0,0,Mid,1,100000.0,Real Estate Acquisitions Analyst,Wizehire
0,1,1,8,0,85.0,13.0,0.1512,1,1,0,0,0,0,0,0,0,0,Mid,1,91500.0,"Analyst, Research and Development",ICE
1,0,1,8,0,107.0,13.0,0.1204,0,0,1,0,0,0,1,0,0,0,Mid,1,71760.0,"Part-Time Faculty - MBA Program: Marketing, Management, Supply Chain and Data Analytics",Colorado State University Global
1,0,3,2,0,530.0,201.0,0.3785,0,1,1,0,0,0,0,0,0,0,High,2,125000.0,Data Engineer,Denver Corporate Search | DCS
0,0,1,8,0,9.0,0.0,0.0,0,0,0,0,0,0,1,0,0,0,Low,0,39135.2,Desktop Support Analyst,Robert Half
0,1,1,9,0,9.0,0.0,0.0,0,0,1,1,0,0,0,0,0,0,Mid,1,92500.0,Senior Market Data Specialist,ICE
1,1,3,2,0,28.0,4.0,0.1379,1,1,1,0,0,0,1,1,0,0,High,2,173250.0,Staff Data Engineer - People & Finance Tech (Remote),GEICO
0,1,3,5,0,8.0,0.0,0.0,0,0,1,0,0,0,0,0,0,0,Mid,1,84000.0,Senior Financial Analyst & Credit Analyst,Robert Half
0,1,3,8,0,3.0,0.0,0.0,0,0,0,0,0,0,0,0,0,0,High,2,136562.5,Sr. Architecture Analyst,"KBR, Inc."
0,1,2,8,0,5.0,0.0,0.0,0,0,0,0,0,0,0,0,0,0,Mid,1,82500.0,"Board Certified Behavior Analyst (BCBA) - $10,000 Sign On Bonus",RightWorks
1,0,3,8,0,289.0,147.0,0.5069,0,1,1,0,0,0,0,1,0,0,High,2,150800.0,Big Data Developer,Cygnus Professionals Inc.
0,1,3,8,0,4.0,0.0,0.0,0,0,1,0,0,0,0,0,0,0,Low,0,49920.0,Part-Time Data Entry Coordinator,Robert Half
0,1,3,8,0,5.0,1.0,0.1667,0,0,0,0,0,0,0,0,0,0,Mid,1,96250.0,"Scientist, Regenerative Medicine - Extracellular Matrix",BioSpace
0,0,2,8,0,13.0,2.0,0.1429,0,0,1,0,0,0,1,0,0,0,Mid,1,87422.40000000001,Accounts Payable Analyst/Business Support Specialist,The Fountain Group
1,1,3,3,0,70.0,20.0,0.2817,1,1,0,0,0,1,0,1,0,1,Mid,1,101000.0,Data Scientist I,Cotiviti
0,1,3,9,0,7.0,0.0,0.0,0,0,1,0,0,0,0,0,0,1,High,2,133750.0,"Senior Scientist, Protein Mass Spectrometry",Agenus
0,1,2,6,0,44.0,5.0,0.1111,0,0,0,0,0,0,0,0,0,0,Mid,1,85000.0,FP&A Manager - need 2+ year FP&A Analyst,"firstPRO, Inc"
0,1,2,8,0,3.0,0.0,0.0,0,0,0,0,0,0,0,0,0,0,Mid,1,82500.0,"Board Certified Behavior Analyst (BCBA) - $10,000 Sign On Bonus",RightWorks
0,1,3,8,0,7.0,0.0,0.0,0,0,0,0,0,0,1,0,0,0,Mid,1,70000.0,Procurement Analyst - Indirect,Edgewell Personal Care
0,1,2,8,0,19.0,5.0,0.25,0,0,0,0,0,0,0,0,0,0,Low,0,52000.0,Billing Analyst,Compunnel Inc.
0,1,3,8,0,9.0,1.0,0.1,0,0,1,0,0,0,0,0,0,0,High,2,161000.0,"Sr. Scientist, Analytical Development (Carbohydrates/Conjugates)",BioSpace
0,0,3,1,0,351.0,168.0,0.4773,1,1,0,1,0,0,0,0,0,0,Mid,1,104000.0,Data Analyst,Matrix Finance and Accounting
0,0,2,0,0,52.0,10.0,0.1887,0,0,1,1,0,0,0,0,0,0,Mid,1,101920.0,"Marketing & Business Analyst – Contract Role for 6 Months+, Hybrid Schedule",PANGEATWO
0,1,2,8,0,67.0,14.0,0.2059,0,0,1,0,0,0,0,0,0,0,Mid,1,65000.0,"Research Analyst, Global Occupier Services",Savills North America
0,1,2,8,0,19.0,2.0,0.1,0,0,1,0,0,0,0,0,0,0,High,2,135000.0,Information Assurance and Audit Support Analyst,ECS
0,1,3,9,0,75.0,29.0,0.3816,1,1,0,0,0,0,0,1,0,0,High,2,125000.0,Senior Software Engineer - Data Platforms (US),Curinos
1,1,1,8,0,91.0,17.0,0.1848,1,1,0,0,0,0,0,0,0,0,Mid,1,77500.0,Data and Insight Analyst,Cotiviti
1,0,2,8,0,98.0,26.0,0.2626,0,0,0,0,0,0,0,0,0,0,Mid,1,81120.0,Payroll Tax Analyst,Catena Solutions
0,0,3,1,0,308.0,110.0,0.356,0,0,1,0,0,0,0,0,0,1,Mid,1,68640.0,Data Analyst,Altum Solutions
0,1,3,8,0,43.0,8.0,0.1818,0,0,1,0,0,0,1,0,0,0,High,2,137500.0,Cybersecurity GRC Analyst,"Aqueduct Technologies, Inc."
0,1,3,8,0,54.0,8.0,0.1455,0,0,1,0,0,0,0,0,0,0,Mid,1,107500.0,"Scientist, Analytical Development",Agenus
1,1,1,8,0,11.0,0.0,0.0,0,0,0,0,0,0,0,0,0,0,Mid,1,90000.0,Workday Payroll Systems Analyst,Public Consulting Group
0,1,2,0,0,43.0,5.0,0.1136,0,0,0,0,0,0,0,0,0,0,Mid,1,81550.0,IT Business Analyst/Senior IT Business Analyst,Auburn University
0,1,3,6,0,88.0,14.0,0.1573,0,1,1,1,0,0,0,0,0,0,High,2,135000.0,Engagement Manager - Analytics (Onsite),Cognizant
0,0,3,8,0,3.0,0.0,0.0,0,0,1,0,0,0,0,0,0,0,High,2,123760.0,Clinical Lab Scientist I,Cottage Health
0,0,3,8,0,39.0,3.0,0.075,0,0,1,0,0,0,0,0,0,0,High,2,166400.0,"Medical Scientist in Lawrenceville, NJ ( Hybrid)",Rangam
0,1,1,8,0,94.0,22.0,0.2316,1,1,0,0,0,0,0,1,0,0,Mid,1,110000.0,"Hadoop Developer (Hadoop, Hive, HBase, RDBMS, SQL, ETL, Data Analytics, Data Mapping, Data Mining, SQL)","Pyramid Consulting, Inc"
0,1,4,4,0,18.0,3.0,0.1579,1,1,0,1,1,1,0,1,0,1,High,2,220000.0,Executive Director of Advanced Analytics (Clinical Technology),Fortrea
1,1,2,1,0,85.0,0.0,0.0,1,1,1,1,1,0,0,0,0,1,Mid,1,90000.0,Data Analyst,Cornerstone Building Brands
0,1,1,7,0,4.0,0.0,0.0,1,0,1,0,0,1,1,0,0,0,High,2,143575.0,"Machine Learning Engineer, Search Ads - USDS",TikTok
0,1,2,8,0,8.0,0.0,0.0,0,0,0,0,0,0,1,0,0,0,Low,0,54500.0,Accounts Payable Analyst,Auburn University
1,0,3,0,0,49.0,6.0,0.12,0,0,1,0,0,0,0,0,0,0,Mid,1,95000.0,IT Business Analyst,Allied OneSource
0,1,3,8,0,5.0,0.0,0.0,0,0,1,0,0,0,0,0,0,0,High,2,178750.0,Mobile Engineer III - Android,Expedia Group
0,1,1,8,0,32.0,5.0,0.1515,0,0,0,0,0,0,0,0,0,0,Mid,1,72500.0,Acquisition Analyst,Barvin
1,1,1,8,0,36.0,10.0,0.2703,0,0,0,0,0,0,0,0,0,0,Mid,1,63650.0,Sales Operations Analyst,IQVIA
0,1,3,8,0,31.0,4.0,0.125,0,1,0,0,0,0,0,0,0,0,Low,0,47500.0,Quality Analyst,Aline
0,1,1,8,0,13.0,0.0,0.0,0,0,0,0,0,0,1,0,0,1,Low,0,40000.0,Research Engineering/ Scientist Associate I,The University of Texas at Austin
0,1,3,8,0,20.0,1.0,0.0476,0,1,0,0,0,0,0,0,0,0,Mid,1,81750.0,Database Administrator,Inclusively
0,0,3,8,0,47.0,7.0,0.1458,0,0,0,0,0,0,0,0,0,0,Mid,1,90948.0,Revenue Analyst,Robert Half
0,1,1,3,0,20.0,4.0,0.1905,1,1,1,0,0,0,0,0,0,1,Mid,1,111750.0,Data Scientist I (Incrementality Measurement Analytics),Expedia Group
0,1,1,8,0,4.0,0.0,0.0,0,0,0,0,0,0,0,0,0,0,Low,0,50252.8,License Analyst (02 Floater Role),Northwestern Mutual
0,1,1,8,0,13.0,1.0,0.0714,0,0,1,0,0,0,0,0,0,0,Low,0,54459.5,Data Coordinator (Department of Translational Medicine and Human Genetics),University of Pennsylvania
0,1,1,3,0,9.0,1.0,0.1,1,1,0,0,0,1,0,1,0,0,High,2,170000.0,Sr. Staff Data Scientist,Blue Yonder
0,1,3,4,0,36.0,4.0,0.1081,0,1,1,1,0,0,0,0,0,1,High,2,148000.0,"Associate Director, Analytics & Insights ",SOLVE(D) | An IPG Health Company
0,1,2,8,0,26.0,0.0,0.0,0,0,1,0,0,0,0,0,0,0,Mid,1,81550.0,Application Systems Analyst,Auburn University
0,0,3,8,0,37.0,9.0,0.2368,1,0,0,0,0,0,1,1,0,0,Mid,1,119600.0,"Big Data PySpark Developer (Only Local Candidates, No Relocation Preferred)",Compunnel Inc.
0,1,1,8,0,40.0,12.0,0.2927,0,0,0,0,0,0,1,0,0,0,Mid,1,99500.0,KYC Data Analytics,Mizuho
0,1,3,9,0,11.0,1.0,0.0833,0,0,0,0,0,0,0,0,0,0,Mid,1,100000.0,Senior Governance and Risk Analyst,Allied OneSource
0,1,1,8,0,3.0,0.0,0.0,0,0,0,0,0,0,0,0,0,0,Mid,1,76500.0,Board Certified Behavior Analyst (BCBA),The Job Network
0,1,1,8,0,12.0,2.0,0.1538,1,1,1,1,1,0,0,0,0,0,Mid,1,85000.0,"Analyst, Sales Operations, Irvine, CA-Transcatheter Heart Valve",Edwards Lifesciences
1,1,1,0,0,78.0,31.0,0.3924,0,0,1,0,0,0,0,0,0,0,Low,0,55120.0,Business Analyst Intern,Blue Yonder
0,0,1,8,0,16.0,2.0,0.1176,0,1,0,0,0,0,1,0,0,0,Mid,1,97760.0,Technical Analyst Mid,"Pyramid Consulting, Inc"
0,1,3,9,0,9.0,0.0,0.0,0,1,1,0,0,0,0,0,0,0,Mid,1,80000.0,Senior Finance Analyst - FP&A,Expedia Group
0,1,3,7,0,13.0,2.0,0.1429,1,1,1,0,0,1,0,1,0,1,High,2,225000.0,"Senior Machine Learning Scientist, Marketing",Expedia Group
0,1,1,3,0,4.0,0.0,0.0,1,1,1,0,0,1,0,1,0,1,High,2,178750.0,Actuarial Data Scientist III,Expedia Group
0,1,1,1,0,24.0,8.0,0.32,1,1,1,0,0,1,0,0,1,1,Mid,1,62702.5,Data Analyst - Programmer (Department of Translational Medicine and Human Genetics),University of Pennsylvania
0,1,1,8,0,18.0,3.0,0.1579,0,0,1,0,0,0,0,0,0,0,Low,0,47840.0,Data Entry Clerk,IntePros
0,1,1,8,0,4.0,0.0,0.0,0,0,0,0,0,0,0,0,0,0,Mid,1,100000.0,Analyst Production M&A,Lument
0,0,1,8,0,19.0,0.0,0.0,0,0,0,0,0,0,0,0,0,0,Mid,1,93600.0,Board Certified Behavior Analyst-BCBA-NC,Diamond Medical Recruiting
0,1,2,8,0,12.0,5.0,0.3846,0,0,1,0,0,0,0,0,0,0,Mid,1,71000.0,Commercial Credit Analyst,Trillium Staffing Solutions
0,1,3,8,0,13.0,3.0,0.2143,0,0,0,0,0,0,0,0,0,0,Mid,1,68640.0,Client Services Analyst,IntePros
1,1,3,2,0,36.0,18.0,0.4865,0,1,1,0,0,0,0,0,0,0,Mid,1,80000.0,Data Engineer (Data as a Service),Xplor Technologies
1,1,3,3,0,13.0,3.0,0.2143,1,1,1,1,0,1,0,0,0,1,Mid,1,118318.5,R&D Lead Data Scientist,Sherwin-Williams
1,0,3,8,0,42.0,7.0,0.1628,0,0,0,0,0,0,0,0,0,0,Mid,1,99840.0,PV Clinical Scientist - ICSR,BEPC Inc. - Business Excellence Professional Consulting
1,1,1,8,0,24.0,5.0,0.2,1,1,0,0,0,0,0,0,0,0,High,2,122500.0,Database Engineer,Backblaze
0,0,1,1,0,10.0,2.0,0.1818,0,0,0,1,1,0,0,0,0,0,High,2,124575.0,Tableau Data Analyst - PowerBI and SharePoint,"BAE Systems, Inc."
0,1,1,8,0,38.0,10.0,0.2564,0,0,1,0,0,0,0,0,0,0,Mid,1,80000.0,Acquisition Analyst,The Michelson Organization
0,1,1,8,0,4.0,1.0,0.2,0,0,0,0,0,0,0,0,0,0,Low,0,54741.0,Pollution Control Analyst I,Baltimore County
0,1,3,9,0,9.0,1.0,0.1,0,0,1,0,0,1,0,0,0,1,Mid,1,100464.0,Modelling/Forecasting Senior Analyst - Model Lifecycle Environment,TD
0,1,5,8,0,6.0,0.0,0.0,0,0,1,0,0,0,0,0,0,0,Mid,1,80000.0,Board Certified Behavior Analyst (BCBA) Center Based In Katy,Centria Autism
0,1,1,8,0,4.0,0.0,0.0,0,0,1,0,0,0,0,0,0,0,Low,0,57336.0,AB85 Analyst (Hybrid Option),California Department of Health Care Services
1,0,1,8,0,47.0,9.0,0.1875,0,1,0,0,0,0,0,0,0,0,Mid,1,84240.0,Geographic Information Systems Analyst,Infojini Inc
0,1,1,8,0,4.0,0.0,0.0,0,0,1,0,0,0,0,0,0,0,Mid,1,76788.0,Hearings and Appeals Analyst (Hybrid),California Department of Health Care Services
0,0,2,8,0,10.0,1.0,0.0909,0,0,1,0,0,0,0,0,0,0,High,2,156000.0,Medical Scientist,Net2Source Inc.
1,1,1,8,0,1135.0,37.0,0.0326,0,0,1,0,0,0,0,0,0,0,Low,0,55000.0,Data Entry Operator,Reliable Sign Supply
1,1,1,8,0,34.0,8.0,0.2286,1,1,1,0,0,1,0,0,0,1,High,2,171600.0,Analytics Engineer,Radius Group
0,1,1,9,0,14.0,1.0,0.0667,1,0,0,0,0,0,0,0,0,0,High,2,200000.0,Senior Orbital Analyst,Stealth Communications
0,1,2,8,0,5.0,0.0,0.0,0,1,1,0,0,0,0,0,0,0,Mid,1,61450.0,Platform Support Analyst I,The Trade Desk
1,1,2,0,0,16.0,2.0,0.1176,0,0,1,0,0,0,0,0,0,0,Mid,1,112500.0,Sr Business Analyst - Remote,Advantage Solutions
1,1,3,2,0,99.0,48.0,0.48,1,1,1,0,0,1,1,0,0,0,High,2,155000.0,Data Engineer - Remote,Orbit Recruitment Group 
1,1,3,2,0,13.0,5.0,0.3571,1,1,1,0,0,1,1,0,0,0,High,2,155000.0,Data Engineer - Remote,Orbit Recruitment Group 
0,1,1,8,0,5.0,1.0,0.1667,0,0,0,0,0,0,0,0,0,0,Mid,1,100000.0,Analyst Production M&A,ORIX Corporation USA
0,1,3,8,0,4.0,0.0,0.0,0,0,1,0,0,0,0,0,0,0,Mid,1,85000.0,Formulation Scientist,Ajulia Executive Search
1,1,3,2,0,2.0,0.0,0.0,1,1,1,0,0,1,1,0,0,0,High,2,155000.0,Data Engineer - Remote,Orbit Recruitment Group 
0,1,2,8,0,6.0,0.0,0.0,0,0,1,0,0,0,0,0,0,0,Low,0,53040.0,Treasury Analyst,Advantage Solutions
1,1,3,2,0,26.0,11.0,0.4074,1,1,1,0,0,1,1,0,0,0,High,2,155000.0,Data Engineer - Remote,Orbit Recruitment Group 
1,1,3,7,0,13.0,5.0,0.3571,1,0,1,0,0,1,1,1,0,0,High,2,170000.0,Machine Learning Engineer - Remote,Orbit Recruitment Group 
0,0,1,0,0,65.0,16.0,0.2424,0,0,0,0,0,0,0,0,0,0,High,2,213200.0,Business Analyst,RTX Fintech & Research
1,1,1,2,0,25.0,11.0,0.4231,0,1,1,0,0,0,0,1,0,0,High,2,130000.0,Azure Synapse Data Engineer,NLB Services
0,0,3,8,0,44.0,16.0,0.3556,0,1,1,0,0,0,0,0,0,0,High,2,166400.0, Azure Data Architect,Radiansys Inc.
1,1,3,7,0,15.0,4.0,0.25,1,0,1,0,0,1,1,1,0,0,High,2,170000.0,Machine Learning Engineer - Remote,Orbit Recruitment Group 
0,0,3,8,0,3.0,0.0,0.0,1,0,1,0,0,0,0,0,0,0,High,2,155600.0,Atmospheric Scientist (Experienced) (Onsite),SimplyApply
0,1,3,9,0,11.0,1.0,0.0833,0,0,0,0,0,0,0,0,0,0,Mid,1,90000.0,Senior Accounting Analyst - Hybrid,"McCrometer, Inc."
0,1,3,9,0,27.0,8.0,0.2857,0,0,0,0,0,0,1,0,0,0,High,2,165000.0,Senior Data Architect,Hyring.com
1,1,3,3,0,20.0,5.0,0.2381,1,1,1,1,1,1,1,0,0,1,High,2,150000.0,Data Scientist,Telegraph
0,0,3,8,0,13.0,0.0,0.0,0,0,1,0,0,0,0,0,0,0,High,2,130000.0,Clinical Laboratory Scientist,eTeam
0,0,1,8,0,41.0,6.0,0.1429,0,0,1,0,0,0,1,0,0,0,High,2,156000.0,Cyber Fusion Analyst,"Pyramid Consulting, Inc"
0,0,2,8,0,23.0,3.0,0.125,0,1,1,0,0,0,0,0,0,0,Mid,1,114400.0,Reconciliation Analyst,Phyton Talent Advisors
1,0,3,8,0,11.0,2.0,0.1667,0,1,1,1,1,0,0,0,0,0,Mid,1,69628.0,IT Developer and Analyst,"ICON Consultants, LP"
0,0,2,8,0,26.0,2.0,0.0741,0,0,0,0,0,0,0,0,0,0,Mid,1,84240.0,Business System Analyst,Motion Recruitment
0,1,3,3,0,14.0,1.0,0.0667,0,0,1,0,0,1,0,0,0,0,Mid,1,74977.0,Data Scientist,University of Kentucky
0,0,3,5,0,8.0,0.0,0.0,0,0,1,0,1,0,0,0,0,0,Mid,1,98800.0,Financial Analyst,The Fountain Group
0,1,4,8,0,3.0,0.0,0.0,0,0,1,0,0,0,0,0,0,0,High,2,225000.0,"VP, Private Equity Portfolio Performance Analytics",Coda Search│Staffing
0,1,3,9,0,4.0,0.0,0.0,0,0,0,0,0,0,1,0,0,0,High,2,165000.0,Senior Data Architect,Hyring.com
0,1,3,9,0,10.0,0.0,0.0,0,0,0,0,0,0,1,0,0,0,High,2,165000.0,Senior Data Architect,Hyring.com
1,1,3,9,0,30.0,10.0,0.3226,0,0,0,0,0,0,1,0,0,0,High,2,165000.0,Senior Data Architect,Hyring.com
1,1,3,7,0,16.0,6.0,0.3529,1,1,0,0,0,1,0,0,0,0,High,2,190000.0,Senior Machine Learning Engineer,Harnham
0,1,1,0,0,13.0,3.0,0.2143,1,1,1,0,0,0,0,0,0,0,Mid,1,112320.0,Business Analyst ,GTTSi
0,1,3,9,0,6.0,1.0,0.1429,0,0,1,0,0,0,0,0,0,0,Mid,1,100000.0,Senior Systems Accounting Analyst - Wolfepak,Rainmaker Recruiting
0,0,1,8,0,8.0,0.0,0.0,0,0,0,0,0,0,1,0,0,0,Low,0,41600.0,Digital Data Records Specialist/ Data Entry Specialist,"Pyramid Consulting, Inc"
1,0,2,0,0,123.0,57.0,0.4597,0,0,0,0,0,0,0,0,0,0,Mid,1,81120.0,Business Analyst,"ICON Consultants, LP"
0,1,3,9,0,5.0,2.0,0.3333,1,1,0,0,0,0,0,1,0,0,High,2,143900.0,Senior Site Reliability Engineer - Big Data,SHEIN Technology LLC
0,1,3,8,0,25.0,9.0,0.3462,0,1,0,0,0,0,0,0,0,0,Mid,1,114400.0,Sr. Data Developer,Beacon Hill Staffing Group
0,1,1,9,0,5.0,1.0,0.1667,0,0,1,0,0,0,0,0,0,0,Mid,1,77500.0,Senior Grants Analyst,The Rockefeller University
0,0,3,2,0,8.0,2.0,0.2222,1,0,0,0,0,0,1,0,0,0,High,2,135200.0,Support Data Engineer,Rose International
0,0,1,5,0,6.0,0.0,0.0,0,0,1,0,0,0,0,0,0,0,Low,0,43680.0,Financial Analyst,IntePros
1,0,3,2,0,152.0,51.0,0.3333,1,1,0,0,0,0,0,0,0,0,High,2,140400.0,Senior Data Engineer,A-Line Staffing Solutions
1,0,1,8,0,33.0,13.0,0.3824,1,0,1,0,0,0,0,0,0,0,Mid,1,84240.0,Security Operations Center Analyst,"Pinnacle Group, Inc."
0,0,3,8,0,3.0,0.0,0.0,0,0,1,0,0,0,0,0,0,0,Mid,1,65520.0,Project Cost Analyst (616387),Planet Professional
0,0,3,8,0,4.0,1.0,0.2,0,1,0,0,1,0,0,0,0,0,Mid,1,109200.0,Business Intelligence Analyst,CCS Global Tech
0,0,3,5,0,3.0,0.0,0.0,0,0,1,0,0,0,0,0,0,0,Mid,1,119600.0,Financial Analyst,"netPolarity, Inc. (Saicon Consultants, Inc.)"
0,1,3,8,0,4.0,0.0,0.0,0,0,1,0,0,0,0,0,0,0,High,2,150000.0,Oracle Cloud Functional R2R Analyst,The Services Group
0,1,3,8,0,2.0,0.0,0.0,0,0,0,0,0,0,0,0,0,0,Mid,1,82500.0,Board Certified Behavior Analyst - Relocation Available,Quality Placement Authority
0,1,3,9,0,2.0,0.0,0.0,0,0,1,0,0,0,0,0,0,0,High,2,126500.0,Senior Internal Control Analyst,Planet Professional
1,1,3,9,0,4.0,1.0,0.2,1,0,1,0,0,0,0,0,0,0,High,2,177500.0,Senior Software Engineer / Python / DeFi,Crypto Recruiters
1,0,3,8,0,11.0,5.0,0.4167,0,0,1,0,0,0,0,0,0,0,Mid,1,109200.0,QA Analyst,Randstad Sourceright
1,1,3,0,0,10.0,2.0,0.1818,0,0,1,0,0,0,0,0,0,0,Mid,1,87360.0,Business Analyst,Beacon Hill Staffing Group
0,1,3,9,0,1.0,0.0,0.0,0,0,1,0,0,0,1,0,0,0,High,2,140000.0,"Senior Manager, E-Commerce Business Intelligence - Calvin Klein",Calvin Klein
0,1,3,8,0,2.0,0.0,0.0,0,0,1,0,0,0,0,0,0,0,High,2,138100.0,"Analyst, SAP FI",Precor
0,0,0,8,0,2.0,1.0,0.3333,0,1,1,1,0,0,0,0,0,0,Low,0,35360.0,"Business Intelligence Intern, Inventory Planning",FULLBEAUTY Brands
0,0,1,8,0,0.0,0.0,0.0,0,0,1,0,0,0,0,0,0,0,Low,0,45760.0,Data Entry Clerk,IDD Aerospace Corporation
0,1,3,8,0,3.0,0.0,0.0,0,0,0,0,0,0,0,0,0,0,Mid,1,60000.0,Service Desk Analyst II,K2 Services
0,1,2,8,0,3.0,1.0,0.25,0,0,1,0,0,0,0,0,0,0,Mid,1,65500.0,Accounts Receivable Analyst,Citizen Watch America
0,1,1,8,0,1.0,0.0,0.0,0,0,1,0,0,0,0,0,0,0,Low,0,55000.0,Security Analyst- Alert Response,Convergence Networks
0,0,2,8,0,3.0,0.0,0.0,0,0,0,0,0,0,0,0,0,0,Low,0,53216.8,Datacenter Technician,The Judge Group
0,0,3,1,0,1.0,0.0,0.0,0,1,1,0,0,0,1,0,0,0,High,2,176800.0,Loans Transformation Data Analyst,Rose International
0,1,2,8,0,2.0,0.0,0.0,0,0,1,1,0,0,0,0,0,0,Low,0,46498.4,Data Operations Specialist (E-Commerce),Chery Group
0,0,2,2,0,5.0,0.0,0.0,1,1,0,0,0,1,0,1,0,1,High,2,130000.0,Data Engineer,Zolon Tech Inc.
0,1,3,3,0,5.0,0.0,0.0,1,1,1,0,0,1,0,0,0,1,Mid,1,105500.0,Sr. Data Scientist - Strategic Projects,Ovative Group
0,0,1,8,0,1.0,0.0,0.0,0,0,0,0,0,0,0,0,0,0,Mid,1,81120.0,Analyst 3 - Laboratory Quality Control (metrology),Source One Technical Solutions
1,1,3,8,0,4.0,0.0,0.0,0,0,0,0,0,1,1,0,0,0,High,2,175650.0,Technical Research Analyst,Rubrik
1,1,1,9,0,7.0,1.0,0.125,0,0,1,0,0,0,1,0,0,0,High,2,161200.0,Senior Site Reliability Engineer,Cloud Destinations
0,0,1,8,0,4.0,0.0,0.0,0,0,0,0,0,0,0,0,0,0,Low,0,46800.0,Datacenter Technician,Motion Recruitment
1,1,1,8,0,5.0,0.0,0.0,0,0,0,0,0,0,0,0,0,0,Mid,1,67000.0,PhD Scientist interested in Digital Marketing,Supreme Optimization
0,1,3,5,0,2.0,0.0,0.0,0,0,0,0,0,0,0,0,0,0,High,2,133650.0,"Senior Financial Analyst, Investor Relations",Snowflake
0,1,1,8,0,2.0,0.0,0.0,0,0,1,0,0,0,0,0,0,0,Mid,1,100000.0,Mergers and Acquisitions Analyst,Cardone Ventures
0,0,1,8,0,5.0,0.0,0.0,0,0,1,0,0,0,0,0,0,0,Mid,1,82160.0,Financial Field Analyst,Inceed
0,1,3,8,0,5.0,0.0,0.0,0,1,1,0,0,0,0,0,0,0,Mid,1,76575.0,Business Operations Analyst II,DISH Network
1,1,3,9,0,6.0,0.0,0.0,1,1,1,0,0,0,1,0,0,0,High,2,137500.0,Senior Value Based Healthcare Analyst,Teladoc Health
0,0,2,8,0,6.0,0.0,0.0,0,0,0,0,0,0,0,0,0,0,Mid,1,64480.0,Quality Control Analyst,The Fountain Group
1,1,1,9,0,5.0,0.0,0.0,0,0,1,0,0,0,1,0,0,0,Mid,1,80000.0,Senior Compliance Analyst - Enhanced Due Diligence (Remote),First Citizens Bank
0,1,1,8,0,2.0,0.0,0.0,0,0,1,0,0,0,0,0,0,0,Mid,1,82573.5,Budget Analyst - OTI ,New York City Mayor's Office of Management and Budget
1,1,3,7,0,5.0,0.0,0.0,1,0,1,0,0,1,0,0,0,0,High,2,172150.0,Senior Machine Learning Engineer,GeneDx
0,1,3,8,0,2.0,0.0,0.0,1,0,1,1,0,0,0,0,0,0,Mid,1,95496.0,RESEARCH DATA SUPERVISOR I,California Department of Developmental Services
0,1,3,8,0,2.0,0.0,0.0,1,0,1,1,0,0,0,0,0,0,Mid,1,95496.0,RESEARCH DATA SUPERVISOR I,California Department of Developmental Services
1,1,3,1,0,6.0,0.0,0.0,1,1,0,1,0,0,0,0,0,1,High,2,167500.0,Sr. Staff Data Analyst - Marketing Analytics,Achieve
1,1,3,8,0,7.0,0.0,0.0,0,1,1,1,0,0,0,0,0,0,High,2,135000.0,Lead Revenue Operations Analyst,Wrike
0,1,3,2,0,4.0,0.0,0.0,1,1,0,0,0,1,1,1,0,1,High,2,150000.0,Lead Data Engineer,NBCUniversal
0,1,2,2,0,4.0,0.0,0.0,0,1,0,0,0,0,1,0,0,0,Mid,1,117500.0,CDE Data Engineer,NBCUniversal
1,0,1,8,0,4.0,0.0,0.0,0,0,1,0,0,0,0,0,0,0,High,2,130000.0,Cybersecurity Analyst(GC & USC),TekValue IT Solutions
0,1,1,9,0,2.0,0.0,0.0,0,1,1,0,0,0,0,0,0,0,High,2,197600.0,Oracle DB Senior Database Analyst,Gestion Humana
0,0,3,0,0,7.0,0.0,0.0,0,0,0,0,0,0,0,0,0,0,Mid,1,85000.0,Sr Business Analyst,Blossom Tech Solutions
0,0,3,8,0,4.0,0.0,0.0,0,0,0,0,0,0,0,0,0,0,High,2,130000.0,Production Support Analyst,Professional Employment Group of Colorado
0,1,3,8,0,4.0,0.0,0.0,0,0,0,0,0,0,0,0,0,0,Mid,1,61360.0,Analytical Chemist - LCMS Analyst,Enthalpy Analytical
0,1,3,0,0,2.0,0.0,0.0,0,0,1,0,0,0,0,0,0,0,Mid,1,115807.0,IES – Lead Business Analyst (Project Coordinator) Ref. #7594,NYS Office of Information Technology Services
0,1,1,8,0,4.0,0.0,0.0,0,0,1,0,0,0,0,0,1,0,Mid,1,95305.0,"Tier 1 JSOC Analyst/Information Technology Specialist 3 (Information Security), ref 5774-Tier 1",NYS Office of Information Technology Services
0,0,3,8,0,10.0,1.0,0.0909,0,0,1,0,0,0,0,0,0,0,Mid,1,110364.8,Datacenter Analyst,Matlen Silver
1,1,3,8,0,6.0,0.0,0.0,0,1,1,0,0,0,0,0,0,0,Mid,1,86250.0,Lead Data Specialist,Endpoint Clinical
0,1,4,8,0,1.0,0.0,0.0,1,1,0,0,0,0,0,1,0,0,High,2,195000.0,Azure Data Architect,Phaxis
0,1,1,8,0,3.0,0.0,0.0,0,0,1,0,0,0,0,0,0,0,Low,0,54000.0,Analyst - Vehicle Logistics ITR,"GLOVIS America, Inc."
0,1,3,5,0,6.0,0.0,0.0,0,0,1,1,1,0,0,0,0,0,Mid,1,95000.0,Financial Analyst,CarsonLynch Professional Search
1,1,3,8,0,2.0,0.0,0.0,0,0,1,0,0,0,1,0,0,1,High,2,127000.0,"Consultant, AI & Analytics",Lighthouse
1,1,1,8,0,18.0,1.0,0.0526,0,0,1,0,0,0,0,0,0,0,Low,0,47840.0,Junior Data Entry Specialist,Unknown Company
0,1,3,9,0,1.0,0.0,0.0,0,0,1,0,0,0,1,0,0,0,High,2,150000.0,"Senior/Principal Scientist, Proteomics",Lyterian Therapeutics
0,1,3,9,0,4.0,0.0,0.0,0,0,1,0,0,0,0,0,0,0,Mid,1,102500.0,Senior Scientist,Bausch + Lomb
0,1,3,8,0,4.0,0.0,0.0,1,1,0,1,0,0,0,0,0,0,High,2,133000.0,"Data Science, Visualization and Management Analyst with TS/SC... with Security Clearance",ClearanceJobs
0,1,1,5,0,3.0,0.0,0.0,0,0,1,0,0,0,0,0,0,0,Mid,1,98950.0,Senior Financial Analyst - MT Supply Chain Procurement Source Finance - CSS,Johnson & Johnson
0,1,3,8,0,3.0,0.0,0.0,0,0,1,0,0,0,0,0,0,0,Mid,1,115000.0,Investment Banking Analyst | Industrials,Houlihan Lokey
0,1,1,5,0,4.0,0.0,0.0,0,0,1,0,0,0,0,0,0,0,Mid,1,95150.0,"Senior Financial Analyst, NA Commercial & ASC",Johnson & Johnson
0,0,1,8,0,3.0,0.0,0.0,0,0,0,0,0,0,0,0,0,1,Low,0,46800.0,Customer Service Quality Analyst,"netPolarity, Inc. (Saicon Consultants, Inc.)"
0,1,2,8,0,5.0,0.0,0.0,0,0,0,0,0,0,0,0,0,0,Mid,1,70000.0,Supply Chain Analyst,Reddy Ice
0,0,1,9,0,3.0,0.0,0.0,0,0,0,0,0,0,1,0,0,0,High,2,192458.5,Senior Generative AI Engineer,Capital Group
0,1,3,8,0,3.0,0.0,0.0,0,0,0,0,0,0,0,0,0,0,High,2,168127.0,"Physical Scientist, GG-1301-14",NASIC (National Air and Space Intelligence Center)
0,1,3,8,0,4.0,0.0,0.0,1,1,1,1,0,0,0,0,0,0,Mid,1,60000.0,Product Analyst,Apex Systems
0,1,1,5,0,3.0,0.0,0.0,0,0,1,0,0,0,0,0,0,0,Mid,1,98950.0,Senior Financial Analyst - MT Supply Chain Procurement Source Finance - CSS,Johnson & Johnson
1,1,3,8,0,3.0,0.0,0.0,0,0,0,0,0,0,1,0,0,0,High,2,144000.0,Sr. Compliance Analyst- (Remote),Talentify.io
0,1,3,8,0,5.0,0.0,0.0,0,0,1,0,0,0,1,0,0,0,High,2,189930.0,"Research Scientist, Cell Biology – T cell Engineering",Kite Pharma
0,1,1,8,0,6.0,0.0,0.0,0,0,1,0,0,0,0,0,0,0,High,2,136793.0,Business Process Analyst Lead,City National Bank
0,1,3,3,0,6.0,1.0,0.1429,0,0,0,0,0,1,0,0,0,1,High,2,232500.0,"Senior Data Scientist, LLM",Nuna Inc.
0,1,3,0,0,2.0,0.0,0.0,0,0,1,0,0,0,0,0,0,0,Mid,1,105702.5,IES Business Analyst (Project Coordinator) Ref. #7601,NYS Office of Information Technology Services
1,1,1,7,0,5.0,0.0,0.0,1,1,1,0,0,1,0,0,0,1,High,2,230000.0,Applied Machine Learning Engineer (East Coast),Anomalo
0,1,1,8,0,4.0,0.0,0.0,0,0,1,0,0,0,0,0,0,0,Mid,1,76586.5,Analyst - Joint Use of Plant,Avangrid
0,1,1,8,0,3.0,0.0,0.0,0,0,1,0,0,0,0,0,0,0,Mid,1,95305.0,"Threat Hunting Analyst /Information Technology Specialist 3 (Information Security), ref 5776-10AR",NYS Office of Information Technology Services
1,1,3,9,0,4.0,0.0,0.0,0,0,0,0,0,0,0,0,0,0,High,2,128700.0,Senior Regulatory Compliance Analyst - Mental Health Parity (Remote),Talentify.io
0,0,0,7,0,7.0,1.0,0.125,0,0,1,0,0,0,1,0,0,0,Low,0,55442.5,Machine Learning Engineer Intern,General Atomics
0,1,1,8,0,3.0,0.0,0.0,0,0,1,0,0,0,0,0,0,0,Mid,1,70928.0,Data Center Technician L1,NTT Global Data Centers
1,1,2,9,0,6.0,0.0,0.0,1,1,1,1,0,0,1,0,0,1,Mid,1,102250.0,Senior Analyst,Merkle
0,1,1,8,0,5.0,0.0,0.0,0,0,1,0,0,0,0,0,0,0,Mid,1,70000.0,Provider Network Reimbursement Analyst,MetroPlusHealth
0,1,3,9,0,4.0,0.0,0.0,0,1,1,0,0,0,0,0,0,0,Mid,1,108160.0,SENIOR IT ANALYST/PROGRAMMER,Apex Systems
0,1,1,8,0,7.0,3.0,0.375,0,0,1,0,0,0,0,0,0,0,High,2,200000.0,Real Estate Investments – Analyst,Regis Group
0,1,3,8,0,2.0,0.0,0.0,0,0,0,0,0,0,0,0,0,0,High,2,185200.0,Sr. Lead Information Security Analyst,Wells Fargo
0,1,3,9,0,4.0,0.0,0.0,1,1,0,0,0,0,0,0,0,0,High,2,125000.0,Senior Site Reliability Engineer,Qualys
0,1,4,4,0,2.0,0.0,0.0,0,0,0,0,0,0,0,0,0,0,High,2,319900.0,"Technology Director, Data Center Exits - Infrastructure Services & Hosting",Wells Fargo
0,1,3,9,0,5.0,0.0,0.0,0,0,1,0,0,0,0,0,0,0,Mid,1,109500.0,Principal / Senior Principal Project Management - Test and Eval Planning Analyst,Northrop Grumman
0,1,1,8,0,4.0,0.0,0.0,0,0,1,0,0,0,0,0,0,0,Mid,1,67275.0,Alternative Investments Tax Analyst,U.S. Bank
0,0,3,1,0,9.0,2.0,0.2,0,1,1,0,0,0,1,0,0,0,High,2,156000.0,Loan Transformation Data Analyst ,Confidential
0,1,1,8,0,3.0,0.0,0.0,1,1,1,0,0,0,1,0,0,1,High,2,147500.0,"Strategy and Analytics, Telemedicine",Forward
0,1,1,8,0,6.0,1.0,0.1429,0,0,0,0,0,0,0,0,0,0,Mid,1,65000.0,Political Competition Analyst,Baron
0,1,3,8,0,3.0,0.0,0.0,0,0,0,0,0,0,0,0,0,0,High,2,185200.0,Sr. Lead Information Security Analyst,Wells Fargo
0,0,1,8,0,3.0,0.0,0.0,0,0,0,0,0,0,0,0,0,0,Low,0,41080.0,Field Data Collector - MCBS,NORC at the University of Chicago
0,1,3,8,0,3.0,0.0,0.0,0,0,0,0,0,0,0,0,0,0,High,2,185200.0,Sr. Lead Information Security Analyst,Wells Fargo
0,0,3,8,0,4.0,0.0,0.0,0,0,1,0,0,0,0,0,0,0,High,2,171600.0,"Institutional Marketing Lead, Pricing & Analytics ",Barrington James
1,1,2,8,0,3.0,0.0,0.0,0,0,0,0,0,0,0,0,0,0,Mid,1,92500.0,Wave Support/URA Analyst,ECS
0,1,3,8,0,3.0,0.0,0.0,0,0,1,0,0,0,0,0,0,0,High,2,124800.0,Compliance Analyst,Mission Staffing
0,1,3,0,0,3.0,0.0,0.0,0,1,1,0,0,0,0,0,0,0,Mid,1,100000.0,Manufacturing Business Analyst,Goodwin Recruiting
0,0,1,8,0,3.0,0.0,0.0,0,0,0,0,0,0,0,0,0,0,Low,0,41080.0,Field Data Collector - MCBS,NORC at the University of Chicago
0,1,2,6,0,4.0,0.0,0.0,0,0,1,0,0,0,0,0,0,0,High,2,189900.0,Airworthiness Manager Systems Engineering 2,Northrop Grumman
0,1,2,8,0,3.0,0.0,0.0,0,0,1,0,0,0,0,0,0,0,Low,0,55120.0,Legal Data Entry Specialist ,Mission Staffing
0,1,2,8,0,3.0,0.0,0.0,0,0,1,0,0,0,0,0,0,0,Mid,1,85000.0,Treasury and Risk Insurance Analyst,StaffBright
0,0,3,8,0,13.0,2.0,0.1429,0,0,0,1,0,0,0,0,0,0,Mid,1,112320.0,IT Analyst-Vulnerability Management Team,Motion Recruitment
0,1,3,8,0,4.0,0.0,0.0,0,0,0,0,0,0,0,0,0,0,High,2,178100.0,Staff Structural Engineer - Individual Aircraft Tracking Program (IATP),Northrop Grumman
0,1,2,8,0,7.0,1.0,0.125,0,0,1,0,0,0,0,0,0,0,Low,0,53040.0,Database Administrator,Mission Staffing
0,1,4,8,0,4.0,0.0,0.0,0,0,0,0,0,0,1,0,0,0,High,2,158050.0,"Associate Principal Scientist, Flow Cytometry, Translational Molecular Biomarkers",Merck
0,0,3,1,0,27.0,9.0,0.3214,1,1,1,0,1,0,0,0,0,0,Mid,1,72800.0,Data Analyst,Gravity IT Resources
0,0,3,0,0,2.0,0.0,0.0,0,1,1,0,0,0,0,0,0,0,Mid,1,98800.0,Business Analyst,"Softworld, a Kelly Company"
1,1,3,8,0,11.0,0.0,0.0,0,1,1,0,0,0,0,0,0,0,Mid,1,95000.0,Threat Analyst 2,Sophos
0,1,1,8,0,3.0,0.0,0.0,0,0,1,0,0,0,0,0,0,0,Mid,1,117390.0,Practice Finance Relationship Analyst - East & Midwest,U.S. Bank
0,1,1,8,0,3.0,0.0,0.0,0,0,1,0,0,0,0,0,0,0,Mid,1,117390.0,Practice Finance Relationship Analyst - East & Midwest,U.S. Bank
0,1,1,7,0,4.0,0.0,0.0,1,0,1,0,0,1,1,0,0,0,High,2,143575.0,"Machine Learning Engineer, Search Ads - USDS",TikTok
1,1,3,8,0,3.0,0.0,0.0,0,0,1,1,0,0,1,0,0,0,High,2,132600.0,IS Data Security Architect,CareOregon
0,1,3,9,0,4.0,0.0,0.0,0,0,0,0,0,0,0,0,0,0,Mid,1,100000.0,Senior Governance and Risk Analyst,Allied OneSource
0,1,1,8,0,5.0,0.0,0.0,0,0,0,0,0,0,0,0,0,0,Mid,1,87500.0,Board Certified Behavior Analyst (BCBA),The Job Network
0,1,1,8,0,5.0,0.0,0.0,0,0,0,0,0,0,0,0,0,0,Mid,1,79500.0,Board Certified Behavior Analyst (BCBA),The Job Network
0,1,1,8,0,4.0,0.0,0.0,0,0,0,0,0,0,0,0,0,0,Mid,1,79500.0,Board Certified Behavior Analyst (BCBA),The Job Network
1,0,3,1,0,4.0,0.0,0.0,1,1,1,1,0,0,0,0,0,0,High,2,122850.0,Senior Data Analyst,Veeam Software
0,1,2,2,0,8.0,1.0,0.1111,1,1,1,0,0,1,1,0,0,0,High,2,185500.0,Data Engineer,Pivotal Life Sciences
0,1,1,8,0,4.0,0.0,0.0,1,0,1,0,0,1,1,0,0,0,High,2,170900.0,AI Security Research Scientist,TikTok
1,1,3,6,0,4.0,0.0,0.0,0,0,1,0,0,0,0,0,0,0,High,2,151050.0,Manager IT - Data Management (Remote),Constellation
0,1,3,8,0,4.0,0.0,0.0,0,0,0,0,0,0,0,0,0,0,Low,0,54080.0,Client Operations Analyst,IntePros
0,1,3,8,0,4.0,0.0,0.0,0,0,1,1,0,0,0,0,0,0,Mid,1,101700.0,"Analyst, VAS North America Sales and Commercial Operations",Visa
1,1,2,8,0,5.0,0.0,0.0,0,0,1,1,0,0,0,0,0,0,Mid,1,69400.0,Associate Sales Operations Analyst,Five9
0,1,3,2,0,4.0,0.0,0.0,0,0,0,0,0,1,0,0,0,0,High,2,136275.0,Senior Data Engineer- Python,Visa
0,1,3,5,0,6.0,0.0,0.0,0,0,1,0,0,0,0,0,0,0,Mid,1,111500.0,Financial Analyst - Client Incentives,Visa
0,1,3,8,0,3.0,0.0,0.0,0,0,1,0,0,0,0,0,0,0,High,2,149000.0,"AMS Analyst, SAP",Pure Storage
0,1,1,1,0,2.0,0.0,0.0,0,0,1,0,1,0,0,0,0,0,Mid,1,95000.0,Financial Data Analyst,Cyber Guardian Threat Solutions LLC
0,1,1,9,0,4.0,0.0,0.0,0,0,0,0,0,0,0,0,0,0,High,2,130492.7,Data Security Access and Provisioning Senior,M&T Bank
0,1,3,7,0,6.0,0.0,0.0,1,1,1,0,0,1,0,0,0,1,High,2,126125.0,Remote - AFC AML – Model Remediation - Assistant Vice President,Deutsche Bank
0,1,1,8,0,3.0,0.0,0.0,0,0,0,0,0,0,0,0,0,0,Mid,1,80000.0,Board Certified Behavior Analyst (BCBA),The Job Network
1,1,3,8,0,14.0,1.0,0.0667,0,0,1,0,0,0,0,0,0,0,High,2,131000.0,Configuration Analyst,Juul Labs
0,1,1,2,0,5.0,0.0,0.0,0,1,0,0,0,0,0,1,0,0,High,2,201177.5,Staff Data Engineer,Visa
0,1,4,4,0,3.0,0.0,0.0,1,1,0,0,0,1,0,1,0,1,High,2,212000.0,"Director, Data Science",Visa
0,1,1,0,0,6.0,1.0,0.1429,0,0,1,0,0,0,0,0,0,0,Mid,1,68550.0,Business Analyst - Investment Banking,RR Donnelley
0,1,1,8,0,3.0,0.0,0.0,0,0,0,0,0,0,0,0,0,0,Mid,1,80000.0,Board Certified Behavior Analyst (BCBA),The Job Network
0,1,1,8,0,4.0,0.0,0.0,0,1,1,0,0,0,0,0,0,0,Mid,1,86940.0,Sr IT Analyst - MedPharm,Prime Therapeutics
0,1,3,8,0,11.0,1.0,0.0833,0,0,1,1,0,0,0,0,0,0,Mid,1,101700.0,"Analyst, VAS North America Sales and Commercial Operations",Visa
0,1,1,8,0,4.0,0.0,0.0,0,0,1,0,0,0,0,0,0,0,Low,0,50000.5,IT Service Desk Analyst,SAIC
0,1,4,4,0,2.0,0.0,0.0,1,1,0,0,0,0,0,1,0,0,High,2,197500.0,Sr Azure Data Architect / Director with Financial Services - to 215k + bonus,Phaxis
0,1,1,9,0,6.0,0.0,0.0,0,0,0,0,0,0,0,0,0,0,High,2,163200.0,Senior Decision Analytics Manager,Visa
0,1,3,0,0,6.0,1.0,0.1429,0,0,0,0,0,0,0,0,0,0,Mid,1,90480.0,Senior Business Analyst,TD
0,1,3,8,0,4.0,0.0,0.0,0,0,1,0,0,0,1,0,0,0,High,2,146350.0,"Principal Analyst, Advertising Regulation",FINRA
0,1,3,8,0,5.0,0.0,0.0,0,0,0,0,0,0,0,0,0,0,Mid,1,76788.0,TRAINING ANALYST (LEAD),California Department of Forestry and Fire Protection (CAL FIRE)
1,1,3,1,0,6.0,1.0,0.1429,0,1,0,0,0,0,0,0,0,0,High,2,125000.0,"Data Analyst, Research Solutions",Truveta
1,1,3,9,0,4.0,0.0,0.0,0,1,1,0,0,0,0,0,0,0,Mid,1,107506.5,Senior IT Analyst,Sherwin-Williams
0,1,1,8,0,6.0,0.0,0.0,1,0,0,0,0,0,1,0,1,1,Low,0,34000.0,Research Engineering/Scientist Assistant,The University of Texas at Austin
0,1,1,9,0,4.0,0.0,0.0,0,0,0,0,0,0,0,0,0,0,Mid,1,81100.0,"Senior Analyst, Ceded Reinsurance Claim",Travelers
0,1,3,0,0,2.0,0.0,0.0,0,0,0,0,0,0,0,0,0,0,High,2,130240.0,Business Analysts (Agile Software Development),"BAE Systems, Inc."
0,1,1,8,0,4.0,0.0,0.0,1,0,0,0,0,0,0,0,0,0,High,2,189915.0,Systems Engineer-Data Analysis (SME),"BAE Systems, Inc."
0,1,3,9,0,4.0,0.0,0.0,0,1,0,0,0,0,0,0,0,0,Mid,1,107506.5,Senior Database Developer,Sherwin-Williams
0,1,4,4,0,5.0,0.0,0.0,0,0,1,0,0,0,0,0,0,0,High,2,222225.0,Sr Director - Consulting & Analytics - Nationals segment,Visa
0,1,1,8,0,4.0,0.0,0.0,0,0,1,0,0,0,0,0,0,0,Mid,1,75004.8,"2024 Commercial Banking Development Program-Credit Analyst- San Francisco, CA- Technology Banking Group",Western Alliance Bank
1,1,1,8,0,3.0,0.0,0.0,1,1,1,0,0,0,0,0,0,0,High,2,134350.0,1419145 - Database Performance Tuning Analyst,Cisco
1,1,3,8,0,4.0,0.0,0.0,0,0,1,0,0,0,0,0,0,1,High,2,130900.0,Earthquake Hazard Scientist,CoreLogic
0,0,2,8,0,0.0,0.0,0.0,0,0,1,0,0,0,0,0,0,0,Low,0,58240.0,Bench Scientist,Mindlance
0,1,3,9,0,6.0,0.0,0.0,0,0,0,0,0,0,0,0,0,0,Mid,1,116667.2,Scientist-Senior,Intermountain Health
0,1,3,8,0,4.0,0.0,0.0,0,0,1,0,0,0,1,0,0,0,High,2,146350.0,"Principal Analyst, Advertising Regulation",FINRA
1,1,3,5,0,4.0,0.0,0.0,0,1,1,0,0,0,0,0,0,0,High,2,125500.0,"Senior Financial Analyst, Corporate",New Relic
0,0,3,8,0,3.0,0.0,0.0,0,0,1,0,0,0,0,0,0,1,High,2,146600.0,"Enterprise Business Process Analyst, Employee Experience",Navy Federal Credit Union
0,1,3,7,0,4.0,0.0,0.0,0,0,1,0,0,0,1,0,0,0,Mid,1,98865.0,Audit Manager I AML,TD
0,1,3,8,0,4.0,0.0,0.0,0,0,1,0,0,0,1,0,0,0,High,2,146350.0,"Principal Communications Compliance Analyst, Advertising Regulation",FINRA
0,0,1,8,0,2.0,0.0,0.0,0,0,1,0,0,0,0,0,0,0,Mid,1,74880.0,Bench Scientist,Mindlance
0,1,1,3,0,5.0,0.0,0.0,0,0,0,0,0,1,1,0,0,1,High,2,136900.0,Senior Data Scientist (Perf. Mgmt & Org. Strategy) (Hybrid Schedule),SoCalGas
0,1,1,2,0,2.0,0.0,0.0,1,1,0,0,0,0,1,1,0,1,High,2,186550.0,"Senior Software Engineer, Data Engineering - ThousandEyes",Cisco
0,1,1,8,0,2.0,0.0,0.0,0,0,1,0,0,0,1,0,0,0,Mid,1,83200.0,Biomedical Quality Engineer,"Infosoft, Inc."
0,0,1,2,0,4.0,0.0,0.0,1,1,1,0,0,1,0,1,1,0,High,2,135587.5,Digital Engineer III (Azure Data Engineer),Navy Federal Credit Union
0,0,1,2,0,4.0,0.0,0.0,1,1,1,0,0,1,0,1,1,0,High,2,135587.5,Digital Engineer III (Azure Data Engineer),Navy Federal Credit Union
0,0,1,3,0,5.0,0.0,0.0,1,1,1,0,0,1,1,0,0,1,Mid,1,114937.5,Data Scientist,Navy Federal Credit Union
0,1,1,8,0,6.0,0.0,0.0,0,0,1,0,0,1,0,0,0,0,Mid,1,117000.0,Product Application Support Analyst - Integrations (Adaptive Planning),Workday
1,1,1,0,0,7.0,0.0,0.0,0,0,1,0,0,0,0,0,0,0,Mid,1,101400.0,Senior Business Analyst,TriNet
0,1,3,8,0,4.0,0.0,0.0,0,0,0,0,0,0,0,0,0,0,Low,0,57336.0,STAFF SERVICES ANALYST,California Department of State Hospitals
0,1,1,8,0,2.0,0.0,0.0,1,1,1,0,0,0,0,0,0,0,Mid,1,106600.0,1419147 - Database Performance Tuning Analyst,Cisco
0,1,3,2,0,1.0,0.0,0.0,1,1,1,0,0,0,1,1,0,0,Mid,1,110000.0,Data Engineer I,STIIIZY
0,0,1,3,0,3.0,0.0,0.0,1,1,1,0,0,1,1,0,0,1,Mid,1,105200.0,Data Scientist,Navy Federal Credit Union
1,1,3,5,0,4.0,0.0,0.0,0,1,1,0,0,0,0,0,0,0,High,2,125500.0,"Senior Financial Analyst, G&A",New Relic
0,1,3,9,0,5.0,0.0,0.0,0,0,0,0,0,0,0,0,0,0,Mid,1,62400.0,Senior Mobile Engineer (Android),H-E-B
0,0,1,2,0,4.0,0.0,0.0,1,1,1,0,0,0,0,1,0,0,High,2,163900.0,ETS Engineer IV - Data Engineer (AI/ML/NLP),Navy Federal Credit Union
0,0,1,3,0,5.0,0.0,0.0,1,1,1,0,0,1,1,0,0,1,Mid,1,105200.0,Data Scientist,Navy Federal Credit Union
0,0,1,8,0,2.0,0.0,0.0,0,0,0,0,0,0,0,0,0,0,Low,0,47840.0,Client Operations Analyst,IntePros
0,1,2,8,0,3.0,0.0,0.0,0,0,0,0,0,0,0,0,0,0,Mid,1,74720.0,Financial Management Analyst,Naval Facilities Engineering Systems Command (NAVFAC)
0,0,1,3,0,5.0,0.0,0.0,1,1,1,0,0,1,1,0,0,1,Mid,1,114937.5,Data Scientist,Navy Federal Credit Union
0,1,1,8,0,2.0,0.0,0.0,0,0,0,0,0,0,0,0,0,0,Mid,1,75000.0,Contract and Billing Analyst ,Curran Recruiting
0,1,3,9,0,2.0,0.0,0.0,0,0,0,0,0,0,0,0,0,0,High,2,130000.0,Senior Tax Analyst,Atlantic Group
0,0,3,1,0,5.0,2.0,0.3333,0,1,0,0,1,0,0,1,0,0,High,2,136520.80000000002,"Data Analyst - Consumer Analytics - Hybrid in Dallas,  TX","Softworld, a Kelly Company"
0,1,3,7,0,3.0,0.0,0.0,1,0,0,0,0,1,0,1,0,0,High,2,220000.0,Applied Machine Learning Research Scientist,Coactive AI
1,1,3,7,0,2.0,0.0,0.0,1,0,0,0,0,1,1,0,0,0,High,2,170000.0,Senior MLOps Engineer,Harnham
0,1,3,7,0,2.0,0.0,0.0,1,0,0,0,0,1,1,0,0,0,High,2,190000.0,Senior MLOps Engineer,Harnham
0,0,3,8,0,3.0,0.0,0.0,1,1,1,0,1,0,0,1,0,0,High,2,124800.0,Data Analytics,ML OUTSOURCING SERVICES PRIVATE LIMITED
0,1,3,8,0,3.0,0.0,0.0,0,0,0,0,0,0,0,0,0,0,High,2,150000.0,"Governance, Risk & Compliance Analyst",Complete Staffing Solutions
1,1,3,8,0,6.0,0.0,0.0,0,0,0,0,0,0,1,0,0,0,High,2,152000.0,Lead Observability Engineer,Amwell
0,1,3,8,0,4.0,0.0,0.0,0,0,1,0,0,0,0,0,0,0,Mid,1,84624.8,Medical Laboratory Scientist/Technologist *Up to $54/hr*,Connected Health Care
0,1,3,0,0,7.0,1.0,0.125,0,0,0,0,0,0,0,0,0,0,Mid,1,109150.0,Business Analyst,CGI
1,1,3,8,0,6.0,0.0,0.0,1,0,1,0,0,1,0,0,0,0,Mid,1,109800.0,Data Reliability Engineer Sr,Dayforce
1,1,1,9,0,5.0,0.0,0.0,0,0,1,0,0,0,1,0,0,0,Mid,1,80000.0,Senior Compliance Analyst - Enhanced Due Diligence (Remote),First Citizens Bank
0,1,3,5,0,4.0,0.0,0.0,0,0,1,0,0,0,1,0,0,0,Mid,1,88171.2,Financial Analyst III ( May underfill at a level II or I),Salt Lake City Corporation
0,1,1,8,0,11.0,2.0,0.1667,0,0,0,0,0,0,0,0,0,0,Mid,1,85988.125,"Analyst, BPM",S&P Global
0,1,3,0,0,6.0,0.0,0.0,0,0,1,0,0,0,0,0,0,0,High,2,122800.0,Senior Business Analyst,CGI
0,0,0,0,0,9.0,2.0,0.2,0,0,1,0,0,0,0,0,0,0,Low,0,45760.0,Business Analyst - Intern,CGI
0,1,3,8,0,6.0,0.0,0.0,1,1,0,1,1,1,1,0,0,0,High,2,140000.0,Business Intelligence Engineer III,Prolacta Bioscience
0,0,0,7,0,22.0,8.0,0.3478,0,0,1,0,0,1,0,0,0,1,Mid,1,93600.0,"Intern, Machine Learning",SoFi
0,1,2,8,0,7.0,0.0,0.0,0,0,1,0,0,0,0,0,0,0,High,2,145000.0,"Scientist, Cell Engineering","Sana Biotechnology, Inc."
0,1,1,8,0,4.0,0.0,0.0,0,0,1,0,0,0,0,0,0,0,Low,0,53497.6,Legal Assistant (Management Analyst I),CGI
0,1,1,8,0,5.0,1.0,0.1667,0,1,0,0,0,0,0,0,0,0,High,2,145000.0,Software Quality Assurance Engineer - Enterprise Data,Bloomberg
0,1,1,7,0,4.0,0.0,0.0,0,0,0,0,0,0,1,0,0,0,Mid,1,83532.79999999999,MLS / MLT,The US Oncology Network
0,1,1,2,0,6.0,1.0,0.1429,1,1,0,0,0,0,1,0,0,0,High,2,122800.0,AWS Data Engineer,CGI
1,1,1,8,0,4.0,0.0,0.0,0,0,1,0,0,0,0,0,0,0,Low,0,47403.2,Facilities Planning Analyst,Gordian
0,1,3,8,0,4.0,0.0,0.0,0,0,1,1,1,0,0,0,0,0,Mid,1,90500.0,ENTRUST Solutions Group - Project Controls Analyst - Electric Utilities,ENTRUST Solutions Group
0,1,3,8,0,5.0,0.0,0.0,0,0,1,1,0,0,1,0,0,0,High,2,143300.0,Sr. FP&A Analyst,Intuitive
0,1,1,8,0,8.0,0.0,0.0,0,0,0,0,0,0,0,0,0,0,High,2,142150.0,Application Production Support (NetUsage/Data Warehouse),AT&T
0,1,1,8,0,7.0,0.0,0.0,0,0,0,0,0,0,0,0,0,0,High,2,142150.0,Application Production Support (NetUsage/Data Warehouse),AT&T
0,1,1,9,0,5.0,0.0,0.0,0,0,1,0,0,0,0,0,0,0,Mid,1,60500.0,Senior Analyst - Corporate Operations Support,"GLOVIS America, Inc."
1,1,3,8,0,5.0,0.0,0.0,0,0,0,0,0,0,0,0,0,0,High,2,170000.0,Lead Ruby on Rails Engineer,Aha!
0,1,4,4,0,16.0,1.0,0.0588,0,0,1,0,0,0,1,0,0,0,High,2,215000.0,"Sr. Director, Data Governance",NBCUniversal
0,1,3,0,0,6.0,1.0,0.1429,0,0,0,0,0,0,0,0,0,0,Mid,1,81946.8,"Business Analyst, Cultural & Linguistic Department",AltaMed Health Services
0,1,3,8,0,2.0,0.0,0.0,0,0,1,0,0,0,0,0,0,0,Mid,1,115000.0,Investment Banking Analyst | Business Services,Houlihan Lokey
0,1,3,9,0,6.0,2.0,0.2857,1,1,1,1,1,1,0,0,0,1,High,2,172927.5,Senior Product Analyst,Postman
1,1,1,8,0,4.0,0.0,0.0,0,0,0,0,0,0,0,0,0,0,High,2,130000.0,Ruby on Rails Engineer,Aha!
0,1,3,8,0,8.0,0.0,0.0,0,0,1,0,0,0,0,0,0,0,Mid,1,67500.0,Benefits/HRIS Analyst,Fordham University
0,1,3,8,0,5.0,0.0,0.0,0,1,1,0,0,0,0,0,1,0,Mid,1,90000.0,Contract Operations Analyst,MetroPlusHealth
0,1,3,8,0,4.0,0.0,0.0,0,0,1,1,1,0,0,0,0,0,Mid,1,90500.0,ENTRUST Solutions Group - Project Controls Analyst - Electric Utilities,ENTRUST Solutions Group
0,1,3,8,0,4.0,0.0,0.0,0,0,1,0,0,0,0,0,0,0,High,2,148000.0,Space Operations Analyst with Security Clearance,ClearanceJobs
0,1,3,2,0,5.0,0.0,0.0,0,1,1,0,0,0,1,0,0,0,High,2,148492.5,Lead Cloud Online Data Engineer,U.S. Bank
0,1,2,8,0,3.0,0.0,0.0,0,0,0,0,0,0,0,0,0,0,Mid,1,80000.0,Board Certified Behavior Analyst (BCBA),RightWorks
1,1,1,8,0,373.0,31.0,0.0829,0,0,1,0,0,0,0,0,0,0,Low,0,32500.0,Data Entry Clerk,StarPRO - Better Data Instantly
0,0,3,8,0,4.0,0.0,0.0,0,0,0,0,0,0,0,0,0,0,Mid,1,110240.0,Clinical Laboratory Scientist - Part Time Microbiology,Labcorp
0,1,3,8,0,4.0,0.0,0.0,0,0,1,0,0,0,0,0,0,0,Mid,1,87500.0,Financial Reporting Analyst,Shane Co.
0,1,3,8,0,12.0,0.0,0.0,0,1,1,0,0,0,0,0,0,0,High,2,135504.0,Data & Analytics Organizational Change Management Analyst II,Brooks Running
0,1,3,8,0,4.0,0.0,0.0,0,0,0,0,0,0,0,0,0,0,Mid,1,110240.0,Clinical Laboratory Scientist - Microbiology,Labcorp
1,1,3,8,0,4.0,0.0,0.0,0,0,0,0,0,0,0,0,0,0,High,2,150000.0,Sr. Ruby on Rails Engineer (Frameworks),Aha!
0,1,3,8,0,5.0,0.0,0.0,0,0,1,0,0,0,0,0,0,0,Mid,1,103350.0,Operational Risk Review Testing Analyst - Technology,U.S. Bank
0,1,4,9,0,4.0,0.0,0.0,0,0,1,0,0,0,1,0,0,1,High,2,257650.0,"Senior Principal Scientist, Clinical Research, Hematology/Lymphoma",Merck
0,1,1,2,0,4.0,0.0,0.0,1,1,1,0,0,0,1,0,0,0,High,2,198650.0,VP Mgr-Data Engineering,Moody's Corporation
1,1,3,8,0,5.0,0.0,0.0,0,0,0,0,0,0,0,0,0,0,High,2,150000.0,Sr. Ruby on Rails Engineer (Knowledge),Aha!
0,0,3,7,0,3.0,0.0,0.0,0,0,0,0,0,0,0,0,0,0,Mid,1,63440.0,Immunology Technologist PAML,Labcorp
0,1,3,8,0,5.0,0.0,0.0,0,0,1,0,0,0,0,0,0,0,Mid,1,84435.0,Info Security Analyst 1,U.S. Bank
0,1,3,3,0,9.0,2.0,0.2,1,1,0,1,1,0,0,0,0,1,High,2,174600.0,Senior Principal Data Scientist,Northrop Grumman
0,1,1,8,0,8.0,0.0,0.0,1,1,0,0,0,1,0,0,0,0,High,2,167000.0,Central Investigations Analyst,Meta
0,1,1,8,0,4.0,0.0,0.0,1,1,0,0,0,1,0,0,0,0,High,2,167000.0,Central Investigations Analyst,Meta
0,1,1,8,0,5.0,0.0,0.0,0,0,1,0,0,0,1,0,0,0,High,2,187625.0,"Software Engineer, Data Streaming",TikTok
0,1,1,9,0,5.0,0.0,0.0,0,0,1,0,0,0,1,0,0,0,High,2,260775.0,"Senior Software Engineer, Data Streaming",TikTok
0,1,1,8,0,4.0,0.0,0.0,1,1,0,0,0,1,0,0,0,0,High,2,167000.0,Central Investigations Analyst,Meta
0,1,1,8,0,6.0,1.0,0.1429,0,0,1,0,0,0,1,0,0,0,High,2,197500.0,"Software Engineer, Data Streaming",TikTok
1,1,1,8,0,426.0,3.0,0.007,0,1,0,0,0,1,0,0,0,0,High,2,156500.0,Product Growth Analyst,Meta
0,1,3,8,0,4.0,0.0,0.0,0,1,1,0,0,0,1,1,0,0,Mid,1,102875.0,Engineer (Cloud Big Data / Scala / Spark) - Associate,Deutsche Bank
0,1,1,8,0,6.0,0.0,0.0,1,1,0,0,0,0,0,0,0,0,High,2,167500.0,Analytics Engineer - Finance,Hadrian
0,1,1,9,0,4.0,0.0,0.0,0,0,1,0,0,0,1,0,0,0,High,2,233520.0,"Senior Software Engineer, Data Streaming",TikTok
1,1,1,8,0,37.0,8.0,0.2105,0,0,0,0,0,0,0,0,0,0,Low,0,45000.0,SEO Analyst,One Firefly
0,1,1,6,0,4.0,0.0,0.0,0,0,0,0,0,1,0,0,0,1,High,2,243500.0,"Data Science Manager, Cross-Meta Integrity (XI) Measurement",Meta
1,1,2,0,0,4.0,0.0,0.0,0,0,1,0,0,0,1,0,0,0,Mid,1,102000.0,Business Analyst,Thomson Reuters
0,1,3,8,0,4.0,0.0,0.0,0,0,1,1,0,0,0,0,0,0,Mid,1,113350.0,"Analyst, VAS North America Sales and Commercial Operations",Visa
0,1,4,4,0,4.0,0.0,0.0,1,1,1,1,1,1,0,1,0,1,High,2,185500.0,"Director, Data Science & Advanced Analytics",Visa
0,1,3,8,0,4.0,0.0,0.0,0,0,1,1,0,0,0,0,0,0,Mid,1,113350.0,"Analyst, VAS North America Sales and Commercial Operations",Visa
0,1,3,8,0,4.0,0.0,0.0,0,0,1,0,0,0,0,0,0,0,Mid,1,77200.0,Platform Configuration Analyst,ProService Hawaii
0,1,1,8,0,5.0,0.0,0.0,0,0,1,0,0,0,0,0,0,1,High,2,143040.0,Eligibility and Benefits Data Section Chief (Hybrid Option),California Department of Health Care Services
0,1,3,9,0,4.0,0.0,0.0,0,1,0,1,0,0,1,0,0,0,High,2,135000.0,Senior Operations and Strategy Analyst,monday.com
0,0,1,8,0,4.0,0.0,0.0,0,0,0,0,0,0,0,0,0,0,Low,0,47840.0,Data Specialist,Randstad Digital Americas
1,1,1,8,0,3.0,0.0,0.0,0,0,1,0,0,0,0,0,0,0,Mid,1,60000.0,Insurance Analyst /Business Process Transactions,DXC Technology
0,0,1,8,0,2.0,0.0,0.0,1,0,1,0,0,0,1,0,0,0,High,2,142854.40000000002,Container Platform Reliability Engineer,Randstad Digital Americas
0,1,3,8,0,2.0,0.0,0.0,0,0,0,0,0,0,0,0,0,0,Low,0,47250.0,BCBA - Board Certified Behavior Analyst,BlueSprig
0,1,1,8,0,3.0,0.0,0.0,0,0,1,0,0,0,0,0,0,0,Low,0,39270.4,Legal Assistant (Management Analyst I),CGI
1,1,3,1,0,3.0,0.0,0.0,1,1,0,1,0,1,0,0,0,1,High,2,135000.0,Senior Data Analyst,EnergyHub
0,1,1,8,0,4.0,0.0,0.0,0,0,1,0,0,0,0,0,0,0,Low,0,45593.600000000006,Legal Assistant (Management Analyst I),CGI
0,1,1,8,0,4.0,0.0,0.0,0,0,1,0,0,0,0,0,0,0,Low,0,47840.0,Legal Assistant (Management Analyst I),CGI
0,1,3,9,0,4.0,0.0,0.0,0,0,0,0,0,0,0,0,0,0,Mid,1,93500.0,Business Assurance - Senior Analyst,Cummins Inc.
1,1,3,7,0,3.0,0.0,0.0,1,0,0,0,0,1,1,0,0,0,High,2,165000.0,Staff Machine Learning Engineer,Teladoc Health
0,1,3,9,0,3.0,0.0,0.0,0,0,1,0,0,0,0,0,0,0,High,2,128500.0,Senior Compensation Analyst,Rippling
1,1,1,8,0,5.0,0.0,0.0,0,0,0,0,0,0,0,0,0,0,Mid,1,96000.0,Quality Assurance Analyst - Electronic Health Records - Remote!,Talentify.io
1,1,3,8,0,5.0,0.0,0.0,0,1,0,1,1,0,1,0,0,0,Mid,1,90000.0,Data Reporting Analyst - 100% Remote,Talentify.io
1,1,5,8,0,3.0,0.0,0.0,0,0,0,0,0,0,0,0,0,0,High,2,300500.0,Distinguished Software Engineer Cryptography and Data Protection (REMOTE),Talentify.io
1,1,1,8,0,5.0,0.0,0.0,0,0,1,0,0,0,0,0,0,0,Low,0,52000.0,WORK FROM HOME - Service Desk Analyst II (Fully Remote),Talentify.io
1,1,3,0,0,3.0,0.0,0.0,1,1,1,1,1,0,0,0,0,0,High,2,150280.0,Business Analyst III - Tableau (Remote),Talentify.io
1,1,3,1,0,4.0,0.0,0.0,1,1,1,0,0,1,1,0,0,1,High,2,120000.0,Data Analyst IV (Remote),Talentify.io
0,1,3,8,0,3.0,0.0,0.0,0,0,1,0,0,0,0,0,0,0,Mid,1,64650.0,Applications Analyst I (Dental Informatics),University of Louisville
0,1,3,8,0,4.0,0.0,0.0,0,0,0,0,0,0,1,0,0,0,Mid,1,99383.5,Program Analyst (Rulemaking),Federal Aviation Administration
0,1,3,1,0,3.0,0.0,0.0,0,0,1,0,0,0,0,0,0,0,High,2,128500.0,Senior Compensation & People Data Analyst,Rippling
0,1,3,8,0,4.0,0.0,0.0,0,0,0,0,0,0,0,0,0,0,High,2,146203.5,Program Analyst (Rulemaking),Federal Aviation Administration
0,1,3,8,0,6.0,0.0,0.0,1,1,0,0,0,0,0,0,0,0,High,2,200000.0,Site Reliability Engineer,Oakland Search
0,1,1,5,0,4.0,0.0,0.0,0,1,1,0,0,0,0,0,0,0,Mid,1,98500.0,Financial Analyst 2,SLAC National Accelerator Laboratory
0,1,1,6,0,3.0,0.0,0.0,0,1,1,0,0,1,0,0,0,0,High,2,142000.0,"Project Manager, Product Data Operations",Meta
0,1,1,8,0,4.0,0.0,0.0,1,0,0,0,0,1,0,0,0,1,High,2,175500.0,"Research Scientist, AI for Science",Meta
0,1,2,8,0,5.0,0.0,0.0,0,0,1,0,0,0,1,0,0,0,Mid,1,100000.0,Payroll Analyst,Addition Management
0,1,1,8,0,4.0,0.0,0.0,0,0,0,0,0,1,0,0,0,0,High,2,145000.0,Full Stack Engineer - BigBox,Oculus VR
0,1,1,8,0,5.0,0.0,0.0,0,0,1,0,0,1,0,0,1,0,High,2,130998.5,SiteOps Data Center Capacity Engineer,Meta
0,1,1,6,0,4.0,0.0,0.0,0,1,1,0,0,1,0,0,0,0,High,2,142000.0,"Project Manager, Product Data Operations",Meta
0,1,1,7,0,4.0,0.0,0.0,0,0,0,0,0,1,0,0,0,0,High,2,198500.0,"Monetization Technical Program Manager, ML",Meta
0,1,1,6,0,4.0,0.0,0.0,0,1,1,0,0,1,0,0,0,0,High,2,142000.0,"Project Manager, Product Data Operations",Meta
0,0,2,8,0,4.0,0.0,0.0,0,0,1,0,0,0,0,0,0,0,Mid,1,60320.0,Billing Analyst,Proven Recruiting
1,1,1,8,0,4.0,0.0,0.0,0,0,0,0,0,1,0,0,0,0,High,2,145000.0,Full Stack Engineer - BigBox,Oculus VR
0,1,1,7,0,5.0,0.0,0.0,0,0,0,0,0,1,0,0,0,0,High,2,198500.0,"Monetization Technical Program Manager, ML",Meta
0,1,1,8,0,5.0,0.0,0.0,0,0,1,0,0,1,0,0,0,0,High,2,137000.0,"CREW Analyst (Civil, Regulatory & Electoral Workflows)",Meta
0,1,1,6,0,4.0,0.0,0.0,0,1,1,0,0,1,0,0,0,0,High,2,142000.0,"Project Manager, Product Data Operations",Meta
1,1,1,8,0,4.0,0.0,0.0,0,0,0,0,0,0,0,0,0,0,Mid,1,87500.5,Mobility Engineer,SAIC
0,1,1,8,0,3.0,0.0,0.0,0,0,0,0,0,0,0,0,0,0,Mid,1,84000.0,Board Certified Behavior Analyst (BCBA),The Job Network
0,1,3,8,0,4.0,0.0,0.0,0,1,1,1,0,0,0,0,0,0,Mid,1,78592.8,MEDSS Informatician - Research Scientist 1 or 2,Minnesota Department of Health
0,1,1,8,0,5.0,0.0,0.0,0,0,0,0,0,0,0,0,0,0,High,2,125000.0,Field Application Scientist – Next Generation Sequencing,Integrated DNA Technologies
0,1,2,8,0,5.0,0.0,0.0,0,0,1,0,0,0,0,0,0,0,Mid,1,75000.0,Tax Analyst,Venteon
0,1,3,7,0,3.0,0.0,0.0,0,0,0,0,0,0,0,0,0,0,Mid,1,77500.0,"IP and Bankruptcy Legal Assistant, AmLaw100 ",Plona Partners
0,1,3,7,0,6.0,0.0,0.0,0,0,0,0,0,0,0,0,0,0,Mid,1,87500.0,"Legal Secretary, AmLaw50 (Hybrid)",Plona Partners
0,1,3,7,0,2.0,0.0,0.0,0,0,1,0,0,0,0,0,0,0,Mid,1,110000.0,"Legal Marketing Specialist, Litigation (AmLaw20)",Plona Partners
1,1,2,2,0,3.0,0.0,0.0,0,1,0,0,0,0,1,0,0,0,High,2,125600.0,IT Sr Data Engineer Delivery,Fulton Bank
0,1,3,7,0,2.0,0.0,0.0,0,0,1,0,0,0,0,0,0,0,Mid,1,75000.0,"Legal Marketing Specialist, (AmLaw20)",Plona Partners
0,0,2,5,0,2.0,0.0,0.0,0,0,1,0,0,0,0,0,0,0,Low,0,43680.0,Financial Analyst,The Judge Group
0,1,3,3,0,3.0,0.0,0.0,1,1,1,1,0,1,1,1,0,1,High,2,132500.0,Senior Data Scientist,L.E.K. Consulting
1,1,1,8,0,6.0,0.0,0.0,0,1,1,1,0,0,0,0,0,0,Mid,1,105040.0,Industry Data Integration Analyst,Zillow
0,1,5,8,0,3.0,0.0,0.0,0,0,1,0,0,0,0,0,0,0,High,2,207500.0,"Assistant Vice President, Product Management & Operations, Data Sciences & Support",NYC Health + Hospitals
0,1,2,5,0,3.0,0.0,0.0,0,0,1,0,1,0,0,0,0,0,Mid,1,112500.0,Senior Financial Analyst,Cox Consulting Network
0,0,2,8,0,5.0,0.0,0.0,0,0,0,0,0,0,0,0,0,0,Low,0,42640.0,Data Coordinator,BCforward
0,1,1,4,0,1.0,0.0,0.0,0,0,0,0,0,0,0,0,0,0,Mid,1,105000.0,Senior Research Scientist/Lab Director,Unknown Company
0,0,3,1,0,2.0,0.0,0.0,0,1,1,0,0,0,0,0,0,0,Mid,1,95000.0,Sr Data Analyst,Solü Technology Partners
1,0,2,8,0,2.0,0.0,0.0,0,0,1,1,0,0,0,0,0,0,Mid,1,67600.0,Legal Analyst,eTeam
0,1,2,8,0,1.0,0.0,0.0,0,0,1,0,0,0,0,0,0,0,Mid,1,61500.0,Accounts Payable Analyst,Tasty Brands
0,1,3,8,0,3.0,1.0,0.25,0,0,0,0,0,0,0,0,0,0,Low,0,47500.0,Jr. Security Support Analyst,eNGINE
1,1,1,8,0,2.0,0.0,0.0,0,1,1,0,0,0,0,0,0,0,Mid,1,72400.0,Systems Analyst - REMOTE,CNO Financial Group
0,0,3,8,0,1.0,0.0,0.0,0,0,1,1,1,0,0,0,0,0,High,2,120640.0,Financial Planning Analyst,REQ Solutions
0,1,3,8,0,1.0,0.0,0.0,0,0,0,0,0,0,0,0,0,0,Mid,1,105000.0,EUC Engineer with Airwatch (Fulltime - Permanent),Net2Source Inc.
0,1,1,7,0,3.0,0.0,0.0,0,0,0,0,0,1,0,0,0,0,High,2,300000.0,Machine Learning Team Lead - Artificial Intelligence,Bloomberg
0,0,3,0,0,8.0,1.0,0.1111,0,1,0,0,0,0,0,0,0,0,Mid,1,88400.0,Business Analyst,SPECTRAFORCE
0,1,3,8,0,4.0,0.0,0.0,0,0,1,0,0,0,1,0,0,0,Mid,1,104000.0,Sr Analyst - Finance Technology,The Wendy's Company
1,1,3,9,0,2.0,0.0,0.0,1,0,0,0,0,0,0,0,0,0,Mid,1,74880.0,Senior Analyst: MMPA Support Services-Acoustics,"Ocean Associates, Inc."
0,1,1,2,0,1.0,0.0,0.0,1,1,0,0,0,0,0,1,0,0,High,2,175000.0,Data Engineer,GRANT PETERS ASSOCIATES
0,1,1,1,0,6.0,0.0,0.0,1,1,1,0,0,1,1,0,0,0,Mid,1,70000.0,Data Analyst (Junior),Lexical Intelligence
0,0,1,8,0,4.0,1.0,0.2,0,1,1,0,0,0,1,1,0,0,High,2,158080.0,Data Analytics Consultant / / Analytics - Data Contractor,"Pyramid Consulting, Inc"
0,1,3,8,0,4.0,0.0,0.0,1,1,0,0,0,0,0,1,0,0,High,2,202500.0,Azure Data Architect,Phaxis
1,1,1,1,0,2.0,0.0,0.0,0,0,1,0,0,0,1,0,0,0,Mid,1,77500.0,Junior Data Analyst,Coders Data
1,1,3,6,0,3.0,0.0,0.0,0,1,0,1,1,0,1,0,0,0,Mid,1,110000.0,Business Intelligence Manager (Remote),Net at Work
0,0,1,1,0,2.0,0.0,0.0,1,1,0,0,0,0,0,0,0,0,Mid,1,89440.0,Master Data Analyst,Revolution Technologies
0,1,1,8,0,4.0,0.0,0.0,0,0,0,0,0,0,0,0,0,0,High,2,145000.0,Principal IC Reliability Engineer,Alphawave Semi
0,1,3,8,0,3.0,0.0,0.0,0,0,0,0,0,0,0,0,0,0,Mid,1,68590.5,Management Analyst 3 (75638),Minnesota Pollution Control Agency
1,1,4,4,0,2.0,0.0,0.0,0,0,1,1,0,0,1,0,0,0,High,2,318000.0,"Sr Director, Global People Services & Analytics",Cloudflare
0,1,2,9,0,2.0,0.0,0.0,0,1,0,0,0,0,0,0,0,0,High,2,157500.0,Senior Credit Risk Analyst,Coda Search│Staffing
1,1,3,7,0,14.0,3.0,0.2,1,0,0,1,1,1,0,1,0,0,High,2,200000.0,Lead Machine Learning Engineer,Confidential Jobs
0,1,3,8,0,1.0,0.0,0.0,0,0,0,0,0,0,0,0,0,0,High,2,150000.0,Cyber Security Analyst,Procession Systems
0,1,2,8,0,0.0,0.0,0.0,0,0,0,0,0,0,0,0,0,0,Mid,1,85000.0,Tax Analyst,Atlantic Group
0,1,1,8,0,3.0,0.0,0.0,0,0,0,0,0,0,1,0,0,0,Mid,1,80475.0,Pricing Analyst - Hybrid,Eaton
0,1,1,8,0,2.0,0.0,0.0,1,0,1,0,0,0,1,0,0,0,High,2,142854.40000000002,Container Platform Reliability Engineer,Dice
1,1,3,8,0,2.0,0.0,0.0,1,1,0,0,0,0,0,1,0,0,High,2,140000.0,Azure Data Architect - Remote_Fulltime,Dice
0,1,3,3,0,2.0,0.0,0.0,0,0,0,0,0,1,0,0,0,0,High,2,225000.0,Data Scientist,hackajob
0,1,3,3,0,1.0,0.0,0.0,0,0,0,0,0,1,0,0,0,0,High,2,225000.0,Data Scientist,hackajob
1,1,1,1,0,3.0,0.0,0.0,1,1,1,1,0,0,0,0,0,0,Mid,1,100000.0,Energy Policy & Data Analyst,Sunnova Energy
0,1,3,6,0,3.0,0.0,0.0,0,0,0,0,0,0,1,0,0,0,High,2,123000.0,Data Science Manager - GPS with Security Clearance,ClearanceJobs
0,1,3,8,0,1.0,0.0,0.0,0,0,1,0,0,0,0,0,0,0,Mid,1,77500.0,Mid Level Wetland Scientist,Soundview Consultants LLC
0,1,1,8,0,3.0,0.0,0.0,0,1,0,0,0,0,1,0,0,0,Mid,1,97760.0,Technical Analyst Mid.,Dice
0,1,3,6,0,2.0,0.0,0.0,0,0,0,0,0,0,0,0,0,0,High,2,160000.0,Maintenance Engineering Manager,Confidential Manufacturing  Company
0,1,3,7,0,3.0,0.0,0.0,0,0,0,0,0,1,0,0,0,0,High,2,225000.0,Machine Learning Engineer,hackajob
1,1,1,9,0,5.0,0.0,0.0,0,0,0,0,0,1,1,0,0,0,High,2,147424.0,Senior AI Deep Learning Engineer - REMOTE,Dice
0,1,1,8,0,1.0,0.0,0.0,0,0,1,0,0,0,0,0,0,0,Mid,1,70000.0,Tax Analyst,Atlantic Group
1,1,3,8,0,3.0,0.0,0.0,1,0,0,0,0,0,0,0,0,0,High,2,185000.0,Staff Software Engineer | Blockchain Startup,Selby Jennings
0,1,3,8,0,3.0,0.0,0.0,1,0,1,0,0,1,0,0,0,1,High,2,135000.0,Data Science Analyst - Full Time,Zyxware Technologies
1,0,1,2,0,243.0,128.0,0.5246,1,1,1,0,1,0,1,0,0,0,High,2,145600.0,Data Engineer / Power BI Developer,"Triumph Innovation, LLC"
0,1,1,8,0,4.0,0.0,0.0,0,0,1,0,0,0,1,0,0,0,Mid,1,70000.0,Tax Analyst,Atlantic Group
1,1,3,8,0,26.0,6.0,0.2222,1,1,0,1,0,0,0,0,0,0,High,2,192500.0,Adobe Customer Journey Analytics (CJA) Strategist ,CVS Health
0,1,3,8,0,9.0,1.0,0.1,0,0,0,0,0,0,0,0,0,0,Mid,1,69326.4,Applications Analyst I,United Health Services
0,1,4,4,0,2.0,0.0,0.0,0,0,1,0,0,0,0,0,0,1,High,2,230000.0,"Director/Senior Director, Clinical Data Management (Hybrid)",Real Staffing
1,0,3,8,0,0.0,0.0,0.0,0,0,1,0,0,0,1,0,0,0,Mid,1,104000.0,Proposal & Technical Marketing Analyst – 100% REMOTE,Amerit Consulting
0,1,3,8,0,12.0,1.0,0.0769,0,0,1,0,0,0,0,0,0,0,High,2,150000.0,Investment Analyst,GQG Partners
0,1,3,8,0,3.0,0.0,0.0,0,0,0,0,0,0,0,0,0,0,Mid,1,77500.0,Export Control Analyst,Tekskills Inc.
0,1,2,9,0,1.0,1.0,0.5,1,1,0,0,0,0,0,0,0,0,Mid,1,105996.8,Senior Oracle Database Administrator (Senior Information Technology Systems Specialist),City of Phoenix
0,1,1,8,0,16.0,2.0,0.1176,0,0,1,0,0,0,0,0,0,0,Low,0,55000.0,Energy Analyst,Stanwich Energy
0,0,3,1,0,75.0,26.0,0.3421,0,1,0,1,0,0,0,1,0,0,Mid,1,119600.0,Data Analyst or Data Product Manager (Native US Citizens Only),Info Way Solutions
0,0,3,8,0,10.0,1.0,0.0909,0,0,0,0,0,0,0,0,0,0,High,2,202800.0,Risk Data Governance consultant,Motion Recruitment
1,0,3,2,0,50.0,26.0,0.5098,1,1,0,0,0,0,1,0,0,0,High,2,156000.0,Lead Data Engineer,Harnham
1,0,3,2,0,119.0,48.0,0.4,1,0,0,0,0,0,1,0,0,0,High,2,156000.0,Senior Data Engineer,Harnham
1,1,1,8,0,7.0,0.0,0.0,1,1,1,0,1,0,0,0,0,0,Mid,1,100000.0,Business Intelligence Specialist,Red-D-Arc
0,1,3,8,0,27.0,5.0,0.1786,0,1,0,1,0,0,1,0,0,1,High,2,174800.0,Lead Power BI Analyst,McKesson
0,1,2,8,0,14.0,3.0,0.2,0,0,1,0,0,0,0,0,0,0,Mid,1,61360.0,Accounts Receivable Analyst,Sterling Foods
0,1,1,8,0,10.0,0.0,0.0,0,0,1,0,0,0,0,0,0,0,Mid,1,75000.0,Laboratory Data Reviewer ,Godshall Recruiting
0,0,3,5,0,17.0,0.0,0.0,0,0,1,0,1,0,0,0,0,0,High,2,140400.0,Financial Analyst,Motion Recruitment
0,1,3,8,0,5.0,0.0,0.0,0,0,1,0,0,0,0,0,0,0,Mid,1,108484.0,Sr. Civil Engineer – Mobility Infrastructure,City of Fort Worth
0,1,3,7,0,4.0,0.0,0.0,0,0,1,0,0,0,0,0,0,0,Mid,1,87000.0,Medical Laboratory Technologist/Scientist (MLT/MLS),Connected Health Care
1,0,3,1,0,330.0,157.0,0.4743,1,1,1,1,0,0,0,0,0,0,Mid,1,85280.0,Data Analyst,Vertisystem
0,1,2,8,0,7.0,2.0,0.25,0,0,0,0,0,0,0,0,0,0,Mid,1,76860.95999999999,Cybersecurity Analyst II,Texas Health and Human Services
0,1,1,8,0,25.0,3.0,0.1154,0,0,1,0,0,0,0,0,0,0,Mid,1,92500.0,"Analyst, Investment Professional","Crestline Investors, Inc."
0,1,2,8,0,9.0,1.0,0.1,0,0,0,0,0,0,0,0,0,0,Low,0,45000.0,Technical Project Analyst,Javitch Block LLC
0,1,1,8,0,663.0,59.0,0.0889,0,0,1,0,0,0,0,0,0,0,High,2,200000.0,Real Estate Investments – Analyst,Regis
0,0,3,8,0,23.0,0.0,0.0,0,1,0,0,0,0,0,0,0,0,Mid,1,111280.0,Quality Assurance Analyst,"Quantix, Inc."
0,1,3,8,0,12.0,3.0,0.2308,0,0,1,0,0,0,0,0,0,0,Mid,1,83500.0,Operations Analyst,Amwell
0,0,3,8,0,30.0,4.0,0.129,0,0,0,0,0,0,0,0,0,0,High,2,228800.0,SAP System Analyst,Gentis Solutions
0,0,3,5,0,31.0,6.0,0.1875,0,0,0,1,0,0,0,0,0,0,Mid,1,107120.0,Financial Analyst,Randstad USA
0,1,2,8,0,48.0,18.0,0.3673,0,0,1,0,0,0,0,0,0,0,High,2,155000.0,Real Estate Acquisitions Analyst ,Coda Search│Staffing
0,0,3,8,0,18.0,1.0,0.0526,0,0,1,0,0,0,0,0,0,0,High,2,154960.0,Cyber Security Analyst (Vulnerability/Assessment/Threat Modeling/DoD/NSA) (Medical Device/Pharma/Biotech),Rangam
0,1,2,8,0,13.0,0.0,0.0,0,0,0,0,0,0,0,0,0,0,High,2,175000.0,"Life Sciences and Biopharma Analyst, Event-Driven Investment Fund (Hybrid Suburban NY)",Robin Judson Partners
1,0,3,8,0,177.0,41.0,0.2303,0,0,0,0,0,0,1,0,0,0,High,2,150800.0,Cybersecurity Analyst (Medical Device Domain required - only W2),SPECTRAFORCE
0,1,2,8,0,19.0,2.0,0.1,0,0,0,0,0,0,0,0,0,0,High,2,155000.0,"Energy & Infrastructure Analyst, Credit Opportunities Fund",Robin Judson Partners
0,1,2,8,0,14.0,1.0,0.0667,0,0,1,0,0,0,1,0,0,0,Mid,1,100000.0,"Regional Analyst, Accounting",Covenant Living Communities and Services
1,1,3,8,0,19.0,6.0,0.3,1,1,1,0,0,0,0,1,0,0,High,2,155000.0,Data Architect,Volto Consulting
0,0,1,8,0,9.0,0.0,0.0,0,0,1,0,0,0,0,0,0,0,Mid,1,89440.0,Phd biomedical Engineer,ML OUTSOURCING SERVICES PRIVATE LIMITED
0,1,1,0,0,0.0,0.0,0.0,0,0,1,0,0,0,0,0,0,0,Low,0,46800.0,Accounting and Business Analyst,Energy Swing Windows
0,1,3,8,0,3.0,0.0,0.0,0,0,0,0,0,0,0,0,0,0,Mid,1,77562.5,Junior Imagery Analyst,Leidos
0,1,1,8,0,4.0,0.0,0.0,0,0,1,0,0,0,0,0,0,0,Mid,1,75000.0,Geologist or Scientist,SCS Engineers
1,1,3,9,0,3.0,0.0,0.0,0,0,1,0,0,0,0,0,0,0,Mid,1,100175.0,"Senior Analyst, Human Resources Technology",MillerKnoll
0,1,1,8,0,4.0,0.0,0.0,0,0,0,0,0,0,0,0,0,0,Low,0,55000.0,Service Desk Analyst I,Relativity
0,1,3,2,0,1.0,0.0,0.0,1,1,1,0,0,0,0,0,0,1,High,2,174350.0,Data Engineering Lead (Permanent Direct Hire),Bayforce
0,0,3,8,0,3.0,0.0,0.0,0,0,0,0,0,0,0,0,0,0,Mid,1,104000.0,Business Systems Analyst,Dice
1,0,3,8,0,1.0,0.0,0.0,0,0,1,0,0,0,0,0,0,0,High,2,165000.0,"Pricing Analyst, Principal (Government Contracting) - Remote",AMERICAN SYSTEMS
1,0,3,8,0,8.0,1.0,0.1111,0,0,1,1,1,0,0,0,0,0,High,2,126880.0,Financial Planning Analyst,REQ Solutions
0,0,3,8,0,5.0,0.0,0.0,0,0,1,0,0,0,0,0,0,0,Mid,1,104000.0,Sr Product Analyst,Apex Systems
0,1,3,8,0,0.0,0.0,0.0,0,1,0,0,0,0,0,0,0,0,High,2,145000.0, SR SQL Server Database Developer,Solü Technology Partners
1,0,3,8,0,4.0,0.0,0.0,0,0,1,0,0,0,0,0,0,0,High,2,147500.0,"Pricing Analyst, Associate Principal (Government Contracting) - Remote",AMERICAN SYSTEMS
1,1,3,8,0,2.0,0.0,0.0,0,0,0,0,0,0,1,0,0,0,High,2,122500.0,"Sr. Benefits Analyst, Compliance (Remote)",Nordstrom
0,1,1,4,0,5.0,0.0,0.0,0,0,0,0,0,0,0,0,0,0,High,2,293335.0,"Managing Director, Data & AI Business Innovation",Salesforce
0,1,1,9,0,2.0,0.0,0.0,0,0,0,0,0,0,0,0,0,0,High,2,169089.655,Senior Scheduler & Claims Analyst,HNTB
0,1,1,8,0,4.0,0.0,0.0,0,0,1,0,0,0,0,0,0,0,Mid,1,88539.975,Project Analyst,HNTB
1,0,3,8,0,5.0,0.0,0.0,1,1,0,0,0,0,0,0,0,0,Mid,1,85280.0,Database Software Engineer,Rangam
0,1,3,8,0,4.0,0.0,0.0,0,0,1,0,0,0,1,0,0,0,High,2,125000.0,Compliance Analyst - Marketing Review,Galaxy
1,1,3,9,0,3.0,0.0,0.0,0,0,0,0,0,0,0,0,0,0,Mid,1,84550.0,Senior Analyst-Regulatory Strategy & Financial Analysis,TDS Telecommunications LLC
1,0,3,8,0,3.0,0.0,0.0,0,0,1,0,0,0,0,0,0,0,Mid,1,115000.0,"Pricing Analyst, Lead (Government Contracting) - Remote",AMERICAN SYSTEMS
1,1,3,1,0,5.0,0.0,0.0,0,1,1,0,0,0,0,0,0,0,Mid,1,91100.0,Senior Healthcare Data Analyst,Medica
0,1,1,8,0,3.0,0.0,0.0,0,0,1,0,0,0,1,0,0,0,Mid,1,84791.2,Credit Analyst II Corporate Banking,City National Bank
0,1,1,8,0,3.0,0.0,0.0,0,1,0,0,0,0,0,0,0,0,High,2,244250.0,"Staff Software Engineer, Database Infrastructure",Box
0,1,3,9,0,4.0,0.0,0.0,0,0,0,0,0,0,0,0,0,0,High,2,142350.0,Senior Cyber Intelligence Analyst,Leidos
0,1,3,3,0,2.0,0.0,0.0,0,0,0,0,0,1,0,0,0,0,High,2,223600.0,Data Scientist,Apt
0,1,1,8,0,3.0,0.0,0.0,0,0,1,0,0,0,0,0,0,0,Mid,1,84791.2,Jr. Process Analyst,City National Bank
1,1,3,1,0,9.0,0.0,0.0,1,1,0,0,1,0,0,0,0,0,High,2,125050.0,Data Analyst | Power BI (Remote),Trace3
1,1,1,8,0,17.0,3.0,0.1667,0,0,1,0,0,0,0,0,0,0,Low,0,31000.0,Data Entry Clerk,StarPRO - Better Data Instantly
0,1,2,8,0,2.0,0.0,0.0,0,0,1,0,0,0,0,0,0,0,Mid,1,75000.0,Board Certified Behavior Analyst,RightWorks
0,1,1,8,0,3.0,0.0,0.0,0,0,1,0,0,0,0,0,0,0,Mid,1,62500.0,AP Analyst,Dexter Magnetic Technologies
1,1,3,8,0,3.0,0.0,0.0,0,0,0,0,0,0,1,0,0,0,High,2,125500.0,Sr. Treasury Analyst,"Hunter Douglas, Inc."
1,1,1,1,0,4.0,0.0,0.0,1,1,1,1,1,1,0,0,0,0,Mid,1,70000.0,Data Analyst,PrimePay
0,1,3,9,0,4.0,0.0,0.0,1,1,1,1,1,0,0,1,0,1,High,2,121500.0,Senior Growth Analyst,Procter & Gamble
0,1,0,8,0,4.0,0.0,0.0,0,0,1,0,0,0,0,0,0,0,Low,0,57200.0,Summer Internship 2024 - Data Systems Instrumentation Intern,PACCAR Technical Center
1,1,3,8,0,5.0,0.0,0.0,0,0,1,0,0,0,0,0,0,1,Low,0,45718.4,CAFE Fraud Analyst - Bilingual Japanese and English,U.S. Bank
0,1,2,8,0,4.0,0.0,0.0,0,0,1,0,0,0,1,0,0,0,Low,0,52050.0,Benefits Analyst (Consumer Benefit Solutions),Aon
0,1,3,9,0,3.0,0.0,0.0,0,0,1,0,1,0,0,0,0,1,Mid,1,119700.0,"Senior Analyst, Fulfillment Planning",lululemon
1,1,3,9,0,5.0,0.0,0.0,0,1,1,1,0,0,0,0,0,1,Mid,1,88750.0,Senior Analyst Business Operations,Cotiviti
0,1,1,8,0,4.0,0.0,0.0,0,0,0,0,0,0,0,0,0,0,Low,0,49920.0,Bioanalytical Team Analyst I LC-MS preferred,Labcorp
0,0,3,0,0,4.0,0.0,0.0,0,1,1,0,0,0,0,0,0,0,Mid,1,118560.0,Sr. Business Analyst,Beacon Hill Staffing Group
0,1,2,8,0,3.0,0.0,0.0,0,0,0,0,0,0,1,0,0,0,Low,0,46000.0,"Analyst, Case Management Control",Aon
1,1,1,8,0,4.0,0.0,0.0,0,1,1,0,0,0,0,0,0,0,Mid,1,105250.0,Data Integration Specialist Analytic IT,Cotiviti
0,1,3,5,0,4.0,0.0,0.0,0,0,1,0,1,0,1,0,0,0,High,2,125750.0,Financial Analyst IV/V - Lab Support,National Renewable Energy Laboratory
0,1,1,5,0,4.0,0.0,0.0,0,0,1,0,0,0,0,0,0,0,Mid,1,77500.0,Financial Analyst,Fuse3 Solutions
0,1,3,8,0,2.0,0.0,0.0,0,0,1,0,0,0,1,0,0,0,Mid,1,79205.0,"Analyst, Store Strategy and Method Improvements","Ross Stores, Inc."
1,1,3,7,0,7.0,0.0,0.0,1,0,1,0,0,0,0,0,0,0,Mid,1,112000.0,Junior AI/ML Software Engineer,ECS
0,1,2,8,0,3.0,0.0,0.0,0,0,1,0,0,0,1,0,0,0,High,2,132350.0,"Scientist, Discovery Chemistry",Merck
0,1,3,2,0,3.0,0.0,0.0,1,1,0,1,1,1,0,1,0,1,High,2,151873.5,Sr Data Engineer,General Mills
0,1,3,9,0,2.0,0.0,0.0,0,0,0,0,0,0,0,0,0,0,Mid,1,98772.0,Senior Environmental Scientist (Specialist),CalRecycle
0,1,1,8,0,4.0,0.0,0.0,0,0,0,0,0,0,0,0,0,0,Mid,1,85000.0,Board Certified Behavior Analyst (BCBA),The Job Network
0,1,1,8,0,5.0,0.0,0.0,0,0,0,0,0,0,0,0,0,0,Mid,1,82500.0,Board Certified Behavior Analyst (BCBA),The Job Network
0,1,1,8,0,5.0,0.0,0.0,0,0,0,0,0,0,0,0,0,0,Mid,1,76500.0,Board Certified Behavior Analyst (BCBA),The Job Network
0,1,1,8,0,4.0,0.0,0.0,1,1,1,1,1,0,1,0,0,1,Mid,1,62128.0,"Data Visualization Analyst, Dell Medical School",The University of Texas at Austin
0,1,2,8,0,8.0,1.0,0.1111,0,0,1,0,0,0,0,0,0,0,Mid,1,98425.0,Associate Analyst Client Consulting,Visa
1,1,2,9,0,3.0,0.0,0.0,0,0,1,0,0,0,0,0,0,0,High,2,135000.0,Senior HRIS Analyst - SuccessFactors,Chobani
0,1,1,8,0,4.0,0.0,0.0,0,0,0,0,0,0,0,0,0,0,Mid,1,79500.0,Board Certified Behavior Analyst (BCBA),The Job Network
0,1,3,0,0,2.0,0.0,0.0,0,0,1,0,0,0,0,0,0,0,Mid,1,108850.0,"Business Analyst, Retirement & Pension - Consulting",Cognizant
0,1,1,8,0,1.0,0.0,0.0,0,0,0,0,0,0,0,0,0,0,Mid,1,76788.0,Associate Governmental Program Analyst,CalRecycle
0,1,1,8,0,4.0,0.0,0.0,0,0,0,0,0,0,0,0,0,0,Mid,1,84000.0,Board Certified Behavior Analyst (BCBA),The Job Network
0,0,3,1,0,0.0,0.0,0.0,0,1,1,0,0,0,0,0,0,1,High,2,179920.0,Data Analyst,orangepeople
0,1,1,8,0,4.0,0.0,0.0,0,0,0,0,0,0,0,0,0,0,Mid,1,79500.0,Board Certified Behavior Analyst (BCBA),The Job Network
0,1,1,8,0,4.0,0.0,0.0,0,0,0,0,0,0,0,0,0,0,Mid,1,87500.0,Board Certified Behavior Analyst (BCBA),The Job Network
0,0,0,7,0,3.0,0.0,0.0,1,0,0,0,0,1,0,0,0,1,Mid,1,98800.0,"REQ23-842 Intern, AIML Multi-GPU Tensorflow Wireless Model Development","InterDigital, Inc."
0,1,1,9,0,4.0,0.0,0.0,0,0,0,0,0,0,0,0,0,0,Mid,1,81187.12,Senior Business Analytics & Reporting Analyst--Operations,M&T Bank
0,1,1,9,0,4.0,0.0,0.0,0,0,0,0,0,0,0,0,0,0,Mid,1,81187.12,Senior Business Analytics & Reporting Analyst--Technology,M&T Bank
0,1,3,8,0,2.0,0.0,0.0,0,0,1,0,0,0,0,0,0,0,Mid,1,76788.0,Invoice Reconciliation Analyst,CalRecycle
0,1,1,8,0,3.0,0.0,0.0,0,0,1,0,0,0,0,0,0,0,Mid,1,112500.0,CNC / Robotics Maintenance Engineer,Hadrian
0,1,1,8,0,4.0,0.0,0.0,0,0,0,0,0,0,0,0,0,0,Mid,1,76500.0,Board Certified Behavior Analyst (BCBA),The Job Network
0,1,3,9,0,4.0,0.0,0.0,1,1,1,0,0,1,0,1,0,1,High,2,178125.0,Senior Manager of Data Science,Visa
0,0,1,8,0,2.0,0.0,0.0,0,0,0,0,0,0,1,0,0,1,Low,0,52000.0,JSG - Research Engineering Scientist Assistant,The University of Texas at Austin
0,1,4,4,0,3.0,0.0,0.0,0,0,1,0,0,0,0,0,0,0,High,2,237275.0,Sr Director - Consulting & Analytics - Nationals segment,Visa
0,1,3,9,0,4.0,0.0,0.0,0,0,0,1,0,0,0,0,0,0,High,2,159125.0,"Senior Manager Risk Practice, Credit Risk - Visa Consulting and Analytics",Visa
0,1,3,7,0,4.0,0.0,0.0,0,0,1,0,0,0,1,0,0,0,Mid,1,98865.0,Audit Manager I AML,TD
0,1,3,8,0,4.0,0.0,0.0,1,1,1,0,0,0,0,0,0,1,Mid,1,104243.5,R&D Analyst II,Mercury Insurance
0,1,4,4,0,4.0,0.0,0.0,0,0,1,0,0,0,0,0,0,0,High,2,237275.0,Sr Director - Consulting & Analytics - Nationals segment,Visa
0,0,3,9,0,1.0,0.0,0.0,0,1,1,1,0,0,0,0,0,0,High,2,137280.0,Senior Business Intelligence Developer,Solugenix
0,1,3,8,0,3.0,0.0,0.0,0,0,0,0,0,0,0,0,0,0,Mid,1,86570.0,Program Control Analyst II (Hybrid),"BAE Systems, Inc."
0,1,1,8,0,4.0,0.0,0.0,0,0,1,0,0,0,0,0,0,0,Mid,1,68550.0,Data Entry Analyst,RR Donnelley
0,1,2,8,0,2.0,0.0,0.0,0,0,1,0,0,0,0,0,0,0,Mid,1,109000.0,Product Transfer Scientist II,Abbott
0,1,1,8,0,3.0,0.0,0.0,0,0,1,0,0,0,0,0,0,0,Mid,1,76788.0,ASSOCIATE GOVERNMENTAL PROGRAM ANALYST,California Department of State Hospitals
0,1,1,8,0,2.0,0.0,0.0,0,0,1,0,0,0,0,0,0,0,Mid,1,78078.0,Admin Support Unit Analyst,California Department of Health Care Services
0,1,3,0,0,2.0,0.0,0.0,0,0,1,0,0,0,0,0,0,0,High,2,140050.0,"Senior Business Analyst, Retirement & Pension - Consulting",Cognizant
1,1,1,5,0,4.0,0.0,0.0,0,0,1,0,0,0,0,0,0,0,Mid,1,110000.0,"Senior Financial Analyst, Technology Business Management - USA Remote",Danaher Corporation
0,1,4,8,0,3.0,0.0,0.0,1,1,1,0,0,0,1,0,0,0,High,2,180600.0,Lead Systems Engineer - Container Infrastructure,Visa
1,1,3,1,0,3.0,0.0,0.0,0,1,1,1,1,0,0,0,0,0,High,2,130000.0,Senior Data Analyst,Huntress
0,1,3,9,0,3.0,0.0,0.0,0,0,1,0,0,0,0,0,0,0,Mid,1,109065.0,"Licensed Clinician, Senior- Board Certified Behavior Analyst (BCBA)",Blue Shield of California
0,1,1,3,0,4.0,0.0,0.0,1,0,0,0,1,1,0,0,0,1,Mid,1,119550.0,Data Scientist,International Paper
0,1,1,8,0,4.0,0.0,0.0,0,0,1,0,0,0,1,0,0,0,Mid,1,95000.0,Contracts Analyst,Workday
1,1,3,0,0,3.0,0.0,0.0,0,0,1,0,0,0,0,0,0,0,High,2,132000.0,IT Business Analyst,KeyBank
0,1,1,8,0,2.0,0.0,0.0,0,0,0,0,0,0,0,0,0,0,Mid,1,78078.0,Intake Analyst (Hybrid),California Department of Health Care Services
1,1,1,8,0,5.0,0.0,0.0,0,0,1,0,0,0,0,0,0,0,Mid,1,70000.0,"Analyst, Shopper Marketing- Mass, Club, Dollar",Danone
0,0,3,8,0,3.0,0.0,0.0,0,1,0,0,0,0,1,0,0,0,High,2,166400.0,PeopleSoft FSCM Analyst (NO C2C),Amerit Consulting
0,1,3,8,0,4.0,0.0,0.0,0,0,1,0,0,0,0,0,0,0,Mid,1,110000.0,Investment Banking Analyst,Siebert Williams Shank
0,0,2,8,0,3.0,1.0,0.25,0,0,1,0,0,0,1,0,0,0,High,2,135200.0,Data Privacy Analyst,Legal.io
1,1,3,7,0,4.0,0.0,0.0,1,1,1,1,0,0,0,0,0,0,High,2,160992.0,Senior Manager AML Analytics and Insights,TD
0,1,1,8,0,3.0,0.0,0.0,0,0,1,0,0,0,1,0,0,0,High,2,124200.0,Reliability Engineer Mechanical,International Paper
0,0,1,5,0,4.0,0.0,0.0,0,0,1,0,0,0,0,0,0,0,Mid,1,93887.5,EPM Financial Analyst I,Navy Federal Credit Union
0,1,3,9,0,5.0,0.0,0.0,0,0,0,0,0,0,0,0,0,0,Mid,1,90480.0,Senior Finance Analyst (US),TD
1,1,3,7,0,3.0,0.0,0.0,1,0,1,1,0,1,0,0,0,0,High,2,160992.0,Senior Manager AML Advanced Analytics,TD
0,1,1,8,0,1.0,0.0,0.0,0,0,1,0,0,0,1,0,0,0,Mid,1,83200.0,Biomedical Complaints Engineer,"Infosoft, Inc."
0,1,1,8,0,4.0,0.0,0.0,0,0,0,0,0,0,0,0,0,0,Low,0,45760.0,Data Center Flex Officer - Open Availability,"Securitas Security Services USA, Inc."
0,0,3,2,0,5.0,1.0,0.1667,1,1,1,0,0,0,1,0,0,1,High,2,135200.0,Data Engineer II,Advantis Global is becoming INSPYR Solutions
1,1,3,8,0,4.0,0.0,0.0,1,1,1,1,1,0,0,0,0,0,Mid,1,95000.0,Financial Business Intelligence Developer,POWER Engineers
0,1,3,8,0,4.0,0.0,0.0,0,0,0,0,0,0,0,0,0,0,Mid,1,76788.0,TRAINING ANALYST (LEAD),California Department of Forestry and Fire Protection (CAL FIRE)
0,0,3,8,0,4.0,0.0,0.0,0,0,1,0,0,0,1,0,0,0,Mid,1,85280.0,Compliance Analyst I,Navy Federal Credit Union
0,0,1,5,0,5.0,0.0,0.0,0,0,1,0,0,0,0,0,0,0,Mid,1,93887.5,EPM Financial Analyst I,Navy Federal Credit Union
0,0,1,5,0,4.0,0.0,0.0,0,0,1,0,0,0,0,0,0,0,Mid,1,93887.5,EPM Financial Analyst I,Navy Federal Credit Union
0,1,3,2,0,2.0,0.0,0.0,1,1,1,1,1,0,0,0,0,1,High,2,174000.0,Data Engineering Lead,Unknown Company
0,1,3,5,0,4.0,0.0,0.0,1,0,1,0,0,0,0,0,0,0,Mid,1,80000.0,Financial Analyst,POWER Engineers
0,1,3,6,0,2.0,0.0,0.0,0,0,1,0,0,0,0,0,0,0,Low,0,50000.0,Manager Space and Assortment Analytics,Advantage Solutions
0,0,1,3,0,5.0,0.0,0.0,1,1,1,0,0,1,1,0,0,1,High,2,163900.0,Principal Data Scientist (Credit Risk & Decision Science),Navy Federal Credit Union
1,0,3,9,0,3.0,0.0,0.0,0,1,1,1,0,0,0,0,0,0,High,2,137280.0,Senior Business Intelligence Developer,Solugenix
0,0,3,7,0,3.0,0.0,0.0,0,0,1,0,0,0,0,0,0,0,High,2,177375.0,"Manager, BSA/AML Compliance",Navy Federal Credit Union
0,0,3,8,0,4.0,0.0,0.0,0,0,1,0,0,0,1,0,0,0,Mid,1,85280.0,Compliance Analyst I,Navy Federal Credit Union
